{"_source":"State of Hawaiʻi Statewide GIS Program https://geodata.hawaii.gov/arcgis/rest/services/HistoricCultural/MapServer/3; item https://www.arcgis.com/home/item.html?id=cccddcec38bf4e0ea5516b17d6b104cf; GeoJSON query https://geodata.hawaii.gov/arcgis/rest/services/HistoricCultural/MapServer/3/query?where=mokupuni%3D%27O%27%27ahu%27&outFields=moku%2Cmokupuni%2Cother%2Cgisacres&returnGeometry=true&outSR=4326&f=geojson","_retrieved":"2026-07-20","_attribution":"Hawaiʻi State Historic Preservation Division; Office of Hawaiian Affairs; Hawaiʻi Statewide GIS Program. Upstream query SHA-256: 30f212d1de4a328ae86175f50d3c6bdfb1e6ae360a5cbc402ed44bc5b2202b27.","_license":"Public domain, per the official ArcGIS item licenseInfo: “The contents of this web page are public domain and to the extent indicated otherwise in the Terms of Use, are exempt from Terms of Use policy restrictions.” No expressed warranties; the GIS data does not represent or confer legal boundaries or claims. State Terms of Use: https://portal.ehawaii.gov/page/terms-of-use/","type":"FeatureCollection","features":[{"type":"Feature","geometry":{"type":"Polygon","coordinates":[[[-157.98319333196764,21.71205225965845],[-157.98350546362965,21.71260297954227],[-157.983764771762,21.71267458217702],[-157.98410667751762,21.712685712330305],[-157.98447809565974,21.712796394021506],[-157.98457802525752,21.712763129442077],[-157.98453070209175,21.712532477326693],[-157.98436036472037,21.712267193515274],[-157.98432442371038,21.71196433943537],[-157.984312987026,21.711700029367595],[-157.9841893335996,21.71158409085682],[-157.9841996539108,21.71138557935139],[-157.9843422956076,21.711225932991823],[-157.98461345749587,21.711071760722618],[-157.98460165790024,21.710945214573922],[-157.9843714761772,21.710769902583557],[-157.98431983686032,21.710647732178188],[-157.9842240813476,21.710421196167495],[-157.98421415358436,21.71006657761211],[-157.98420669071288,21.709800013508783],[-157.98427742073133,21.70953620695597],[-157.9845245400062,21.70936381965828],[-157.98502556772388,21.709054933587165],[-157.98533193768068,21.70881995817186],[-157.98546716847804,21.708576872017414],[-157.98599766474857,21.708230056601177],[-157.98653395744384,21.707745508556783],[-157.9869169665481,21.707321000351524],[-157.98722328294934,21.707063148926117],[-157.98752578154463,21.706914362815635],[-157.9877890863681,21.706748819285938],[-157.98825470921582,21.706274468307562],[-157.98844809201924,21.706057193565],[-157.98855347861178,21.705830971132702],[-157.9885535157616,21.705830911735898],[-157.98867201440726,21.705642045637504],[-157.98890772512087,21.70545834541395],[-157.98946168708625,21.70503726379112],[-157.98960241992484,21.704956839479454],[-157.989673837036,21.70493921246721],[-157.98980868557908,21.70483617738599],[-157.99006191793163,21.704738376800975],[-157.99029874606185,21.704739814085325],[-157.99045099265922,21.704740737745777],[-157.9909995993193,21.70473955196581],[-157.99151189058256,21.704747174596815],[-157.99175327005645,21.704789277250473],[-157.99193642816724,21.70486263320913],[-157.99200647850242,21.704867574312576],[-157.99214387771252,21.70491807615388],[-157.99224871803258,21.70495934969521],[-157.99267927862587,21.7052509429824],[-157.99283127733264,21.70537220494986],[-157.99303858000218,21.70553758630176],[-157.9931745530452,21.70561968635723],[-157.9932917286973,21.705624910448257],[-157.99360426264596,21.70551391737278],[-157.99383403159612,21.705488214207694],[-157.9942521723951,21.705481712460987],[-157.9947654871072,21.705516423014817],[-157.99534218365162,21.70564633659192],[-157.9956730432338,21.705679942041815],[-157.99600817168704,21.70579484775928],[-157.99625623805878,21.705918258615966],[-157.9963499216937,21.70600010004803],[-157.99640373038247,21.706081700010603],[-157.9964382712509,21.706154154848512],[-157.99645675656097,21.706276180725784],[-157.99642130688295,21.706334666418492],[-157.99640354302025,21.70645647282462],[-157.99637992525035,21.706551152996656],[-157.9964035415202,21.706804153252577],[-157.9964501337045,21.706881194378248],[-157.99654499509634,21.706967557976057],[-157.99669212929516,21.70700908301472],[-157.99674560933227,21.706964251796308],[-157.99669818513115,21.706833022332667],[-157.99667452194927,21.706760633388726],[-157.99662753797554,21.7065661911211],[-157.99664534905918,21.706263771590514],[-157.9966689040137,21.706178121252925],[-157.99669834220256,21.70611508398425],[-157.99682730478906,21.705989433600486],[-157.9968980775012,21.70589052177246],[-157.99704544432691,21.705724342773564],[-157.99729347760615,21.705504583780012],[-157.99737003932833,21.705441824191038],[-157.99742476012182,21.705392481478302],[-157.99748796754938,21.705338674939192],[-157.9976465362865,21.70529897959513],[-157.9977878141785,21.70531336657331],[-157.99783570686247,21.705376866181386],[-157.9978650379984,21.705503469037815],[-157.99788842128183,21.705616491436],[-157.997893992168,21.705684253915113],[-157.99796493712083,21.70573434383613],[-157.9981835639505,21.70592077310822],[-157.99821819946536,21.70597967735648],[-157.99825356981682,21.706106316648373],[-157.99825981803744,21.706250844085307],[-157.99830116865786,21.706386548869865],[-157.9983599057271,21.70645462719738],[-157.998696023386,21.7066011133069],[-157.99874875121057,21.706664641876287],[-157.99878418657636,21.706782249384666],[-157.99886687229096,21.70688207813079],[-157.99897861891657,21.706973045754737],[-157.9990724609802,21.707032301965164],[-157.9992737180902,21.707110256364164],[-157.99939767440998,21.707183237800976],[-157.99955621450775,21.70714805564711],[-157.99962081755186,21.707067164117888],[-157.99960877781677,21.7068864806753],[-157.99959713318862,21.706823196712467],[-157.99957343729807,21.706755328492623],[-157.99956792802536,21.706678534348704],[-157.99952106589564,21.706466039297627],[-157.9994966601115,21.7063259210221],[-157.99946711088563,21.706230923038255],[-157.99943211199533,21.706050104603282],[-157.99946741604361,21.705838095548255],[-157.99947303342242,21.70572524747992],[-157.99950860464637,21.70564869766737],[-157.9996029899626,21.70545510026869],[-157.99962666686832,21.705351389638434],[-157.99965012628712,21.705279286344375],[-157.99964419061746,21.705089607629695],[-157.99962055736566,21.705012707712523],[-157.99957920389016,21.704877004094346],[-157.99956198870825,21.70474595766826],[-157.99951431289588,21.704650853900166],[-157.99937359813376,21.704555195764506],[-157.99917221960996,21.70449530047935],[-157.99890100928923,21.704398866688678],[-157.9986068431705,21.704302295600744],[-157.99856000263327,21.70426137823596],[-157.99852444208022,21.70416183045189],[-157.99849539169873,21.70399459136233],[-157.9985006641926,21.703931408623614],[-157.99851787542383,21.70371477711197],[-157.9985712735778,21.703507390851897],[-157.99860022229373,21.703340496703152],[-157.9986833700866,21.70302491962426],[-157.99875931772974,21.70287636622798],[-157.99880115058923,21.702768248401483],[-157.99896048134687,21.70244409642017],[-157.99919568287356,21.702156518856135],[-157.99937186583907,21.70184149750678],[-157.99946634124882,21.701634356966288],[-157.99967913502715,21.701441466678403],[-157.99986165844405,21.70125742737677],[-157.9999556026147,21.70112704244624],[-158.00006215962463,21.700919974381947],[-158.00011458587733,21.700852558087],[-158.00030274321958,21.700727251726466],[-158.00043293343703,21.700597083238417],[-158.00053304274644,21.7004486763629],[-158.0006395078221,21.700255152729596],[-158.00073264738563,21.7000660656466],[-158.00082745360004,21.699985355490245],[-158.0010331727875,21.69994142928048],[-158.0011746950747,21.69991969538762],[-158.0014816260033,21.699917006445396],[-158.00182369904846,21.699724888114638],[-158.0020889006933,21.6996406751793],[-158.00219430042566,21.69960066603423],[-158.00251285270764,21.699489679009144],[-158.00281300046544,21.699419218741326],[-158.0034727741626,21.699414110103877],[-158.00362018075234,21.69941498697653],[-158.00377328805763,21.69946556272789],[-158.00377387315427,21.699555870891743],[-158.0037150348511,21.699677433404798],[-158.00372051712003,21.699758738902023],[-158.00376221304248,21.699844775336143],[-158.003755736718,21.699907950214293],[-158.00385601660957,21.70008463785941],[-158.00395010489595,21.700107773426442],[-158.00407486819066,21.7000633606549],[-158.00424467958075,21.69996954997404],[-158.00436324407417,21.69994767726771],[-158.00444525046382,21.69997073999975],[-158.00452233158106,21.70000731854744],[-158.00459349350407,21.700025802759285],[-158.00474598510132,21.69999058442406],[-158.00490547618634,21.69999153090668],[-158.00503457394447,21.700019387510412],[-158.00515248695478,21.70009233014083],[-158.00522981453577,21.700092788699916],[-158.00534732869383,21.700048333269574],[-158.00548847752,21.70008077515737],[-158.00555976654906,21.70008119914746],[-158.00578369453706,21.7001999195826],[-158.00620190887633,21.70035591292244],[-158.00636629460837,21.70034785525628],[-158.006607793183,21.70037186007146],[-158.00676136817026,21.70035470875581],[-158.00722732758086,21.70024458659799],[-158.0081816152978,21.700110260775677],[-158.00866482894656,21.700126661836084],[-158.00877694980048,21.70016344433482],[-158.0088586470966,21.70023165452877],[-158.00892448313655,21.70032234560524],[-158.00896581059527,21.700462556774045],[-158.00898331504112,21.700552962534104],[-158.00898886015716,21.7006252380269],[-158.00900658287745,21.700684038158467],[-158.00908394116516,21.700856068881727],[-158.00913673546236,21.700910560757844],[-158.0092311033009,21.70089305871831],[-158.00940735791792,21.70038840731291],[-158.009430717013,21.700329848156002],[-158.0094367894991,21.700149280349724],[-158.0093715738568,21.699968292032747],[-158.00936599613186,21.699548354502507],[-158.00930716370843,21.699493824818063],[-158.00916486698827,21.699452349016426],[-158.00907719032722,21.699375074752506],[-158.0090117891036,21.69922117427199],[-158.00895283334654,21.699184704320757],[-158.00871802570936,21.69924201381607],[-158.00847036443548,21.699236034048702],[-158.00828714221234,21.69917173883322],[-158.00818168407284,21.69904469294933],[-158.0081169645721,21.698967551910496],[-158.00806361911953,21.698642147629645],[-158.00806377355357,21.698443482091037],[-158.0080689814136,21.69821324165359],[-158.00808053817303,21.69811397755437],[-158.00813968139602,21.697947267296378],[-158.008163135248,21.697875165236848],[-158.00834006690377,21.69762336440103],[-158.0086465596981,21.69733169716191],[-158.00882925496762,21.697120568340775],[-158.0090057519772,21.696931977995764],[-158.00922967702851,21.69669847237073],[-158.00943600730494,21.696564195495764],[-158.00954168100444,21.696483521523643],[-158.009659653367,21.69637130404483],[-158.00976520328484,21.696308695200013],[-158.01018953978632,21.696098924483575],[-158.01038434403696,21.696059427342057],[-158.010470312519,21.696032836825598],[-158.01058422804317,21.69598382823115],[-158.0108435005026,21.695881478687138],[-158.01116235180984,21.69590143014312],[-158.01151531085816,21.695880933492443],[-158.01208655881499,21.695920440927168],[-158.01223994287102,21.695930379551797],[-158.01241733810613,21.695963042222928],[-158.01268216067783,21.69610913662183],[-158.0128947862583,21.69629105376928],[-158.01303637213482,21.69643642119609],[-158.0131477507888,21.696581607832307],[-158.0131660962781,21.696726245270114],[-158.01315962410396,21.696789440573827],[-158.01281208770965,21.696900281414667],[-158.012758677844,21.696936086456205],[-158.01271242520355,21.696985479551675],[-158.01265886041003,21.69704385939768],[-158.012653194329,21.69716573296188],[-158.01266481433393,21.697233525821982],[-158.01278334886507,21.697392251076693],[-158.01284803949963,21.697473903538036],[-158.01302401661061,21.697714237017554],[-158.01302429984617,21.6978496896564],[-158.01296522185402,21.698007368310883],[-158.01298356761157,21.698151956963187],[-158.01304844234178,21.69820651953727],[-158.0131664178139,21.69827042482421],[-158.01331971415232,21.698293902042856],[-158.01352604784242,21.698335751672072],[-158.01364312481226,21.698354501564754],[-158.0137025754381,21.69831873038029],[-158.01392011845982,21.698134893978658],[-158.01402089619404,21.69806324722031],[-158.01422102893522,21.69795154931657],[-158.0143096007422,21.69789789041873],[-158.01447370185386,21.69775437643474],[-158.01458656178315,21.697682799317295],[-158.0148800980315,21.69751747018435],[-158.01505745841413,21.697378548609965],[-158.01525210068553,21.69718554761163],[-158.01543466169088,21.696992477339485],[-158.01584057521663,21.696471000710847],[-158.01590538032863,21.69635846848847],[-158.01630044705018,21.69583235775604],[-158.01638811635235,21.69573351003307],[-158.0165771450302,21.695477178707844],[-158.01692419223747,21.69508176443192],[-158.01741976009933,21.694700774007554],[-158.0176614257349,21.69452153346928],[-158.01829101104101,21.69415487958963],[-158.01850297108845,21.694079342185734],[-158.01883274036803,21.693914170365183],[-158.0191575565416,21.693767031918135],[-158.01959297929574,21.69334503700253],[-158.01988720534723,21.693075775227427],[-158.02015900904695,21.69290574378393],[-158.02048257999166,21.69276311402763],[-158.0208771927369,21.69265703429694],[-158.02113026069406,21.692577220938045],[-158.0212128162022,21.692518989390816],[-158.0212894840087,21.692438143624766],[-158.0214902889195,21.69204638825265],[-158.02156100767388,21.691951956332176],[-158.0216318168666,21.69184397670932],[-158.02175528203966,21.691632427255502],[-158.02179090190276,21.691546823938417],[-158.0217665356263,21.69139763824538],[-158.02175437843437,21.69123045667711],[-158.02178999625576,21.69114485334105],[-158.0219135386359,21.69110041405402],[-158.02224383499401,21.691034602504846],[-158.02233107069773,21.6909989683442],[-158.0224836996993,21.690941125675355],[-158.0225782141075,21.690901017308086],[-158.02281928565563,21.690807545283267],[-158.02355678002448,21.690202031490152],[-158.0240636437065,21.68975328030177],[-158.02437011902035,21.689456943152273],[-158.02446484482422,21.689385221496234],[-158.02457096130445,21.689236785424523],[-158.02467024703614,21.689205736006247],[-158.02468272432708,21.689147094120678],[-158.0247713479628,21.689084368537138],[-158.02483571719475,21.689035055749734],[-158.02507733317887,21.688860294178596],[-158.02538415918698,21.68869041793501],[-158.02551978058833,21.688646026946994],[-158.02562008878525,21.688642082996523],[-158.02594361598463,21.68850391720402],[-158.02620899917346,21.688388002429527],[-158.02662787904947,21.688263927898053],[-158.02723500014542,21.687996402211198],[-158.02755233191897,21.68788078263816],[-158.02780553795995,21.687778347479835],[-158.02843697025943,21.687488374833286],[-158.02923238231574,21.687068362489175],[-158.0294264762803,21.686952042322527],[-158.0297746750732,21.686737238017773],[-158.02995705104252,21.68656665572096],[-158.03034602773366,21.686216594503193],[-158.03056978364424,21.686001084436167],[-158.03081172102048,21.685776645398725],[-158.03090082612357,21.68564166371231],[-158.0310598550245,21.685349009544982],[-158.0311183598127,21.685272566153785],[-158.03118930957112,21.685141997037896],[-158.03123621842803,21.684993226785476],[-158.03125959830368,21.684930132772806],[-158.03126621470483,21.684844361365986],[-158.03129593535564,21.684736139954943],[-158.0312663669956,21.68464113050427],[-158.03123650103146,21.684410632376615],[-158.031213338227,21.68408081509245],[-158.03141389286546,21.683901304977717],[-158.03146635701145,21.683824826158347],[-158.03153208069838,21.68375294080773],[-158.03163232789336,21.683577376237505],[-158.03184448170978,21.683289541875702],[-158.03198604684727,21.683078084099193],[-158.03203893458254,21.682938381490697],[-158.03211471683204,21.682807841883385],[-158.03224540770358,21.6825963222125],[-158.0323217324415,21.682565141283696],[-158.03234529038855,21.682474951615443],[-158.03247537764872,21.682353753486556],[-158.03289864601348,21.68193163452694],[-158.03301064121285,21.681805817105808],[-158.03309925675873,21.681743093943524],[-158.03319409467238,21.681653308680154],[-158.0335360546295,21.68146557037649],[-158.0340423793925,21.68126973541623],[-158.03429049615804,21.681203401470775],[-158.0346086849293,21.68113746675504],[-158.03520341375122,21.681091163435614],[-158.03619968897868,21.680979392832825],[-158.036269638155,21.68099785446968],[-158.0363761047139,21.680975877062863],[-158.03705960011192,21.68102491139174],[-158.03743046486488,21.681031526208017],[-158.0375539323413,21.680996097503293],[-158.03736641863455,21.680489229425554],[-158.0379370540334,21.68079504038609],[-158.03803789816982,21.680709804049606],[-158.03820883854362,21.680439807104655],[-158.0383326368591,21.680354701824637],[-158.03837893554476,21.6802962528701],[-158.03849161571267,21.680066569954676],[-158.0385795608597,21.679922552044612],[-158.0387156803785,21.679801390027972],[-158.03884497301627,21.679616962173675],[-158.03897425768733,21.679251890526317],[-158.0391689590349,21.678860092884012],[-158.03918656314892,21.678756323819712],[-158.0391870350961,21.67850342543524],[-158.0391278012675,21.678326962996607],[-158.0390344939601,21.67800579279863],[-158.03904025635924,21.677865828233926],[-158.03912832023073,21.67770374806448],[-158.03914670436993,21.677482563307098],[-158.039087104835,21.677179649056654],[-158.0390463823818,21.676944581868455],[-158.03921213933563,21.67636294769021],[-158.03944141255693,21.67585844819238],[-158.0395889715915,21.675651545703072],[-158.0397422995442,21.67548532219199],[-158.03996056332534,21.675364626105445],[-158.04005445473888,21.675234193495623],[-158.04013741431461,21.6751127306874],[-158.04019026112823,21.674977548098912],[-158.04030168739916,21.674571734977313],[-158.04046089364556,21.674247483199387],[-158.0406857052351,21.674050053014604],[-158.0408091977769,21.674010110214876],[-158.04110392704416,21.673835656772372],[-158.04234735460926,21.673246593392793],[-158.04270707529486,21.67310863625165],[-158.0431777155594,21.67282228116045],[-158.04330742847296,21.672755275712532],[-158.0433551680729,21.672660710117572],[-158.04361383105382,21.672458955652825],[-158.04373815726413,21.672292570951655],[-158.04398576587045,21.672117848766053],[-158.04421474394206,21.672019795306593],[-158.04478098143207,21.671526196515728],[-158.04488749938918,21.671495183267147],[-158.0450347766936,21.671328899765385],[-158.0452880350761,21.671212900175245],[-158.04552290362557,21.67113744657102],[-158.0457122836403,21.670998501151967],[-158.04625955681232,21.67063123338815],[-158.0464539755843,21.67046069878959],[-158.04675547849925,21.670173338615054],[-158.0468021880108,21.67005165401073],[-158.04687279036784,21.669970755135676],[-158.0469203643434,21.669718092191125],[-158.0469204077443,21.669528392600846],[-158.04702004619065,21.669257957809844],[-158.0471261561587,21.669104992347226],[-158.04749226967797,21.66872764693552],[-158.04787478598,21.668427168515052],[-158.04852946874897,21.667888826248543],[-158.04871156001644,21.66775434333091],[-158.04891260456625,21.66749350245337],[-158.04910668648273,21.667372635187014],[-158.04963129181064,21.667140697092933],[-158.04986067179422,21.666979378790636],[-158.05007219705865,21.666777311201756],[-158.0501844308592,21.66661082217112],[-158.0504733278475,21.666400152745382],[-158.05107494894898,21.666028628408633],[-158.05131619903,21.665898991299645],[-158.0514873835263,21.665768965253093],[-158.0520826494464,21.665076727984566],[-158.05267766663948,21.66460580080214],[-158.05275957654615,21.664457212095584],[-158.05278972275403,21.664281233145697],[-158.05285961319132,21.66412354447692],[-158.05303044504734,21.663862533880806],[-158.05382595506813,21.66302688632367],[-158.05417458991676,21.66273073521394],[-158.05425028057064,21.662609208722426],[-158.05438044756676,21.66246992168976],[-158.0545036047386,21.662294461191237],[-158.05475810441646,21.661984237842436],[-158.05532926582381,21.66146349898302],[-158.0554530654655,21.661373857497455],[-158.0557475727876,21.66122645020814],[-158.05587104676314,21.661186488342054],[-158.0561717959699,21.66100749933243],[-158.05631881265293,21.660877338667035],[-158.05652495940456,21.66075653977486],[-158.05675550028695,21.66059974302609],[-158.05717975241478,21.66037627530857],[-158.0573730520765,21.66018765606818],[-158.0578096752796,21.659733917651856],[-158.058062954409,21.659423687284036],[-158.05808640614157,21.659347038152195],[-158.05838756204963,21.659104820611706],[-158.05845196524407,21.65904646450295],[-158.0586583713368,21.65888501828455],[-158.05876443004857,21.658736564029645],[-158.05891188114418,21.658353483417162],[-158.0591420546184,21.65769535903053],[-158.059176375131,21.65761876947681],[-158.05932998357255,21.65740283422598],[-158.05957179738724,21.657182869587615],[-158.0598077189428,21.656940291499428],[-158.06052661787368,21.656357146630437],[-158.06056712515104,21.656258008416472],[-158.06081535675148,21.655979367610758],[-158.06111573328857,21.65566940110888],[-158.0612331278232,21.65544874845381],[-158.06139763609528,21.655413529427815],[-158.06162248078593,21.655387678003347],[-158.06193379768928,21.65543908525514],[-158.06222236068703,21.65527357766542],[-158.0623526086922,21.655305914234205],[-158.06251108487794,21.655455832943524],[-158.06259457552028,21.655433713666998],[-158.0627175707871,21.65528083790609],[-158.0628705843667,21.65515522638703],[-158.06297095670885,21.655137718300185],[-158.0630537377263,21.655038814303406],[-158.06310069263432,21.654876484186023],[-158.06309535459312,21.654768061607584],[-158.06292461665473,21.65446000169372],[-158.06288924986418,21.654139142671813],[-158.06284776459404,21.65401697044566],[-158.06274105340208,21.653894435548295],[-158.0623530438879,21.653562587133095],[-158.06231106033584,21.653517188835938],[-158.0623114851959,21.65307910163086],[-158.06251770337988,21.65294475304219],[-158.0625480317574,21.65255199584907],[-158.06265384835694,21.65243967271608],[-158.06264232819146,21.652353796757517],[-158.0626065010872,21.652290368770384],[-158.06248247027403,21.652230967184213],[-158.06227041284586,21.652148494232687],[-158.06224126931747,21.65198574187384],[-158.06231150305922,21.651959032598313],[-158.06235327208185,21.651850871401138],[-158.06227028043446,21.651796214757624],[-158.06195885636564,21.651762869542754],[-158.06182864081265,21.65172601409674],[-158.06176367949024,21.651685006527323],[-158.06172340274495,21.651562839055092],[-158.06175212349928,21.65141847257486],[-158.06179389180033,21.65131031061201],[-158.06178239945737,21.6512199195337],[-158.06182900217317,21.651111784864543],[-158.06188161512975,21.651008200252168],[-158.06195328885119,21.65094536841657],[-158.06213538315754,21.650991545327336],[-158.062400695086,21.65087107609647],[-158.06247772607983,21.65072698034056],[-158.06255938630161,21.650614522664732],[-158.06260097972375,21.650533460765228],[-158.06277740666937,21.650335719569142],[-158.062848282846,21.6502096534005],[-158.0628312178949,21.65004696743963],[-158.0628307417733,21.64993405520124],[-158.06294306396012,21.64974950770945],[-158.06321379942506,21.649723914521573],[-158.06331934917594,21.649652239029166],[-158.06334279635905,21.64957559071576],[-158.06329639289257,21.649466938317637],[-158.06333698356323,21.64935425673281],[-158.06340211914673,21.6493681678823],[-158.06344887326452,21.649422623250167],[-158.06364404812172,21.649500486035787],[-158.06374981319422,21.64958236802958],[-158.0637796589909,21.649636729812617],[-158.06373211247552,21.64970421190536],[-158.06363787276518,21.649708204953793],[-158.06357303698636,21.649834303741308],[-158.06359669764595,21.649911214045908],[-158.06365544256502,21.649979286249394],[-158.06368485833713,21.650286562446816],[-158.06352561398202,21.65062892308697],[-158.063495777587,21.650759732557205],[-158.06360171921526,21.650814517974116],[-158.06364932153346,21.65073800399592],[-158.06375613106653,21.650472130030558],[-158.06388530385752,21.650296709127684],[-158.0638438759931,21.65016550336009],[-158.06384383786326,21.649984848909423],[-158.06390301454752,21.649800003911338],[-158.06392123929385,21.649596869911342],[-158.0638444343062,21.649519665563503],[-158.06357265943532,21.649332984075503],[-158.06347882783763,21.649273749906644],[-158.06346730445685,21.649187873948165],[-158.06360278865128,21.649157011292772],[-158.0635500233034,21.64909800504549],[-158.06357361591358,21.648998775952776],[-158.06362616662776,21.64890422351437],[-158.0636197679146,21.648773214240144],[-158.06382085396743,21.648684003347856],[-158.06376823527427,21.648602416438532],[-158.06357895528447,21.64854716861247],[-158.06344933530167,21.648605161113025],[-158.0633965806549,21.648731325261092],[-158.06333707490546,21.648780675299513],[-158.06326106769245,21.648766702825043],[-158.06323148549245,21.64867169455913],[-158.06324912625303,21.64855888355678],[-158.06340840644367,21.648397179315268],[-158.06334972053463,21.648320073299637],[-158.06320188679152,21.648206342729857],[-158.0631074621383,21.648052259963446],[-158.06308435961247,21.64788953993484],[-158.06311454635494,21.64770453618648],[-158.06316714782997,21.647415780600063],[-158.06313172330292,21.64710395243387],[-158.06338492396205,21.646427866535547],[-158.0634437471918,21.646297205958003],[-158.06357944417778,21.645859831125165],[-158.06359201984975,21.6457831169236],[-158.06367405399183,21.645611935554594],[-158.06377388445685,21.64549053639966],[-158.06393280933423,21.645383017645877],[-158.06411041725178,21.64537497335663],[-158.06438681322516,21.64559331719462],[-158.06469265486328,21.6455543688387],[-158.06461608432184,21.645441022663356],[-158.06456340813347,21.645368460712564],[-158.06453455703536,21.64516052722227],[-158.0644926333237,21.645106092135023],[-158.06447542244473,21.644965976115742],[-158.0645100589371,21.64483969773566],[-158.06457491872467,21.64470907338372],[-158.06464063616446,21.644632653757615],[-158.0647816970445,21.64429919433893],[-158.06481180173336,21.643752830258933],[-158.0648403111348,21.643640070206462],[-158.06488154065823,21.643428011422674],[-158.06489323037414,21.643301605572383],[-158.064858786724,21.643211078179615],[-158.0647819554401,21.643138380344126],[-158.06468818447115,21.643070107767016],[-158.06452306796194,21.64301498637234],[-158.06419825556748,21.642999627806535],[-158.06405084642716,21.64300783878579],[-158.06382801724206,21.642911745483882],[-158.0634333790422,21.642674671625908],[-158.06292714747747,21.642324052453063],[-158.06281423048895,21.642228568652754],[-158.06280256317382,21.642165267943575],[-158.06286203715834,21.642120433032407],[-158.06301549621642,21.64173736029498],[-158.06303307787445,21.64163357120023],[-158.06303260335628,21.64152064801541],[-158.06310965856522,21.64137202389719],[-158.06335120616404,21.641188182639027],[-158.0634221062338,21.64105759180932],[-158.0635989588764,21.640792085124374],[-158.063663147806,21.640765342811488],[-158.0637578232392,21.640693602772593],[-158.06388097601086,21.64051361689884],[-158.06406926298263,21.640347547115017],[-158.06447553440864,21.640092353790255],[-158.06498320653566,21.639471866046993],[-158.06537700568762,21.63909013389059],[-158.0658140201642,21.63874929252534],[-158.06598478163792,21.63867797703742],[-158.06610205137807,21.638660562544842],[-158.06618512623024,21.63870167555016],[-158.06634989021694,21.638810995904898],[-158.06650893991394,21.638495707351893],[-158.06656723345472,21.638446347341215],[-158.06699102907433,21.638281584993507],[-158.06732722552465,21.638215703949786],[-158.0675628277739,21.638203464130775],[-158.06788736728427,21.638259469479454],[-158.06805823004075,21.638359788290636],[-158.06816310264637,21.638391988475853],[-158.06825730792227,21.638392512189107],[-158.06831692452062,21.638325092594222],[-158.06831632701557,21.638230236742817],[-158.068340919387,21.63816262257358],[-158.0684052801337,21.63810877886397],[-158.06862924055045,21.638028722015733],[-158.0687285972308,21.63797958954779],[-158.06878827134594,21.637903136905397],[-158.06880558774134,21.63783999712221],[-158.0678343568697,21.63730162210001],[-158.06748653841365,21.63710998199849],[-158.06723861416174,21.636973099201054],[-158.06615539092792,21.636759294152537],[-158.0661145648067,21.63503817340418],[-158.06601449714435,21.635010514239355],[-158.06544331082836,21.634808589585308],[-158.06394706860584,21.634217562134634],[-158.06166753939337,21.633355634728566],[-158.05975424307854,21.63264026525876],[-158.0578216709047,21.63192024164801],[-158.05591925044976,21.631209393280287],[-158.054012016569,21.630498490828273],[-158.05209746553328,21.629801068241747],[-158.05010705537103,21.62907156871528],[-158.048622883989,21.628498498513405],[-158.04774558427727,21.628204410793188],[-158.04654992653838,21.62838726996602],[-158.04619079326537,21.628452956166353],[-158.0455366806998,21.628562112139786],[-158.04503603612872,21.628658600632434],[-158.04453559883208,21.62872346869885],[-158.04419349071696,21.628771183890066],[-158.04376910772118,21.62884100482788],[-158.04367593678964,21.628867568296926],[-158.04355808763984,21.628790099047706],[-158.04311022091923,21.628575214216912],[-158.04283340237816,21.628429072154837],[-158.04261501704633,21.628396191797318],[-158.04240879622125,21.62834983015502],[-158.0421966887699,21.628280847415883],[-158.04203285888568,21.62821666326139],[-158.04176181266024,21.62811120413521],[-158.0413787168513,21.627964445268464],[-158.04119067509188,21.62790915292476],[-158.0411078206147,21.62783640084946],[-158.0410551894503,21.627759307861005],[-158.0409376128388,21.627641185176255],[-158.04080810656774,21.627500408464144],[-158.04058371452876,21.627462973810285],[-158.04045434097455,21.627484810431437],[-158.04035981261856,21.627533948429733],[-158.0402654025303,21.627565020770408],[-158.04014795667072,21.62760951021786],[-158.03999431063306,21.627649270803815],[-158.0398301841075,21.627630253035907],[-158.03963598363543,21.627592991480146],[-158.03946484988143,21.62753779489156],[-158.03926461212936,21.627500498025178],[-158.0390523553297,21.62745409740295],[-158.03891123514865,21.627426175871587],[-158.03871014949124,21.62733466918716],[-158.03851006165476,21.627274787186145],[-158.03839306381437,21.627251523563015],[-158.03826278331888,21.62722818301788],[-158.03808664043933,21.627200057280955],[-158.03779217267956,21.62716672862452],[-158.03757982912748,21.627133874901887],[-158.03740380423497,21.62708768376076],[-158.037244838688,21.62701900432328],[-158.03707373653842,21.626959288481036],[-158.03693756775314,21.626913327705324],[-158.03675583710339,21.626817413813672],[-158.0364966938888,21.62673911917368],[-158.0363085330935,21.62670188879282],[-158.0360961616429,21.626673550061778],[-158.03590770144908,21.626681486783774],[-158.035719273137,21.626684907360847],[-158.03559587822105,21.626715807108635],[-158.03548960166816,21.626715188755544],[-158.0354246572685,21.626674156983828],[-158.03535397327244,21.626587923505518],[-158.0352953991014,21.626497243251457],[-158.03517682858757,21.62634749175462],[-158.03508917831982,21.626270191936428],[-158.03497121512916,21.62621078419412],[-158.03482429859838,21.6261466912652],[-158.03470017819578,21.626105313856087],[-158.03441117646364,21.625977155465648],[-158.0336523239902,21.625674608732343],[-158.03340423495783,21.625569271524558],[-158.03318150656028,21.625464079630607],[-158.0329924741795,21.625377153313895],[-158.0325102734537,21.625062666580096],[-158.03220337129179,21.624902779371947],[-158.03206249575254,21.624838717429334],[-158.03195054426686,21.62478385962363],[-158.0318437544775,21.624679344625044],[-158.0316564441147,21.62451563940011],[-158.0314678042056,21.624369992486034],[-158.03122047358846,21.624151731145872],[-158.0310786023171,21.624056043488327],[-158.03094986496876,21.623983019149378],[-158.03083187626336,21.623928125431338],[-158.03071995608224,21.62386874999454],[-158.0305427318715,21.62382254296253],[-158.03039050714497,21.62383068571826],[-158.0302067908501,21.62385219569725],[-158.03005459429917,21.623855820389842],[-158.0298069340568,21.62386792104337],[-158.0295247029357,21.62381206432777],[-158.02939439707305,21.623793232021733],[-158.02927631866535,21.62375188774014],[-158.02905329451386,21.623691860692297],[-158.02881212355803,21.62363624255999],[-158.02865784585734,21.6235901675774],[-158.02851172000226,21.62358931202681],[-158.02831112776335,21.623606201581882],[-158.0281346575037,21.6236277516171],[-158.0279812545176,21.623631368268402],[-158.0278633277158,21.623567438821222],[-158.02769268797337,21.62343996105845],[-158.02753901711827,21.623303550157278],[-158.02615037371072,21.621831888162696],[-158.02593064784799,21.621640881210425],[-158.02551163594686,21.621272535493823],[-158.02510581833118,21.62091781897048],[-158.02472400675657,21.620585829167062],[-158.0242764119072,21.6201585916985],[-158.02408168741854,21.620021933252076],[-158.02381721585405,21.62002037548082],[-158.02355763839398,21.620009812006234],[-158.0234105211051,21.619977327191354],[-158.02308042020505,21.61985793873773],[-158.02259734907227,21.6196789249581],[-158.02173908388068,21.619262815857283],[-158.02008400084918,21.618453539127785],[-158.01825796351028,21.617390284045605],[-158.01741018022042,21.616856776642386],[-158.01755117921363,21.616722100359993],[-158.0177273803683,21.616560530730407],[-158.01786856084212,21.616398754090493],[-158.01807489013837,21.61624639418537],[-158.01819262040226,21.615980586717917],[-158.01777476476695,21.615982631924304],[-158.0172945101771,21.61592558721039],[-158.01714204735381,21.615969854529382],[-158.01699408089112,21.616063835348196],[-158.01669381731526,21.616355662997332],[-158.01654051477522,21.61634572071214],[-158.01615877860846,21.616185364126412],[-158.01589260538142,21.616079894598688],[-158.01567464353224,21.615988262823837],[-158.01552245541495,21.615991877223646],[-158.01518096627547,21.616129879871465],[-158.01479176641158,21.616357936532932],[-158.01453248410925,21.61648287375101],[-158.0144391931207,21.616527490962106],[-158.01422637970614,21.616566880899708],[-158.01407936018057,21.616520837561794],[-158.01384356164596,21.61638844464113],[-158.0137736130686,21.61637447704312],[-158.01353788800878,21.616409213230348],[-158.0134084599157,21.61644006269131],[-158.01317189588056,21.616420588448154],[-158.01280149186425,21.61619253467396],[-158.01231233806334,21.615846334693035],[-158.0117591443054,21.615328103164632],[-158.01161110541614,21.61525495144563],[-158.0114640554929,21.615213422677247],[-158.01092872059638,21.615088275527267],[-158.01081678503746,21.615033405819016],[-158.01052807359162,21.61486907282943],[-158.0102983814757,21.614727675565845],[-158.01023320388688,21.614722770708937],[-158.00958519114968,21.614474988851626],[-158.0093258072546,21.61443730626732],[-158.0092088326959,21.614590185646527],[-158.0091321090234,21.614684585556763],[-158.0089434795466,21.614719595857988],[-158.0087722505978,21.61468243766898],[-158.00853713949897,21.614450667575667],[-158.00828314264268,21.614331707711823],[-158.00807218856357,21.614276243054803],[-158.0078007297701,21.61423848610089],[-158.00731156733806,21.614072951769757],[-158.00726481404547,21.614022983942974],[-158.00719464643024,21.61386447021276],[-158.00711711003612,21.613547817555556],[-158.00701749662343,21.61328071913357],[-158.00694674076547,21.613031861841545],[-158.0068753356127,21.612701694684603],[-158.0068047381764,21.612606414394666],[-158.00652287957013,21.612500838397597],[-158.00610441488143,21.61241702890995],[-158.005798437886,21.612306789695058],[-158.00556773037792,21.612138279889898],[-158.00531451520604,21.61190639723391],[-158.00510244933835,21.611661209347677],[-158.00487332493114,21.611438505041203],[-158.00469061277303,21.611315450262463],[-158.0045668872347,21.611219852980184],[-158.00438974960753,21.611164587088428],[-158.00401863097935,21.61104491991009],[-158.00386075265794,21.610998804579417],[-158.00367674157695,21.610889292837136],[-158.0035011217023,21.610788865157872],[-158.00332952895155,21.610629742297412],[-158.00312344346312,21.61056978465085],[-158.00278279269125,21.610585807215706],[-158.00242276116973,21.6106107477467],[-158.00212325871072,21.61061346654168],[-158.00183391542492,21.610543972050724],[-158.00167498587925,21.610475263405835],[-158.0014928651944,21.61044254954988],[-158.00115673470413,21.610503764948778],[-158.00086890560183,21.610565272491012],[-158.00065052775867,21.6105368569306],[-158.00047354779377,21.610459004729282],[-158.00030929723735,21.610286370198704],[-158.00016201467312,21.610104805324262],[-158.00004411697034,21.609864696067213],[-157.99994916277723,21.609624724663007],[-157.9999204668817,21.60940773651485],[-157.99991396887614,21.609299289630467],[-157.99986056449717,21.609163459693352],[-157.99972535693354,21.60898196705881],[-157.99951339311474,21.608899384743236],[-157.99923083370783,21.608897683346513],[-157.99905995729128,21.608810830642415],[-157.99883654248796,21.60863784055579],[-157.9986355407045,21.608541772146353],[-157.99845918813588,21.60837358274683],[-157.99820047573914,21.608241030450856],[-157.99794702267764,21.608221434222667],[-157.99772843221203,21.608224632605385],[-157.99761167711074,21.608169725259096],[-157.99742318974626,21.608010492960943],[-157.9973045802568,21.607874268400774],[-157.99715212938483,21.607742356756813],[-157.99709231691577,21.607660690363264],[-157.99703414698516,21.60751579869501],[-157.99701693826268,21.607384702221342],[-157.99694597522515,21.607343621469166],[-157.99686361613576,21.607379260811094],[-157.99675768938198,21.60750509598959],[-157.99660432665408,21.607680332790746],[-157.99644479941082,21.607873599304074],[-157.99623920979522,21.607917528883043],[-157.99598566416387,21.60791148190775],[-157.99575562262436,21.60782427062774],[-157.99562620959847,21.60767894844012],[-157.99553829085994,21.607470636137624],[-157.99532021154215,21.607225403701104],[-157.99513721313954,21.60697134710399],[-157.9947426322362,21.606580505052616],[-157.99386543009217,21.606132539412787],[-157.99361798589067,21.606117491853706],[-157.99343014874822,21.606039566739376],[-157.9931883180973,21.605911628726908],[-157.99294137652632,21.60582431142089],[-157.99272896633715,21.60563331392383],[-157.9924585959373,21.60544196518568],[-157.99215178340344,21.605282012380556],[-157.9918339466772,21.605144577160825],[-157.9915632027521,21.605007427693476],[-157.99130376416724,21.60480710943757],[-157.991144392226,21.604629982508953],[-157.99099711247288,21.60427676631192],[-157.99095702894306,21.604136496659468],[-157.9908201636886,21.603674936708686],[-157.99068563236082,21.603398586341324],[-157.99054335533924,21.603194460661594],[-157.99036686105657,21.603048847164764],[-157.9901549742392,21.60295722342928],[-157.9898191265181,21.602806124283184],[-157.98947181632474,21.602740777589034],[-157.9892007330837,21.602653310136656],[-157.98898897316613,21.602543615978814],[-157.98885947746268,21.602411836553955],[-157.98876550268272,21.602208002956175],[-157.98880085351686,21.60198688823282],[-157.9888245042741,21.601711497668102],[-157.98881855011163,21.601526265089348],[-157.98885306785968,21.60125094053747],[-157.9888833668376,21.60106141305859],[-157.9888768144066,21.60096200046294],[-157.98870051375837,21.600789285470334],[-157.9884056004536,21.600656500352592],[-157.98811129557492,21.60060954114446],[-157.9879352918806,21.600567819747315],[-157.98783449692525,21.60047686699822],[-157.9878172214613,21.600183159706145],[-157.98778174200424,21.599902893536033],[-157.98772904330954,21.599667691560455],[-157.98762875177277,21.599504470001655],[-157.98735728534783,21.599299555806383],[-157.98699266099814,21.599121176051906],[-157.98672742303262,21.598889197782118],[-157.9864971396679,21.598666465056542],[-157.98607383548654,21.598591614816325],[-157.98570317642955,21.598413195564007],[-157.98549123550328,21.598330599794537],[-157.98533744153693,21.59822125458408],[-157.98504933066607,21.597980100333444],[-157.98489605087218,21.59797013150003],[-157.98461879393068,21.598076846812805],[-157.98431335300342,21.59824211131685],[-157.98404209041757,21.59818173478177],[-157.9838422280689,21.598099211590522],[-157.98345368839875,21.59806070289553],[-157.9830882498607,21.597999751359215],[-157.9828765961893,21.597876501248333],[-157.9824456179857,21.5971737400771],[-157.98224613697033,21.597037011787734],[-157.9820992114265,21.596981911271698],[-157.98182884373128,21.59696670650585],[-157.9813450849139,21.59707667078642],[-157.98109772742038,21.59722421693563],[-157.9807559363505,21.597407317509422],[-157.98050307839915,21.5974780404021],[-157.98023166277574,21.597440244413683],[-157.98011975299508,21.59738535491052],[-157.97991944448756,21.59719441598821],[-157.97974935562326,21.596999145116534],[-157.9795725935888,21.59672252936331],[-157.979442856184,21.596455235752927],[-157.97929628367228,21.59635044821617],[-157.9790832689895,21.59624977088855],[-157.9788599913016,21.595891563486678],[-157.97866585221047,21.595682594891016],[-157.9783891642298,21.59553635709962],[-157.97806561280743,21.59535821047913],[-157.9777942970792,21.595306859435315],[-157.97742276576273,21.59542653378405],[-157.97719396285217,21.595510950443433],[-157.97703490436228,21.595464803145035],[-157.9769291620923,21.595220242796096],[-157.9767931100591,21.59499355944506],[-157.97659836898873,21.594870407402393],[-157.97636270656395,21.594728933764504],[-157.97615176437426,21.594506308109096],[-157.97593980605527,21.59425657499816],[-157.97557377929013,21.594109783001368],[-157.97523230988102,21.594076063991544],[-157.9749319566669,21.594033561749857],[-157.9746266776597,21.594004581357872],[-157.97436718528743,21.59398943166575],[-157.97411395274122,21.593942703140375],[-157.9740143129881,21.59386078526108],[-157.97391420006934,21.593674974004106],[-157.97378981224108,21.593507082734895],[-157.97353125096222,21.59318930658372],[-157.9733486855594,21.593052673239285],[-157.97324278694288,21.593002335137122],[-157.97307741311138,21.592825156596408],[-157.9728296837287,21.592683603699278],[-157.97249476740328,21.592577648065035],[-157.97227080210544,21.592490446537653],[-157.97204763626058,21.592290325331916],[-157.971711608791,21.592170814902993],[-157.97134657391587,21.59205564062882],[-157.97110939479586,21.591959321981783],[-157.9710407668382,21.591931797750867],[-157.97070509330825,21.5917625999345],[-157.97035670804746,21.591683660459328],[-157.97013369633618,21.591632597803674],[-157.96986216813562,21.591612853417026],[-157.96960903733805,21.59155256792632],[-157.96935031748987,21.59142901347867],[-157.96909100026872,21.591219632505105],[-157.9687560064134,21.590955581419657],[-157.96832609944045,21.59079483090242],[-157.96777793777918,21.59062431213998],[-157.96741304028382,21.590491062425674],[-157.96710683275685,21.590254287620326],[-157.96702403851873,21.590181504194057],[-157.96696507014272,21.590154038269432],[-157.96687089707152,21.59015345385045],[-157.9667884771051,21.590198112010594],[-157.96673020139394,21.5902429199918],[-157.96664193685703,21.590260439988594],[-157.9665826616103,21.590106498718683],[-157.96654750060657,21.58995722500334],[-157.96645314619826,21.589812098046252],[-157.96620612297676,21.589742813307947],[-157.96579946959324,21.589708674148277],[-157.965405359273,21.589778498588934],[-157.9651229851177,21.589925803360966],[-157.9648985314823,21.590077984753442],[-157.9645862141821,21.590360610467002],[-157.96442177405802,21.590562849251665],[-157.96436895704426,21.590688993909463],[-157.96432706949753,21.5908061726125],[-157.96393255219274,21.591101837349605],[-157.96374520342945,21.591299415839632],[-157.9635978551963,21.591474658324753],[-157.96332072345947,21.591902039732584],[-157.96319676447385,21.59201419178911],[-157.96301397047998,21.592080807594915],[-157.96278498964247,21.592020664045332],[-157.9624607231201,21.591946375409357],[-157.96225455213374,21.59190443936026],[-157.96195443359508,21.591830303006322],[-157.96147179761445,21.59161500259002],[-157.96119500973862,21.591486806004845],[-157.9610183010694,21.591377299691377],[-157.9608007815231,21.5914030454715],[-157.96065884149735,21.59149701549256],[-157.960547474387,21.591536972762466],[-157.96032936189295,21.5914768919519],[-157.9601003832722,21.591416744786954],[-157.9598114352749,21.591469144796434],[-157.95949293022676,21.59160266482943],[-157.95926954469883,21.591772911021774],[-157.95907523532247,21.59192978964674],[-157.95892839964145,21.592032761435053],[-157.9587519618193,21.59205424445993],[-157.95741538352272,21.59154451594328],[-157.95725528981865,21.591475762410735],[-157.95709718201175,21.5912986141843],[-157.95699141182092,21.591063075110792],[-157.95679613638976,21.590849560782534],[-157.95662547072894,21.590740087803898],[-157.9563428436688,21.590584744992288],[-157.95612486408095,21.59050659358208],[-157.95589523413227,21.590369648380918],[-157.95572517825772,21.590007232363636],[-157.95550174822094,21.589847742565368],[-157.95525361240917,21.58959776101064],[-157.95503631133607,21.589257632623493],[-157.9549659164088,21.588972627890218],[-157.954883317676,21.588705614342235],[-157.95474182082947,21.588402095316063],[-157.95465893098284,21.588175733351438],[-157.9546009081443,21.58801727914063],[-157.9545003053901,21.587903725281596],[-157.95458855432483,21.587384836616508],[-157.95454241059852,21.58725355871825],[-157.95448240170603,21.587203497160857],[-157.95430090657828,21.587089436992006],[-157.95394657109324,21.587001392508657],[-157.95386489549634,21.586942161594646],[-157.95384756616937,21.58683364935876],[-157.95392899945537,21.58642312337229],[-157.95391215676977,21.586246858031917],[-157.9537764411564,21.58597951203521],[-157.9536936886671,21.585902205553616],[-157.95349376145668,21.585833198299635],[-157.95331145829184,21.585832054149698],[-157.95309388124195,21.585866823658403],[-157.9527695728932,21.58596867593367],[-157.95253985739026,21.586012400461502],[-157.9523105966171,21.585992893765322],[-157.95195124086774,21.585931917101654],[-157.95136206795792,21.585593964471997],[-157.95092041940202,21.58539244353415],[-157.95053793039764,21.58519129435769],[-157.95006088060464,21.58504375151583],[-157.94981941805247,21.584875106849484],[-157.94965555043638,21.584661781820422],[-157.94927231613138,21.584230265047946],[-157.94910126945663,21.58400786030036],[-157.94894866256212,21.583740404062656],[-157.94857189395276,21.583083081657687],[-157.94849501936264,21.583028394595992],[-157.94843116323278,21.583009925338757],[-157.94801255910164,21.58312924076834],[-157.9473416306746,21.583246963781214],[-157.94721127646596,21.583241622705543],[-157.9468706945699,21.583090411417107],[-157.94665824867374,21.58291742621721],[-157.94652264556092,21.582636521008272],[-157.94635248750558,21.582459286928373],[-157.94580434606647,21.5826274563262],[-157.94532178952184,21.582741837697654],[-157.94470316937142,21.58280566894737],[-157.94450403393498,21.58279537109409],[-157.9441327154307,21.582720745813095],[-157.9439967858114,21.582652131415223],[-157.94345606713162,21.58229638310776],[-157.94300843666085,21.582090283299546],[-157.94288471213721,21.58200367590168],[-157.9427842539037,21.581872048463573],[-157.94267841507826,21.58165005146845],[-157.94248366618726,21.581368770393514],[-157.94195438948177,21.58076918038049],[-157.94171944135422,21.580537328575296],[-157.94162446175386,21.58048252159514],[-157.94137746768135,21.580413199248856],[-157.94043551744298,21.58028073416517],[-157.94032973882716,21.58021682386565],[-157.94027049445984,21.580062874328863],[-157.94020061486762,21.57938038615973],[-157.9400298392679,21.578295256600764],[-157.93992913375143,21.57803263815243],[-157.93972333048205,21.57777838449345],[-157.93952294052096,21.57760998523926],[-157.93945331674792,21.577555340352145],[-157.93909974960053,21.57720077396159],[-157.93887052090597,21.577014122479074],[-157.93865754326131,21.5767507897921],[-157.93841059172652,21.5761800943224],[-157.93838723875,21.57607154058072],[-157.9384285929192,21.57586403006814],[-157.9386286860363,21.575576226115867],[-157.93868184974713,21.57540492633726],[-157.93864079394334,21.57507493485307],[-157.93864710603458,21.574871718795503],[-157.93860571149082,21.57475401621341],[-157.93849912422664,21.5746358999761],[-157.93839948722606,21.574558478685613],[-157.93820569865593,21.574313333777418],[-157.9380233815865,21.573819835154964],[-157.93795861998396,21.573760703753088],[-157.9377985574362,21.573691930740758],[-157.93758691325937,21.57357766093742],[-157.93749360987164,21.57345962882373],[-157.93724599297693,21.57314638803158],[-157.9371924950075,21.573033124856384],[-157.93719882326263,21.572662784671436],[-157.93727554805707,21.5724058154496],[-157.93730441467494,21.572089820564766],[-157.93726975142474,21.571877308348984],[-157.93716399264247,21.57164627203884],[-157.93702224994888,21.571383388333622],[-157.93676331050162,21.571133307394522],[-157.93660496494763,21.57082966487355],[-157.93668056940515,21.570726257689376],[-157.93681044303347,21.57046510548349],[-157.93679890024453,21.570392762469567],[-157.93665143903235,21.570251797744326],[-157.93647503966855,21.57010613121174],[-157.9364048395672,21.569965659495427],[-157.9363750697507,21.569744141740994],[-157.9363051345389,21.569567537907854],[-157.93625107526728,21.5695310571629],[-157.93593930866345,21.569407110436035],[-157.93573918326723,21.569369698348112],[-157.9355622901964,21.569291780137753],[-157.93548683288802,21.56920999477852],[-157.93541623637697,21.56912372350191],[-157.93527395372112,21.568770496049364],[-157.93516810024587,21.56855300790692],[-157.93503911486258,21.568362473519375],[-157.9348567175174,21.568212251896508],[-157.9347328095516,21.568152739380267],[-157.9343438557832,21.56801926506585],[-157.93398554326572,21.567822747783215],[-157.9337495361619,21.56773993435033],[-157.93330282250614,21.56774610878187],[-157.9331724831679,21.567740757296363],[-157.93276640039187,21.567638787404213],[-157.93265469769955,21.5675612837897],[-157.93259030675455,21.567452466418363],[-157.93243154586042,21.56687780454115],[-157.93233133580486,21.566714554233954],[-157.93217885652,21.566600655276655],[-157.93179604353156,21.566453661026873],[-157.93171908672298,21.56641251693839],[-157.93163042064756,21.566321609547156],[-157.93150167065937,21.566099458213976],[-157.93103651218138,21.56483626178471],[-157.9309067588084,21.564587001027427],[-157.93074260996934,21.56441882264606],[-157.93035435359522,21.564027879935832],[-157.9301897069882,21.563927451998723],[-157.9300472668513,21.563926539247742],[-157.9297597715199,21.563951794628505],[-157.92947053838589,21.564049309425958],[-157.92899411307306,21.56432177866908],[-157.92880537123565,21.56437928566763],[-157.92857037992414,21.564323573337926],[-157.92835181280552,21.564168593605324],[-157.9282751873189,21.56408228070922],[-157.92819909603986,21.563923701060162],[-157.92816984751792,21.56379704037828],[-157.92812868546588,21.562992769063847],[-157.92801078616867,21.562445466129557],[-157.92781717469882,21.561852509286332],[-157.9276872632953,21.561625829912682],[-157.9275698977591,21.56149860209718],[-157.92749874489925,21.56148911030397],[-157.92737552131945,21.561501868042374],[-157.9273050781682,21.56156013485771],[-157.92714638125304,21.56163590125752],[-157.9267923007795,21.561687824623792],[-157.92634553877923,21.56170301641196],[-157.92608688698385,21.5617465191804],[-157.925986697955,21.561745875306457],[-157.925791679761,21.56167234727808],[-157.92559226690355,21.561540074092402],[-157.92547966518862,21.561421909461785],[-157.92504457111517,21.560673817500987],[-157.92481486831198,21.5602296810465],[-157.92473838016556,21.560125299758067],[-157.92450939261047,21.559911529634032],[-157.9243508902166,21.559797585013975],[-157.9242322210913,21.55968389737724],[-157.9241678055101,21.55957959286872],[-157.9239560014021,21.558837458299376],[-157.92383816750396,21.558610852318882],[-157.92378618377992,21.55829433451054],[-157.92378020778844,21.55812265403025],[-157.9238564084797,21.55777534532443],[-157.92391514133297,21.557504712662723],[-157.92399791540518,21.557247783281007],[-157.9241630029871,21.556959768395483],[-157.92420433628058,21.556756774665423],[-157.92417498662468,21.556481053652615],[-157.92409212557726,21.556259192320447],[-157.9238336079177,21.556122016984368],[-157.92354538994815,21.556084022141064],[-157.92320958897292,21.555950865481787],[-157.92302091342722,21.555836724804514],[-157.922932294382,21.555741298257832],[-157.92282137220266,21.555559906583756],[-157.922591911053,21.55492154227947],[-157.92251549387407,21.55480812663913],[-157.92249795721597,21.554731227109404],[-157.92234452368328,21.554585694952863],[-157.92217982659054,21.554494291302223],[-157.92203880335848,21.55446627774517],[-157.92150918111003,21.554426709167064],[-157.92110820909258,21.554455727529394],[-157.92102022935242,21.554437088501253],[-157.92039068486278,21.554035518146122],[-157.92007779209294,21.553907013487223],[-157.9199374052779,21.553793180493958],[-157.91988979251238,21.553702533238674],[-157.9197894043989,21.553403766666918],[-157.91973723318185,21.55327695613856],[-157.91960794469958,21.55313157444167],[-157.91937193406267,21.552890646979222],[-157.9193070889023,21.552845057234965],[-157.91926044962682,21.55278603559036],[-157.91901900961685,21.552626375521488],[-157.91881314405046,21.55255276765164],[-157.91864875480357,21.552420710213056],[-157.91860694501347,21.552361718820816],[-157.9183835761853,21.55188147620246],[-157.91828335874806,21.551560125236488],[-157.91825958524265,21.5513476767467],[-157.91830696075905,21.551144725594515],[-157.91849012259522,21.55086135229554],[-157.91868387902363,21.550614183884452],[-157.9187731289646,21.550461190464695],[-157.9187723905405,21.5503979485433],[-157.9185789312337,21.549954035641058],[-157.9185369538585,21.549755019879587],[-157.91849574463777,21.549452119511262],[-157.9184612076987,21.548900836219175],[-157.91849120882375,21.54811057468793],[-157.9186086185496,21.547578346448162],[-157.91874396506716,21.547231425295646],[-157.91890908346576,21.547101508346433],[-157.91893862183235,21.547024911887444],[-157.91903316449,21.54680871533138],[-157.91905656226024,21.546420411054115],[-157.91915667009403,21.5461048759689],[-157.91927481611617,21.545961101465902],[-157.91933938876906,21.545880215036842],[-157.91942169311082,21.545686519960835],[-157.91943949365515,21.545564677901474],[-157.91943339077292,21.545411062347604],[-157.91939845247418,21.545239192160402],[-157.91917424894697,21.54454664432404],[-157.9191926850094,21.544338984505394],[-157.91929892207742,21.54384732637966],[-157.91944043164816,21.543482372889205],[-157.91965244760013,21.543212731823722],[-157.91988756190776,21.542920658056484],[-157.91994660034317,21.542771981309855],[-157.92006960396637,21.542623720582295],[-157.92032268702692,21.542349827544424],[-157.92091223330874,21.54195164252086],[-157.92135905913887,21.541593183854367],[-157.92143029547805,21.54142651759838],[-157.9214185562529,21.541218662175112],[-157.92140649918153,21.540563625237105],[-157.92136575482053,21.54019748909103],[-157.92134797365196,21.539826982689398],[-157.92141309842003,21.539344091490793],[-157.92143097104048,21.538395646402627],[-157.92137238464105,21.537830647316124],[-157.92136084010568,21.537433082179255],[-157.92142509969054,21.537230235073853],[-157.92150800515026,21.53711784745494],[-157.92150843206988,21.536896519762344],[-157.92128487922162,21.536605985879905],[-157.92126720955235,21.536547151283827],[-157.92127300021437,21.53625358710779],[-157.92136099970372,21.536105096890545],[-157.92168452818336,21.535605811877236],[-157.92172063061244,21.535456985938104],[-157.92172082361083,21.535267275323033],[-157.92164954542963,21.535113236477585],[-157.92113807902723,21.53458595782101],[-157.92105000459935,21.534418259264275],[-157.9210266345969,21.534314216475213],[-157.92094428662648,21.533861987121362],[-157.92096213739543,21.53324328144692],[-157.9209729549648,21.532922648003606],[-157.92105593963635,21.532308879558755],[-157.9211322351858,21.532110627172397],[-157.92078511782395,21.53171992072571],[-157.9206030117027,21.531538061894306],[-157.92018522708113,21.53107462585407],[-157.91999145478462,21.530838488397148],[-157.91993241589594,21.530661943361224],[-157.91992081502585,21.530598630964885],[-157.91993817754334,21.53053550607052],[-157.92009204466962,21.5302925886011],[-157.92017347101253,21.53021632747985],[-157.92022683551937,21.53001792704838],[-157.92019776635092,21.52986867955554],[-157.920103194858,21.529764175801112],[-157.92000352798246,21.52969577642212],[-157.91990366178007,21.529654475589837],[-157.91980872223985,21.529599655746015],[-157.91970969129505,21.529445438266514],[-157.91970925278665,21.52934154557661],[-157.91995674566152,21.529004379285983],[-157.92000960900683,21.528873729906586],[-157.91998606430388,21.52846705013254],[-157.9200153882376,21.528092333013024],[-157.92010958376645,21.52792130034279],[-157.92033398164764,21.527769177960195],[-157.92048610219535,21.527598518947805],[-157.92050470521917,21.527530885025165],[-157.920498400795,21.527404369584975],[-157.92036896630418,21.527281572640888],[-157.91993892814094,21.52700776889481],[-157.91971599733614,21.52679854418063],[-157.9196275623739,21.52668052907629],[-157.91948705183108,21.525934320475717],[-157.91934568100476,21.525630767439527],[-157.91926897996677,21.525557999476074],[-157.91912717931262,21.525475774109797],[-157.91898625141442,21.52543872379477],[-157.91888628809593,21.525410974477367],[-157.91862779784006,21.525440916427446],[-157.91840356522783,21.525407842714397],[-157.91812107187116,21.525256948471124],[-157.91786207418326,21.525029419786975],[-157.91773907952359,21.524852459279217],[-157.91748538079545,21.524561727110708],[-157.91686267332497,21.524069850495483],[-157.9166795420268,21.52386539723113],[-157.91662704605645,21.52378375134668],[-157.916533317276,21.523403718172972],[-157.916508778603,21.523295152064332],[-157.9164795812502,21.523001360764038],[-157.91653297917478,21.522798444700502],[-157.91655067878636,21.522527542605047],[-157.91642725036368,21.522246688540807],[-157.91633288644897,21.521952474074553],[-157.9162097273531,21.521310258359183],[-157.91619872995977,21.521003029794223],[-157.9161456642868,21.52067294237404],[-157.9160744319886,21.5205143846936],[-157.91544581008813,21.519358456957363],[-157.91519788875223,21.519103889349772],[-157.91507419790528,21.519021778480834],[-157.9149928766158,21.518921875153502],[-157.91495721068904,21.518849370290475],[-157.91489188067382,21.518546304492627],[-157.91488128950752,21.517859651021187],[-157.91489818637868,21.51737192294208],[-157.9147993702768,21.517027985032804],[-157.9146454440231,21.516954711229037],[-157.9138458188995,21.516728170447735],[-157.91363427449753,21.516613866456662],[-157.91327474061762,21.51627726467436],[-157.91310409216746,21.51601868208074],[-157.91298674261978,21.51573334470754],[-157.91285169850167,21.51523107481786],[-157.91266938990373,21.51491821248452],[-157.9122461451335,21.51438696031041],[-157.91205143558255,21.514119186048287],[-157.9118921190914,21.513960050863062],[-157.9116456539714,21.513836482999984],[-157.91143341138326,21.513654417602122],[-157.91133976359978,21.51342795406202],[-157.91128127526937,21.51334174880398],[-157.91121048352787,21.513287083737314],[-157.91053315882183,21.513169734029283],[-157.91019236974904,21.513072648409825],[-157.90991570457535,21.512953397887234],[-157.90969233764892,21.51280739242064],[-157.9095392608157,21.51262119507508],[-157.90940965262197,21.512362877036296],[-157.90936886730313,21.512168378245423],[-157.90931530752707,21.512068653698428],[-157.90922783220978,21.511824163424826],[-157.90904479395573,21.511610665517054],[-157.90839822699238,21.511254106635963],[-157.90806247307685,21.51112994990254],[-157.9079040672448,21.511011469601893],[-157.9076453148469,21.510756822460564],[-157.90737473093978,21.51047047708526],[-157.90723852109934,21.51028890419312],[-157.9072446981318,21.51010826496143],[-157.90749765215082,21.509685321891695],[-157.90764533716555,21.50897711931515],[-157.90763404663667,21.508873153853234],[-157.9075686925027,21.508737216052918],[-157.9073812706062,21.508464965667116],[-157.90720417968805,21.50810244555954],[-157.90711673513513,21.50801604763767],[-157.90698075337522,21.50796546934628],[-157.90679888696215,21.507919107495933],[-157.90665110903888,21.507832316138305],[-157.9064871831753,21.507646044270697],[-157.9058632255548,21.506851473286154],[-157.90571066568043,21.50659751917868],[-157.90554518450338,21.506135697104074],[-157.9053336706187,21.505858771552585],[-157.90496305169393,21.505558215979423],[-157.90474000542596,21.505371553026677],[-157.9045986027912,21.505239632315952],[-157.90446357291142,21.505062580227033],[-157.9040750953043,21.504730287014887],[-157.9040044129436,21.504662067157213],[-157.9036986180225,21.50440710381183],[-157.90358741865953,21.504270863622303],[-157.90344569104846,21.504021495668997],[-157.90344571607554,21.503696270343493],[-157.90345201215916,21.503339467561222],[-157.90342892961954,21.503199288879088],[-157.90335747999444,21.50307234253748],[-157.90326421080516,21.502958804622736],[-157.90271101283287,21.502548634096712],[-157.9024109873634,21.502329843843253],[-157.90222207127573,21.502098232594946],[-157.9021577281986,21.501989401174505],[-157.9018749550599,21.50188364703553],[-157.90177538442776,21.50180620246742],[-157.90172810380923,21.501674898364765],[-157.90135242429392,21.501568532413373],[-157.90088101570888,21.501515740819432],[-157.90059233269423,21.501554491481105],[-157.90014008015487,21.501682503424025],[-157.8997517768061,21.501810935399163],[-157.89965149096406,21.501828342488732],[-157.89947429129313,21.501804588438823],[-157.89915156781112,21.501716635188075],[-157.89888599699353,21.501570336989566],[-157.89868604050602,21.5015238473791],[-157.89841559213858,21.501544646728757],[-157.89822156873865,21.501511744716225],[-157.8980269153594,21.501402052140662],[-157.89795603233623,21.501360930175043],[-157.89783309645597,21.50134204939255],[-157.8975268210311,21.501633630898613],[-157.8972506265732,21.50177634959416],[-157.8966791368469,21.502034549604144],[-157.89628539195903,21.502244238695035],[-157.89587378361904,21.502422190152085],[-157.89557935258838,21.502582849528476],[-157.89545590253226,21.50263171582229],[-157.89536154837015,21.50266271033476],[-157.89521437734757,21.502657216305927],[-157.8950201486724,21.502651408101013],[-157.89477896568678,21.50263173904425],[-157.89461948778458,21.502657783409962],[-157.89443208910237,21.502706225668295],[-157.89377320575258,21.503031589960724],[-157.89327226900633,21.503213456397752],[-157.89302609820257,21.50337443180435],[-157.89260211875856,21.50375103978765],[-157.892431928011,21.503917035891405],[-157.89214255733896,21.504046103963326],[-157.8918898257702,21.504116692702418],[-157.89164309572104,21.5041918396193],[-157.891455180697,21.50430802896986],[-157.89126612820078,21.50441517758498],[-157.89103670605152,21.504594329705885],[-157.89087813447173,21.504819121368115],[-157.89075451928105,21.505048665596505],[-157.89062548730624,21.505196865368408],[-157.89041395984185,21.50540323700143],[-157.89022466427107,21.505542003947525],[-157.89007256821844,21.505708117688084],[-157.88997849299537,21.505861067076047],[-157.8898022274413,21.506031536808653],[-157.88961923899353,21.506134207702225],[-157.8894072558082,21.506241200673063],[-157.88918986348003,21.50642494696568],[-157.88906079438235,21.506577662083465],[-157.88898398793265,21.506681040421455],[-157.8888962157692,21.506797896537194],[-157.88882516771443,21.506937448526664],[-157.88873757506968,21.50718981446114],[-157.8886660117422,21.507397118647575],[-157.88853083930675,21.50755882832683],[-157.88836663839228,21.50772937667975],[-157.8882014374627,21.50787281663779],[-157.88803661306568,21.507966572739342],[-157.88791981397026,21.50809226700944],[-157.88782549441072,21.508276832759446],[-157.88773120605205,21.508456883532727],[-157.8876788096362,21.508682382568587],[-157.88765520098337,21.508930657984685],[-157.88765520498757,21.509088753098677],[-157.88770178956284,21.50931039637414],[-157.8877134822376,21.509518256426478],[-157.8876962847245,21.50971688835893],[-157.8875496972249,21.509950791828516],[-157.88739590554692,21.510180130215126],[-157.88730272178307,21.510373736968653],[-157.88725552869565,21.510549584287894],[-157.88727914995556,21.510775591516737],[-157.88732638910187,21.511069511800205],[-157.88728512602373,21.511258949397003],[-157.88732643502843,21.511539279377132],[-157.88736147209246,21.511851183298067],[-157.88737299339772,21.512081626776897],[-157.88734410878527,21.512388588656943],[-157.88723806481758,21.512686000591025],[-157.88716218858,21.51298361533458],[-157.8870562822832,21.513262958525768],[-157.8869266199837,21.513492457096234],[-157.88684374033292,21.51360031060851],[-157.88667328782304,21.51363982264124],[-157.8864553587862,21.51357512682597],[-157.88590838332456,21.513458539105187],[-157.88579030055035,21.5134351628246],[-157.88571452089522,21.513403036790024],[-157.88556682334897,21.513465285978704],[-157.88539606076972,21.513545446912037],[-157.8851846473827,21.513575650089233],[-157.88477320235478,21.513568374259336],[-157.88453152102133,21.513611923351707],[-157.88435479320881,21.513683011301495],[-157.88420806023206,21.513776882324102],[-157.88400840487864,21.51384781484219],[-157.88387877024093,21.513914700157667],[-157.88373096895785,21.513990497730695],[-157.883584683738,21.51402565033449],[-157.88341953980552,21.514001957644933],[-157.8832069207167,21.514032148404393],[-157.8829844763609,21.514084859540194],[-157.88271359040695,21.51415982894842],[-157.88242505168702,21.51417595800925],[-157.88214802917508,21.514264436148594],[-157.88197223082014,21.51437166304888],[-157.88181260206957,21.514415759436627],[-157.8816190128621,21.514482212732936],[-157.881471208966,21.514558006411043],[-157.88131871637074,21.5146157026786],[-157.88105955093434,21.514735916114567],[-157.88080700649724,21.514779386880793],[-157.88055897547773,21.51486354155828],[-157.88040027576196,21.514943778097265],[-157.88027767316902,21.515037809154663],[-157.88012997185848,21.515100053348323],[-157.8800068544348,21.515103740668867],[-157.87986574028645,21.5150937564004],[-157.87972952219724,21.515074772851197],[-157.87957065281603,21.51501949824578],[-157.8793939956269,21.514923451872985],[-157.8792585050465,21.51480961405403],[-157.87907116120275,21.5146909110454],[-157.87891763795568,21.514567918053924],[-157.8787410856989,21.514458320988894],[-157.87858763421082,21.51432629436757],[-157.8784343206553,21.514176200892233],[-157.87824622220418,21.51399877207985],[-157.87809908049925,21.51383065214087],[-157.8779637643281,21.51369422994429],[-157.8777282317047,21.51340807227617],[-157.87758123182817,21.513221885220425],[-157.8774401270159,21.513053805329726],[-157.87731680771307,21.512926497135386],[-157.87720510736872,21.5128579886521],[-157.87706296248027,21.512825410609675],[-157.87685200200553,21.51279688460523],[-157.87665165881006,21.512800049959708],[-157.8764633834396,21.512803293578838],[-157.87636312457073,21.512816167740937],[-157.8762219435837,21.51281521384883],[-157.87609286415025,21.512809826203682],[-157.87600364002398,21.512800188079083],[-157.87580991882464,21.512726607733967],[-157.87572090221238,21.51268987120701],[-157.87559827322974,21.512630321902346],[-157.87542669160754,21.51250268732313],[-157.87493275099933,21.51302331538031],[-157.87479135115274,21.513207555651693],[-157.87468022245807,21.513378447307602],[-157.8745098971557,21.513557973611572],[-157.8743746688272,21.513724185650062],[-157.87423940539622,21.513894915138405],[-157.8741332762076,21.514043257358924],[-157.87408630959555,21.514187481626312],[-157.87395090621567,21.51437627662313],[-157.8737448538099,21.514650416086447],[-157.87351522355118,21.5148521256586],[-157.87333310562298,21.514995433983763],[-157.8731148796767,21.515283041127482],[-157.8729500264885,21.51553487306712],[-157.87273291267906,21.515677945292985],[-157.87256814072484,21.515762650082312],[-157.8724147029542,21.51594228805776],[-157.87220327403875,21.516130566082243],[-157.8719910571409,21.516264633840937],[-157.87170257494176,21.51642980053665],[-157.87145022275976,21.51660424659349],[-157.87120297493846,21.51674259154186],[-157.87102064598366,21.516912997126152],[-157.870756190134,21.5170918743894],[-157.87040801918954,21.517328905319705],[-157.87004422769343,21.51755679412356],[-157.8698201841085,21.517659158777732],[-157.869696612471,21.517721555026075],[-157.86925546303,21.51749722096631],[-157.8690375740773,21.517427982258862],[-157.86880203902936,21.517299903997014],[-157.86857843074435,21.517189973855533],[-157.86833689791382,21.517057335602512],[-157.86814849590345,21.51692054400457],[-157.8679840166824,21.516811015835803],[-157.86782532829315,21.516733145079463],[-157.86766039462222,21.516682335009172],[-157.86745457483786,21.51661317617284],[-157.8672305495778,21.51655744514206],[-157.86698352797075,21.51651058881244],[-157.8667775317463,21.516464014256734],[-157.8665245810294,21.516403568121618],[-157.86627759499314,21.516352194108585],[-157.86599454807782,21.516282507173532],[-157.86584778634122,21.516222785007983],[-157.86560573190775,21.51615789464441],[-157.86536467403886,21.516120112087098],[-157.86517053852094,21.516100717578926],[-157.86494744116075,21.516081125916617],[-157.86471117440954,21.5160478918992],[-157.86452868414446,21.51608277859212],[-157.86435261334415,21.516068024719118],[-157.86418140259158,21.51604878502949],[-157.86392334715154,21.516024435435263],[-157.86369911368044,21.51599580059351],[-157.8634821205587,21.515967212039346],[-157.8632288571209,21.51594741090018],[-157.86294642207682,21.51595451022706],[-157.86263981779206,21.515965963098548],[-157.86238134102598,21.515995810975017],[-157.8621517889477,21.516030372505977],[-157.86202760490508,21.516015971673255],[-157.8618101559153,21.51604609834675],[-157.86156342835005,21.516116678887446],[-157.86139279431066,21.51617874613321],[-157.86119202480413,21.516236088911086],[-157.86105138117495,21.516320946657622],[-157.8608454706065,21.516418905942793],[-157.8606684141577,21.516530613482654],[-157.8605033902741,21.516646920757307],[-157.86031554141263,21.516749521348242],[-157.86019260998293,21.516884186853545],[-157.8599974527914,21.516995769131245],[-157.859827388639,21.517139142602673],[-157.8596683588323,21.517260008631812],[-157.8595096488829,21.517340222879035],[-157.85939207182597,21.517407169190292],[-157.859285422707,21.51746515631955],[-157.85860911630851,21.517686355757803],[-157.85830311633313,21.517774589010077],[-157.8580624904889,21.517836170342278],[-157.85796219276426,21.517853548064892],[-157.85780897595242,21.517847977372792],[-157.85762576967997,21.517819616862774],[-157.85747862375655,21.51780957053233],[-157.85736150259928,21.51781779715737],[-157.85723824381574,21.517839534143302],[-157.85714380203987,21.517879535890113],[-157.8569965482086,21.517883039050975],[-157.8568613281385,21.517891143188997],[-157.85671379357083,21.51793077925765],[-157.85652008658064,21.518010749041895],[-157.8563906153024,21.518055027253318],[-157.85630196224633,21.518126686361637],[-157.85611957192594,21.51814801551443],[-157.85594328781727,21.51816035074429],[-157.85581402841788,21.518177528644774],[-157.85571983554783,21.518185913080792],[-157.8556133623078,21.518221314568972],[-157.85554263273318,21.518315681461825],[-157.85551388779055,21.51844195710208],[-157.85547815102825,21.51853656660689],[-157.85539553085832,21.5186082665699],[-157.85528394732006,21.518679767851456],[-157.85523124641534,21.518783294712446],[-157.85510152642576,21.51885918654575],[-157.85493691937387,21.5189212882879],[-157.8547782759929,21.518992464545775],[-157.85462569859678,21.519059165391283],[-157.85448987554065,21.519144050414546],[-157.85441296951865,21.519256442814445],[-157.85434220034776,21.519355326652395],[-157.85430795260748,21.51941380922172],[-157.85427246364995,21.519476801950393],[-157.85420094888053,21.51951696114279],[-157.85410795989557,21.519525352896178],[-157.85398931369662,21.519574220359537],[-157.8538606219843,21.519672704442023],[-157.85373668811522,21.51978025304842],[-157.85367220086823,21.519847561548982],[-157.85354226846795,21.51995055372467],[-157.8534307912717,21.520008503772956],[-157.85327136170724,21.52002547055618],[-157.85314799427033,21.52006075160457],[-157.85301230932956,21.520127568778232],[-157.85286590742433,21.520176242852564],[-157.85263613531396,21.520237892512295],[-157.85250659201472,21.52029119903569],[-157.8523767983823,21.520376123691584],[-157.85225421147697,21.520465614678756],[-157.85200690440755,21.520454870995845],[-157.85180627068075,21.52049413551326],[-157.85164201547155,21.520511065705858],[-157.8515062939771,21.520582398235582],[-157.8514120648899,21.520595296797655],[-157.85128273197057,21.520621502523255],[-157.85108795301403,21.52068339264945],[-157.8509355162956,21.520732023437727],[-157.85079361851132,21.520821378541882],[-157.8506059384004,21.520901384472676],[-157.85037009511868,21.520967504184643],[-157.8500941112562,21.521073997969232],[-157.8499050450333,21.521176576102793],[-157.849729218114,21.521283763942016],[-157.84956456877308,21.521350376760346],[-157.8494107107798,21.521426097557633],[-157.84920514147908,21.521478875462073],[-157.84905749477838,21.521532054378383],[-157.8489521532463,21.521576493001785],[-157.84888777076327,21.521630249626334],[-157.84866363395446,21.521895188227308],[-157.84852240762697,21.522052286379143],[-157.8484283125032,21.522200677683095],[-157.84831721780589,21.522362502230266],[-157.84819334701746,21.522461005907914],[-157.84806351351926,21.522550434582993],[-157.84795777929395,21.5226445481937],[-157.847898859039,21.522770601222398],[-157.84785796587377,21.522905812427002],[-157.84781664815517,21.523095218633497],[-157.84778661562697,21.523230504793137],[-157.84776982271484,21.52337040103575],[-157.84775800024704,21.52349226410529],[-157.84768136984763,21.52356851276716],[-157.8475985630785,21.523662784417844],[-157.84748693643155,21.52373878949981],[-157.84735742201747,21.52378757152974],[-157.84721658343656,21.523894987324418],[-157.84703350803684,21.52400209672338],[-157.84689788629183,21.524059859084517],[-157.84669227314205,21.52411712858803],[-157.84639781723322,21.52426861988684],[-157.846213427989,21.52438926986659],[-157.8461043544442,21.52444721691676],[-157.8459984016842,21.52456841802879],[-157.8458571313974,21.524730017587498],[-157.84578603374095,21.524869528894662],[-157.8457099285131,21.525031588061566],[-157.84566278564404,21.525193849344717],[-157.845609714879,21.52534252080032],[-157.84557488934254,21.525473252792185],[-157.84552700525597,21.525576796831608],[-157.84545633418765,21.525662111203125],[-157.84535105819856,21.525697501447784],[-157.845096956931,21.52578152731384],[-157.8448382444915,21.525838419655994],[-157.8446145979072,21.52588652607854],[-157.84443790930789,21.525948511607442],[-157.8442793202931,21.526010625917802],[-157.84420279401638,21.52607331754279],[-157.8440734451343,21.526253065471764],[-157.8440260498539,21.526446938885066],[-157.84387344888046,21.52666717191281],[-157.84372624943967,21.526815177783835],[-157.84358518895206,21.52694967726894],[-157.84344916988175,21.52705711399108],[-157.84335027494623,21.52720094286011],[-157.84324318359825,21.527313098592792],[-157.84311955565911,21.527379974564173],[-157.84300806416442,21.527437900866914],[-157.84287275112786,21.527608572650482],[-157.8428968659241,21.527915863141313],[-157.84284339869473,21.528114209953287],[-157.84277847159495,21.52823569509348],[-157.84273775186298,21.528348319799846],[-157.84267296865775,21.52845174024016],[-157.8426142560797,21.528550689511672],[-157.8425785064802,21.528645281191523],[-157.84256075048106,21.528753551888634],[-157.84252613697615,21.52885718515894],[-157.84247814026008,21.528974274352322],[-157.84244959740008,21.52907343466038],[-157.8424256998454,21.52919521150346],[-157.8424139080278,21.52931255546957],[-157.84240825661212,21.529416395062412],[-157.84237853969682,21.52951103033988],[-157.84233789278292,21.529614621687664],[-157.84226682309472,21.529749614530907],[-157.84219596712364,21.529857507648078],[-157.84209582826765,21.530005843837674],[-157.84206124892336,21.530104962154958],[-157.8420022826635,21.530235522001355],[-157.84195509699032,21.530402296677444],[-157.84191309944777,21.530523944153718],[-157.84187184115447,21.53070431232859],[-157.84184904218523,21.53083964363373],[-157.84184310375443,21.53097961245374],[-157.84184948515716,21.53108805238295],[-157.84184840883987,21.531223538090938],[-157.84185482702975,21.531327461412012],[-157.8418730598446,21.531463084774565],[-157.84187859258006,21.531526353813017],[-157.8418728680345,21.531639224750567],[-157.84184340384064,21.53170224722189],[-157.84178380193362,21.531760539981516],[-157.84169648172954,21.531814119794422],[-157.84157266820608,21.531903572005344],[-157.84149010349233,21.531966218444847],[-157.84140703517903,21.53209209196139],[-157.8413016346844,21.53229458609467],[-157.8412015270568,21.532438404965315],[-157.84112552001207,21.532586909854455],[-157.8410774869167,21.532708513305195],[-157.84105490184305,21.53281674837565],[-157.84100164505972,21.532987997340996],[-157.84092443067223,21.533136492818983],[-157.84085449299158,21.533280522860228],[-157.8408126718775,21.533379588693006],[-157.84077198486997,21.533487696109898],[-157.84074237544084,21.53356878115179],[-157.84074279161325,21.53366814589335],[-157.84072521562217,21.533753835024314],[-157.84068964166377,21.533825846691325],[-157.84061907217136,21.53389760970889],[-157.8405012545501,21.533991619540892],[-157.84040168479302,21.53406769412299],[-157.84028383102665,21.534166220395218],[-157.8401415173628,21.534305222802285],[-157.84001237208602,21.534457865411984],[-157.83991858193974,21.534565596062027],[-157.83983619440394,21.53460566033449],[-157.83971844747495,21.534690638150114],[-157.83900091074375,21.535376561905572],[-157.8396241627243,21.5359229539439],[-157.83989464908677,21.536209408166805],[-157.840083177487,21.536481730656487],[-157.84020624984007,21.536789721833742],[-157.84033649965417,21.537409396985012],[-157.84040710282858,21.53778927845323],[-157.84052475123025,21.538020450578976],[-157.84058405492112,21.538151848038755],[-157.84073056233103,21.538396774823166],[-157.84086651875293,21.538754536911547],[-157.84112514179338,21.539623528889738],[-157.84123114394637,21.539953979624983],[-157.84127848566135,21.540071743182647],[-157.84141996612158,21.54019017337929],[-157.84199017709585,21.54164399562665],[-157.84213125347753,21.54196566471649],[-157.84222548784365,21.54210634149931],[-157.8423318979816,21.542233555804593],[-157.84243731723737,21.54233366564779],[-157.84261969257471,21.542470451621977],[-157.8432789188015,21.542899669719063],[-157.84372038948624,21.543087971314115],[-157.84413896467638,21.5432715926108],[-157.84475151388745,21.543804354873085],[-157.84486846713764,21.54397229242588],[-157.8449448526302,21.544081229751107],[-157.84503327180323,21.544194765444836],[-157.8450976230134,21.54429910068768],[-157.84529855305823,21.544684423323478],[-157.84546885503357,21.544974681466332],[-157.8455161678401,21.54509696240775],[-157.84560437177697,21.545237595676216],[-157.8460811957074,21.54568810123999],[-157.84612886632812,21.545765217725364],[-157.84621082228642,21.545932906805554],[-157.84631655931094,21.546145930785077],[-157.84631637288967,21.546322072514943],[-157.84635218165607,21.54652556625156],[-157.84639370199613,21.54676975121993],[-157.8464229456235,21.546887384632676],[-157.8464282585988,21.54713130462364],[-157.8463817795999,21.54736131027182],[-157.84631080617677,21.54763630775623],[-157.84627522514756,21.547861871900057],[-157.84622305269514,21.548353786875982],[-157.84620443924743,21.548570440100683],[-157.8462280724664,21.548787391102255],[-157.84628163416306,21.54888261575331],[-157.84631120134927,21.548959601503626],[-157.84631048720487,21.54904992466519],[-157.8463169434759,21.549149329351227],[-157.84632822569478,21.549248769237845],[-157.84641092840562,21.54947517350626],[-157.84649885005484,21.549651933843275],[-157.84669354540154,21.55006430033261],[-157.84675779313787,21.55018218124733],[-157.84684043218462,21.550264059919908],[-157.84691121566416,21.55031875721959],[-157.8470346414252,21.550432539515224],[-157.8471522822477,21.55051466733527],[-157.84735884747994,21.550647097160837],[-157.84751230391538,21.55077914695531],[-157.84761130457284,21.550928880398597],[-157.8478178633476,21.551214859309386],[-157.84800031973293,21.551496152765615],[-157.84813627553632,21.551704858635677],[-157.84828320065822,21.551900091423487],[-157.84849505343902,21.55212739421566],[-157.84860691102884,21.552177857701242],[-157.85001374811898,21.554089111230713],[-157.8503732458657,21.554574884063122],[-157.85034945832376,21.55468311196014],[-157.85038488584865,21.55478271996685],[-157.8504792418872,21.55490984094317],[-157.85059028383486,21.555064176278684],[-157.85072063933623,21.555218646521563],[-157.85086160637852,21.555404806033813],[-157.85101471709626,21.555582019043086],[-157.85112008164438,21.55569114994113],[-157.8513969449527,21.555941490738967],[-157.85198039103486,21.556501094917706],[-157.8520390025134,21.55656925150537],[-157.8521216125642,21.556655642598702],[-157.8522269758142,21.556764772834356],[-157.8524034496928,21.556887952258005],[-157.85254509743697,21.55698830383273],[-157.85274589026065,21.557089069646963],[-157.85290447248917,21.557185026055436],[-157.852981332339,21.557235244097136],[-157.8530931954477,21.557285706590765],[-157.85335217461795,21.557355264905866],[-157.85361672684485,21.557483574932053],[-157.85407611091563,21.557703575915905],[-157.85427562784398,21.557813364904945],[-157.85442359682327,21.55787762893481],[-157.85465318306063,21.5580011783663],[-157.85480015813351,21.55803833587796],[-157.8548944841314,21.558016414133427],[-157.85504120949344,21.557931625276993],[-157.85517085879792,21.55786929968897],[-157.8553525536962,21.557789271222838],[-157.8555292420616,21.557731790679966],[-157.85571782358323,21.557696975011925],[-157.85590622691916,21.557684741317868],[-157.8561063474532,21.557717752852646],[-157.85633625370835,21.557800654045113],[-157.85647705221447,21.557855833352335],[-157.85669510183587,21.55791155152764],[-157.85676652904135,21.557884951147162],[-157.8568423959971,21.55790806308286],[-157.85700719419236,21.557981475829404],[-157.85723106619707,21.558064332629062],[-157.85748994288636,21.558147434522784],[-157.85773192215248,21.558230418408318],[-157.85802577050083,21.558318279651452],[-157.8581789235737,21.55833741270634],[-157.85839026165132,21.55832533515919],[-157.85871407296085,21.558440503451948],[-157.85935612014214,21.5586120843856],[-157.85956206629658,21.55867223291585],[-157.86011571910893,21.55887933019709],[-157.86053919157203,21.559062936893433],[-157.86085154315222,21.559254804136103],[-157.86121586878008,21.559437999461846],[-157.86191718716577,21.55975000053389],[-157.8626701298185,21.560098489647356],[-157.8634001751051,21.560442302441583],[-157.86384232462711,21.560553771120524],[-157.86401337604667,21.560600123979725],[-157.86416049719566,21.56061921053044],[-157.86427776005542,21.560597441625173],[-157.86440133767857,21.56053958249913],[-157.86453719690883,21.56045470933942],[-157.86467798879355,21.560356319049724],[-157.86478977661017,21.560262246128985],[-157.8648843850605,21.560204185674294],[-157.86493099093406,21.560109659629678],[-157.86495459312147,21.560024007028264],[-157.86496651029864,21.55988859104477],[-157.86502471579422,21.559699296861364],[-157.86508970951115,21.559568764611956],[-157.8652017073019,21.559447593370965],[-157.86534260318072,21.559335652543],[-157.8654725659748,21.559232670907072],[-157.8655904228497,21.55913412182696],[-157.8656723839254,21.55899467286395],[-157.86581363119384,21.558837568864284],[-157.86602005828365,21.558680915459846],[-157.86617874264334,21.558609746770703],[-157.86635514749625,21.55858838408636],[-157.86649619664573,21.558611944087584],[-157.8666676328624,21.55860861297276],[-157.8669032175758,21.558583142479762],[-157.86723867415483,21.558599012305777],[-157.8675913774343,21.558569832590337],[-157.86788066751419,21.55846794953975],[-157.86821575621676,21.558375412549005],[-157.86848683555243,21.55828695176581],[-157.86874598318926,21.55818034202913],[-157.86892795104117,21.55806416351541],[-157.8691342668634,21.55792105414738],[-157.86919801308727,21.557795026710384],[-157.86921585723678,21.55767319927825],[-157.86909292990342,21.55749168464443],[-157.86905161239267,21.557215881906558],[-157.86914555302303,21.556931979424746],[-157.86911042531796,21.556791719637715],[-157.86906901926434,21.55668303359069],[-157.86896313348356,21.556483568798324],[-157.86892172567227,21.55637488451293],[-157.86891039076679,21.556279954937192],[-157.86956895714982,21.55618964416189],[-157.86976977947467,21.55613231190187],[-157.87000453769585,21.556057145557354],[-157.87030450968976,21.555977911230332],[-157.87058196637875,21.555844320308914],[-157.87088225328,21.55572443691698],[-157.87151133928484,21.555543579155543],[-157.8717529187676,21.555522657243394],[-157.87207050349778,21.555506773431564],[-157.87225879978533,21.555508067396183],[-157.87249996224276,21.555541331529927],[-157.87274826039587,21.555588194228633],[-157.87311250390718,21.555626815746663],[-157.87340667173876,21.55567399119753],[-157.8735126806655,21.555701814407012],[-157.87382460565905,21.55579427798917],[-157.87414235517997,21.5559138798489],[-157.8747439580428,21.556166403627476],[-157.87489665899588,21.556244228746788],[-157.8750961561013,21.55635850646284],[-157.8753795555267,21.556550140773474],[-157.8756147086872,21.556736930468556],[-157.8758559334843,21.556919242107224],[-157.87608953182308,21.557151187744143],[-157.87614350006947,21.55719672233437],[-157.876180468148,21.557255691135296],[-157.87620898496525,21.557314602945482],[-157.87623505290156,21.55737801512675],[-157.87626474201645,21.557441451719406],[-157.87629322410316,21.557504880169294],[-157.87631446582415,21.557568259800185],[-157.87634053384699,21.557631671967023],[-157.87637143010937,21.55769511668085],[-157.87640963735177,21.557749576902676],[-157.87645267379565,21.557804071478166],[-157.87648598425264,21.557867532447332],[-157.8765036049341,21.55793088764668],[-157.87650308306425,21.55799863562648],[-157.87651342471113,21.5580664568366],[-157.87652376636606,21.558134278045948],[-157.87652686567645,21.558202050434655],[-157.87653358809746,21.55826984724587],[-157.8765415166035,21.55833765399334],[-157.8765313382707,21.55840533507061],[-157.87646712055687,21.55843651405403],[-157.8764017315105,21.55846316913152],[-157.87633158282836,21.558480758319266],[-157.87626033243728,21.558484789389222],[-157.8761892202758,21.558470755622004],[-157.87611810910906,21.558456720024857],[-157.87603827007325,21.558478760627615],[-157.8757806030088,21.55917710027857],[-157.87589759797748,21.559503103396345],[-157.87589803917095,21.55960247423861],[-157.875862233433,21.55970611566673],[-157.8757683518614,21.559827427442784],[-157.87564535917568,21.55996660849192],[-157.87551536759477,21.56007412402162],[-157.87533921731713,21.560375543134576],[-157.87532185628072,21.56059222919119],[-157.87532800881417,21.56089037603531],[-157.87541610361873,21.56120714881966],[-157.87545688867456,21.561397129561836],[-157.87543303940242,21.56167248679544],[-157.8753631445376,21.561970114973672],[-157.87526263332805,21.56216816683238],[-157.8751684689394,21.562325609509234],[-157.87498615267077,21.56248696847469],[-157.87478679920198,21.56266627790394],[-157.8746625611457,21.56280996472567],[-157.87461533494073,21.562985795162295],[-157.8746511863525,21.563189293369092],[-157.87471576427302,21.563424603736767],[-157.87473323246147,21.56366410922164],[-157.87474515314867,21.56384034269809],[-157.87473417272932,21.56401190463677],[-157.8747281243134,21.564169949232184],[-157.8748166268043,21.564590609655856],[-157.87491024589315,21.564817085900806],[-157.87500517692644,21.565030020311102],[-157.87503389303987,21.565219918701764],[-157.87502767059135,21.56540054472148],[-157.8749931296576,21.56565324602025],[-157.87501628547312,21.565937958654793],[-157.87502278654307,21.566190940661972],[-157.87492851386352,21.56683167226643],[-157.87486950304645,21.567282943745216],[-157.87481067910662,21.567553544841783],[-157.87476444729563,21.567756481363034],[-157.87481139694296,21.56808652525832],[-157.87482267825604,21.56850214173132],[-157.87483471117454,21.56944621916081],[-157.87485851722073,21.569803204351597],[-157.87487678773272,21.569938830500607],[-157.87491795743546,21.57007912998469],[-157.8749588483161,21.57025556260681],[-157.87495866296433,21.570436231085296],[-157.87495333618605,21.570657513131515],[-157.87490637122752,21.57095529727919],[-157.8748645504428,21.571212464237284],[-157.87482976232144,21.57149677994174],[-157.87481729487047,21.57170446488927],[-157.87482424576953,21.571898728553215],[-157.87489493088728,21.572125035422708],[-157.87488825340435,21.572364364061592],[-157.87488888772162,21.572594707421054],[-157.8749187383408,21.572793637195744],[-157.87497176949572,21.57296110899709],[-157.87507181108234,21.573137937444333],[-157.87526022027262,21.573283751629337],[-157.87543659187259,21.57342496927285],[-157.87559503317084,21.573543481315696],[-157.87577791594148,21.573779587972375],[-157.87598373779917,21.574015852854632],[-157.8761610056889,21.574197724114974],[-157.87650198703923,21.574597506093273],[-157.8766610071612,21.574797317672516],[-157.87682037966096,21.574951968123017],[-157.8770317993042,21.575088907252287],[-157.87730851152565,21.57521274283213],[-157.8775213150873,21.5753271099127],[-157.87770293757345,21.575414163549347],[-157.87784486463815,21.57548288023423],[-157.87816824202312,21.57566123138128],[-157.87848624462342,21.57575373224244],[-157.87895214223178,21.575924022216604],[-157.87935230644214,21.5760080497259],[-157.8797876875264,21.576065217287784],[-157.88002974510806,21.576143647487225],[-157.88035954360709,21.57627235741387],[-157.88063022505926,21.576396148905836],[-157.8808126774557,21.576532888730483],[-157.8809887839116,21.576710234056048],[-157.88148399948878,21.57699363257725],[-157.8818305656217,21.57714052164133],[-157.8821134261517,21.57725084373832],[-157.88248520469566,21.57741597004981],[-157.8827788293133,21.57753991573486],[-157.88310818449622,21.57772733511233],[-157.88332706727584,21.577837220729336],[-157.88355657026096,21.577978795455216],[-157.88383287872165,21.578156820461334],[-157.8840919753577,21.578375378053284],[-157.88430982042576,21.578620752997406],[-157.88461020359938,21.5789660555873],[-157.8850230986756,21.579438584693538],[-157.88511746523776,21.57957020795597],[-157.8852347724183,21.579701986541867],[-157.88545907120803,21.579893206080197],[-157.88571723971506,21.58023370377761],[-157.88597696296884,21.580529048067042],[-157.88611385962074,21.58078290762418],[-157.88626627932095,21.58105945532943],[-157.8863186378213,21.58115917518741],[-157.88645991486058,21.58147178149125],[-157.88655404235027,21.581793098967676],[-157.8865949817378,21.58212308911553],[-157.88667748405337,21.582385611987526],[-157.88670766477446,21.58254389754674],[-157.8870726829077,21.584858881803004],[-157.8871200035921,21.58514374829549],[-157.8871026524036,21.585360428331636],[-157.88713455705079,21.585450975665157],[-157.8871852281393,21.585613918578336],[-157.887356174701,21.58599447575763],[-157.8875273299058,21.586506016596967],[-157.8875681689514,21.58669147451437],[-157.88769227630365,21.586882016484317],[-157.88790389638868,21.58731253423024],[-157.8882043713598,21.587964967970127],[-157.8883407621345,21.588286573954697],[-157.88838167347444,21.588463002017185],[-157.88836356248385,21.588620959391925],[-157.88842251278186,21.588806543470874],[-157.88852875450328,21.58896534558618],[-157.88864707252011,21.589124231872436],[-157.88869353752983,21.589205847786022],[-157.88885317874218,21.58948696386272],[-157.88899426147987,21.58966858629018],[-157.88913537900768,21.58984569376124],[-157.8892944364437,21.590045507050704],[-157.88942361919405,21.59020446712516],[-157.88967757431539,21.590468156766015],[-157.8898545336349,21.590695191175506],[-157.89007764859807,21.59088640441123],[-157.89029617671733,21.591045970396756],[-157.89049662870394,21.59120089874345],[-157.89064913365272,21.5913103330563],[-157.89081964568032,21.59143344149524],[-157.89100316064963,21.591592769677526],[-157.8912142757949,21.59177486956094],[-157.8913917902784,21.59192963867661],[-157.8915559574985,21.592093352505938],[-157.8917742120988,21.59228905172755],[-157.89188663607638,21.592429830894144],[-157.89204555625014,21.592489624565225],[-157.89222824744837,21.59259926385053],[-157.8923808238993,21.59269966516726],[-157.89255195742686,21.592741476610733],[-157.89268083379272,21.592783000447348],[-157.89286314182252,21.592784236640025],[-157.89306342278422,21.59280365970759],[-157.8931936097178,21.59283164301343],[-157.8936404015994,21.592983721221838],[-157.89371122261335,21.593038401822948],[-157.8938241304544,21.59311595015193],[-157.89399447483893,21.593261638811633],[-157.89414191313995,21.59340265462123],[-157.89440681532338,21.593657381829757],[-157.89457112412185,21.59380302984291],[-157.89474833609168,21.593998447354796],[-157.89490140320316,21.59419370076892],[-157.89507209933308,21.594452309335203],[-157.89523099852423,21.594674702518827],[-157.89538989625314,21.59489709645611],[-157.8955432806163,21.595209786930653],[-157.89567951337253,21.595395894194812],[-157.8957501650293,21.595473155497377],[-157.89581471232614,21.595559410051806],[-157.8958500428803,21.59567708356037],[-157.8958972055327,21.59582645377889],[-157.89595592727514,21.59604365219246],[-157.89600885493732,21.59622919573604],[-157.89602055853706,21.59643704303342],[-157.89601566995964,21.596604128265287],[-157.89602091710523,21.596708047899615],[-157.89606801365483,21.5968664496024],[-157.89612772931568,21.59695266658102],[-157.89623384919028,21.597129527277062],[-157.89635145820017,21.59738324308101],[-157.89641035147093,21.597577849002164],[-157.89645693320534,21.597803986066264],[-157.89671611553953,21.59801801455271],[-157.89679322413966,21.59819919405701],[-157.89686998966272,21.598425536528897],[-157.89693468139998,21.598651797132035],[-157.89699333823341,21.598878017711552],[-157.89700507566477,21.59908133562251],[-157.89707039345075,21.59938438020114],[-157.8972458741391,21.599968190154875],[-157.89736406085888,21.59998704267785],[-157.89747551826292,21.59993810262371],[-157.89750488056447,21.600046693453894],[-157.89759275432112,21.600241485573488],[-157.89777537812327,21.600838872233584],[-157.8977278792029,21.600892754841507],[-157.89769324850914,21.601000918112327],[-157.89759307576975,21.601153812435854],[-157.8976218548624,21.601339177442515],[-157.89768078738334,21.601529260894946],[-157.89786308837736,21.601851141330407],[-157.89794562732538,21.602271722470515],[-157.89798085654067,21.602402932900834],[-157.8980275331513,21.60245744107652],[-157.89824508227827,21.60258986604446],[-157.8984158935375,21.60283489268468],[-157.8985278504474,21.60303887757003],[-157.8986103746348,21.603143305053674],[-157.89872218513295,21.603207279766455],[-157.89881619268505,21.60323048639536],[-157.89893469177116,21.603208693387803],[-157.89903984065825,21.603195842122705],[-157.89948185362408,21.603663978740457],[-157.8999638869107,21.60410979712366],[-157.90104204309043,21.60492541270679],[-157.90125345912514,21.60507134409142],[-157.90151880107794,21.60527183214917],[-157.9020010037207,21.60553699032164],[-157.90260150454642,21.605807450710767],[-157.90349708228095,21.606179229284056],[-157.90379671494915,21.606316712405505],[-157.90484489430878,21.60678886100882],[-157.9050975420133,21.60691248098081],[-157.90527981581596,21.60708080013043],[-157.90530401782988,21.60659317370528],[-157.90547443566186,21.607213068782617],[-157.90569888749414,21.607232621941733],[-157.90608134619808,21.607275801935288],[-157.90632287172858,21.60727288385936],[-157.90687679069373,21.607317198170303],[-157.9069709371372,21.607322337264073],[-157.9074116792293,21.607483331011075],[-157.90766536647126,21.607629537595596],[-157.90795359463138,21.607839207098117],[-157.90851827122347,21.60838041004532],[-157.9089423783296,21.608184481178515],[-157.90933713224402,21.608038041004768],[-157.9094380173423,21.608110970944786],[-157.90915445171746,21.60824459882441],[-157.90881879523985,21.60840046178455],[-157.90870723303055,21.608462957493995],[-157.90867150533433,21.60855757071745],[-157.90875450018603,21.60876136467015],[-157.90889533930581,21.60914168973403],[-157.909024376092,21.609485803919547],[-157.9090244839287,21.609792931900035],[-157.9090653896179,21.609973866086985],[-157.90918753383502,21.61011017036848],[-157.90932185683147,21.6102330055374],[-157.90943257173137,21.610283420905102],[-157.90954949546077,21.61031129241993],[-157.90963156992825,21.610316350940497],[-157.90971110803972,21.61017686293854],[-157.90973603570401,21.610073144920275],[-157.90978964159987,21.610010266924988],[-157.90987771860657,21.61001988155544],[-157.90984037756752,21.610168681797596],[-157.9098094433907,21.610267843569975],[-157.909790516512,21.61037611782347],[-157.91015342716895,21.610450778933064],[-157.91025709091824,21.61063664545253],[-157.91002183405388,21.610607991844457],[-157.9097989221851,21.610543287255176],[-157.90951036702478,21.610536864477766],[-157.90941577622598,21.61059043806559],[-157.90948472516212,21.610735425362158],[-157.90954804394752,21.610826176581543],[-157.90974471538482,21.611008139804348],[-157.9097951599829,21.6110446056024],[-157.91029616371887,21.61154474171564],[-157.91051338733544,21.611884921983616],[-157.9106199043802,21.61201209094162],[-157.9106781913977,21.612129906574797],[-157.9108193905641,21.612302471515047],[-157.91097902732872,21.61259258915735],[-157.91113696068385,21.612787846090285],[-157.9114735745787,21.612988800087745],[-157.91173760253588,21.613207341595704],[-157.91201403376803,21.613543395050115],[-157.91245625584918,21.613993461904634],[-157.91273848158144,21.614523769703645],[-157.91286202438516,21.614958182324585],[-157.91326875828074,21.614987965362413],[-157.91272112989378,21.61522825166179],[-157.91266195105396,21.615390458621825],[-157.91267863394054,21.61574286761443],[-157.9127966281285,21.61643469175025],[-157.912772963489,21.61669198390623],[-157.91280850294032,21.6169451516235],[-157.91287293264438,21.617049458729678],[-157.91296691885552,21.617077178089595],[-157.91327319672467,21.61713791751869],[-157.91338512581282,21.6171883401892],[-157.91339058987194,21.61726515953045],[-157.91328529660314,21.61729608075854],[-157.91291957868518,21.617271082556606],[-157.9128554427981,21.617288725465862],[-157.91277916469892,21.617315320954702],[-157.912725233978,21.617744044607782],[-157.91260776712517,21.618271715440624],[-157.9124663600308,21.618609528988365],[-157.91235362036286,21.619150779324933],[-157.9123833918736,21.619367773266497],[-157.912476792706,21.619634871905692],[-157.9127190542179,21.620020388603823],[-157.91296581676235,21.620288502355557],[-157.91328359267476,21.620588701763204],[-157.91376053111418,21.620921570439627],[-157.91415576486364,21.621199697003448],[-157.91480557920787,21.621831807727748],[-157.91490523411247,21.621909250762986],[-157.91499315307854,21.621941450001067],[-157.9151530862181,21.622032842337283],[-157.91535860812198,21.62216518670333],[-157.91571245793102,21.622325613106568],[-157.91581198084722,21.622421124157256],[-157.91582388344068,21.622606392744668],[-157.91582331078538,21.6226831762604],[-157.91617665726295,21.62291135190567],[-157.91638962613263,21.62301664492888],[-157.91651850296796,21.623062664628613],[-157.9167016532088,21.62311807526607],[-157.91678950504416,21.62315930875408],[-157.91683613079576,21.623222850889423],[-157.9169372328438,21.623268687521048],[-157.91703098831934,21.62332802693513],[-157.91727780183967,21.623591633451046],[-157.9173835646361,21.6236600846656],[-157.9176079726918,21.62385127355005],[-157.91781986893983,21.624101102196413],[-157.91785565949453,21.624160056640047],[-157.91789624789817,21.62422356100898],[-157.9179725943129,21.624350538282673],[-157.91812595601468,21.6245141591146],[-157.91840914094092,21.624597332908856],[-157.9187448541169,21.624762154755103],[-157.91926285182808,21.624937215565495],[-157.91964573054616,21.625093316572556],[-157.91992824438296,21.62526682329199],[-157.920151786215,21.625412839699774],[-157.92046969166125,21.62569950334523],[-157.92070544737825,21.625990141884643],[-157.92077579152223,21.626112563901682],[-157.92080551104473,21.626175997051607],[-157.9208643825898,21.626217038540595],[-157.92107045216824,21.626277117440566],[-157.92106994923523,21.626344867689383],[-157.9210235894439,21.62640779980629],[-157.9210107753388,21.626507088454495],[-157.92104029577564,21.626597623484628],[-157.92105773982604,21.626688076519475],[-157.921105037775,21.62682389772946],[-157.92115814127024,21.626991376713672],[-157.9211757856254,21.627054729632665],[-157.9211882650878,21.627163219844874],[-157.92118206021433,21.627673593840214],[-157.92119360027888,21.627745942748074],[-157.92122325516644,21.627818409210377],[-157.9213522057203,21.628018007654667],[-157.92135861356985,21.62813097354591],[-157.92127589046243,21.628211733737416],[-157.92108109134793,21.628422743952868],[-157.92104543212596,21.628508329986943],[-157.9210280554121,21.628571453794983],[-157.92102231780308,21.62885598483825],[-157.920958010867,21.628896212285603],[-157.92087475024215,21.6288866271591],[-157.92073986399257,21.628836049303548],[-157.92063976325502,21.62881731911975],[-157.92046317823124,21.628852287748135],[-157.9203745827239,21.628910423015007],[-157.92031591121622,21.629004891397692],[-157.92029252938286,21.629063455595546],[-157.92028632283206,21.629248609927696],[-157.92030993726655,21.629321037299977],[-157.92035032675312,21.629411643025126],[-157.92047458093586,21.629593142217097],[-157.92061034187913,21.62968889587418],[-157.92079873632434,21.629852752764656],[-157.9209159447069,21.630007104512664],[-157.92102144841655,21.63011169251363],[-157.92118052388295,21.630157913887828],[-157.9212813974052,21.630235370287114],[-157.92128696635916,21.630298644820538],[-157.92127509236948,21.630434074731067],[-157.9212392985867,21.630537727495557],[-157.92120464534975,21.630650423255894],[-157.92111594783353,21.630884717259576],[-157.9210332903422,21.631119052214245],[-157.92099779927025,21.63134466402555],[-157.9209680099044,21.631452874389065],[-157.92083899110742,21.631750139382333],[-157.92080960409731,21.631804147738745],[-157.92063861559123,21.632060480727258],[-157.92041412041172,21.63252875471061],[-157.92036742360952,21.632636851492304],[-157.920308515546,21.632762934711877],[-157.92027312320826,21.632812387045],[-157.9202145161206,21.632897820110383],[-157.92005496715453,21.63307743946816],[-157.91987874202852,21.633387938454792],[-157.9197191252814,21.63341397894119],[-157.91942464961025,21.63354752995019],[-157.9191956906811,21.63364086527147],[-157.91902966636536,21.63371654925439],[-157.91890688290567,21.633824139831667],[-157.91875940643786,21.634003834555884],[-157.9187065675728,21.63412543970943],[-157.9186585940252,21.634242559603013],[-157.91860605593348,21.63448612280803],[-157.91859350625083,21.634549275857037],[-157.91859340016282,21.63488804129481],[-157.91859976340973,21.635493348237304],[-157.91861710321527,21.635759961385595],[-157.91862958120998,21.63586844982345],[-157.918763829286,21.63633006810396],[-157.9187756978648,21.636682463882085],[-157.91875278311798,21.636840402427488],[-157.91871708663925,21.636930502601317],[-157.91869289583835,21.637097466612598],[-157.9186821590833,21.637241935504978],[-157.91866346961072,21.63731859925771],[-157.91862277390817,21.637431249524674],[-157.91858674190118,21.63756651639563],[-157.91856369129357,21.637742521571077],[-157.91853389958953,21.63785072767954],[-157.91854030531258,21.63796369347527],[-157.9185044383191,21.63807637692714],[-157.91838674765805,21.638310469421313],[-157.91836275894332,21.63845033330258],[-157.91833896598817,21.638725703386374],[-157.91830994436395,21.6388926331253],[-157.91822143519153,21.639262427555305],[-157.9181621849848,21.639433672824595],[-157.9181210069646,21.64009738041521],[-157.91811562881395,21.64049482993833],[-157.91812713442485,21.640571693792936],[-157.91818030600064,21.64073014018088],[-157.91822052777735,21.640843331534228],[-157.918314931622,21.640979468197738],[-157.9183860488767,21.641160619416496],[-157.9184855491349,21.641423264801354],[-157.91850919990347,21.641491177518436],[-157.91852744785845,21.641635840390478],[-157.91855113232373,21.641699234624333],[-157.9185921597729,21.641866633818754],[-157.9185973577991,21.641979591707],[-157.91871567690663,21.642310116409313],[-157.9187386553318,21.642468362517473],[-157.91880974302956,21.642654031168473],[-157.9188450337907,21.64278073915507],[-157.91892078473646,21.642989025266374],[-157.91892742424778,21.643070372484683],[-157.91894510381525,21.643129210702998],[-157.91896277805586,21.643513266745238],[-157.91896176665412,21.64381137486924],[-157.9189391176844,21.643933179892485],[-157.91893243987715,21.64401895552909],[-157.91888576777006,21.644285141054592],[-157.9188440313613,21.644375198198446],[-157.91880896702887,21.64454208676467],[-157.9187611915269,21.644632104578335],[-157.9186493979669,21.64488430103623],[-157.9186086335456,21.64500598445564],[-157.91857846915065,21.645163871968197],[-157.9185258284533,21.6452583749135],[-157.9185374018205,21.64532620538285],[-157.9184904607141,21.6454659142955],[-157.91846697524278,21.645538026188305],[-157.918431912062,21.645704915538243],[-157.91842530111353,21.64578165778321],[-157.9183901359096,21.645962097114573],[-157.91834366742498,21.646038572614945],[-157.91836087599972,21.646160644238165],[-157.9183310484859,21.646273364986225],[-157.9182602499616,21.646534868991523],[-157.9181841198114,21.646701481795038],[-157.91800757032155,21.647052574154156],[-157.91772372375735,21.647375827093754],[-157.91765323389458,21.64743406204946],[-157.9175598272343,21.64748762714478],[-157.91745927655785,21.64752759677812],[-157.91663414096234,21.64754913901887],[-157.91629326666026,21.647582972948264],[-157.91591592465906,21.647648171917975],[-157.91580336083103,21.647679026553448],[-157.91525561616643,21.647756622630393],[-157.9146966592018,21.64787930341601],[-157.91447804636783,21.64787782798436],[-157.91431978865893,21.647881276274013],[-157.91414290707985,21.64795233964083],[-157.91391321919244,21.647977886031732],[-157.91375975983502,21.647985882037567],[-157.91328240466152,21.648018786477593],[-157.912888047681,21.64809741057515],[-157.91258179434524,21.648185662326977],[-157.9124347320842,21.648306601098948],[-157.9122166479446,21.648395447461354],[-157.91221010131108,21.648463143329867],[-157.91241636601768,21.64850066693485],[-157.91264095302708,21.64851121798079],[-157.91309422398368,21.64846912048556],[-157.91333515299092,21.64839397666133],[-157.9135245779981,21.64842235226062],[-157.91358915534977,21.648508591757068],[-157.91375399439664,21.64843293338718],[-157.913823846255,21.648460500478997],[-157.91394753947841,21.648556174604078],[-157.9140957647511,21.648602335967748],[-157.91408921704397,21.648670031932273],[-157.91401845295917,21.64876439310102],[-157.91404773553646,21.64888652407961],[-157.9141718027469,21.648932522026787],[-157.91451928397512,21.648984545677077],[-157.91511460414543,21.649006628946392],[-157.9154505147394,21.6489908299817],[-157.91563205870816,21.648942378297747],[-157.9159210315898,21.648903681210296],[-157.91625163770388,21.64895107062253],[-157.91670470435812,21.648936061449565],[-157.9177117928887,21.64897445770774],[-157.91806565152805,21.648981355713058],[-157.91859612213065,21.648953310226453],[-157.9194202933192,21.648900143960898],[-157.91985564861244,21.64883081010707],[-157.92029244548988,21.64872987347611],[-157.92084542801106,21.648598101220717],[-157.9209748005014,21.64858090481953],[-157.92115268441106,21.64853693651446],[-157.9215414360596,21.64839954213597],[-157.92174760457257,21.648288019721896],[-157.92197051461167,21.64819919104446],[-157.9220540210298,21.648177168385587],[-157.92221811814403,21.648200850153703],[-157.92228890941468,21.648264544117417],[-157.9223245052811,21.648350585138704],[-157.9223361142215,21.64841388788928],[-157.92234765611678,21.648486223985234],[-157.92255389011754,21.64869080383913],[-157.9225652645743,21.648785717869416],[-157.92263065427932,21.64892614934993],[-157.92290134058518,21.64923502447525],[-157.92319544682488,21.64964340906618],[-157.92328388786692,21.649770440879788],[-157.9233435074325,21.64987470499184],[-157.92346697605893,21.650001967371388],[-157.92351921389107,21.650124247533117],[-157.92356712563904,21.650178757118667],[-157.9237253532875,21.65034237789886],[-157.9237964150841,21.650369939693533],[-157.92393209492792,21.650479216917113],[-157.92458007017197,21.650894435389283],[-157.92475591209728,21.65096333081869],[-157.9248559617755,21.65099108344504],[-157.92527410953036,21.65112479035057],[-157.92563932069615,21.651393638015637],[-157.92581613672823,21.651494151487082],[-157.9264697904081,21.651796499856342],[-157.9265349802196,21.651801441709342],[-157.9268828789029,21.65196178657789],[-157.9271294174875,21.65210791901345],[-157.92732372020504,21.652294355847836],[-157.92754161144953,21.652557724760808],[-157.92774259337,21.65282098423897],[-157.92786066787767,21.65302498867832],[-157.92788905620324,21.653106468805476],[-157.92794287649156,21.653179081112402],[-157.92801300370473,21.653333092818254],[-157.928054912201,21.653383047347358],[-157.92823100506453,21.653745502853493],[-157.92827264504464,21.653831585332895],[-157.92839562118655,21.654026589071815],[-157.92850249321847,21.65427568613625],[-157.9285258505681,21.654384231455932],[-157.9285724577002,21.654452280143108],[-157.92860239274083,21.65465119312543],[-157.92869081492842,21.654945331860123],[-157.9287314887695,21.655162381668703],[-157.92877279703964,21.655293625413137],[-157.92874312046027,21.655713449101675],[-157.928737520232,21.655817288884105],[-157.9286960519479,21.65587121325561],[-157.9286724695755,21.655956869451725],[-157.92860194323123,21.656019636504976],[-157.92861338867462,21.656105520482413],[-157.92857165448018,21.656195574634182],[-157.92847767879866,21.656325932888272],[-157.92844208299906,21.656402477735934],[-157.9282069977597,21.656829988634616],[-157.92818958493996,21.65689761879395],[-157.92805987979128,21.657122584632702],[-157.92795389074217,21.65724383120492],[-157.92792440067151,21.65731138155008],[-157.92772893401528,21.657608178324335],[-157.92765871424592,21.657792886713064],[-157.92759983270452,21.657914440842017],[-157.9276060833463,21.658212558094142],[-157.9276353844247,21.658497277141603],[-157.92763485041863,21.65856953491656],[-157.9275528846662,21.658709002065645],[-157.92745786537523,21.658816768421865],[-157.92741629557327,21.658884240618118],[-157.92738187306063,21.65896530964396],[-157.92735146086918,21.659647068777186],[-157.92734022737926,21.65985926113501],[-157.9273045613325,21.659944837175797],[-157.92725792569894,21.660043889390952],[-157.92726323568888,21.660305868979176],[-157.92718056728432,21.660540173363746],[-157.9271516810272,21.660689020581117],[-157.9270922319861,21.660887347043918],[-157.9271867873724,21.661005393542304],[-157.9273813685922,21.661155708961036],[-157.92755225984845,21.66124264101343],[-157.9278284065581,21.66130768263837],[-157.92804657361395,21.661372344064407],[-157.92856444136225,21.661420908097497],[-157.92866456565903,21.661439630790767],[-157.92875965816592,21.661485418690134],[-157.92882445229125,21.66154455631539],[-157.9291130218044,21.661727103411323],[-157.92936595279147,21.661828120689393],[-157.9298904022595,21.661967053703943],[-157.9305790673333,21.662116091171463],[-157.93079116397115,21.662185227762304],[-157.93107388819658,21.662178047005824],[-157.931186359009,21.662160717971755],[-157.93132772254071,21.6621571291319],[-157.9316039394581,21.662213134864704],[-157.93185814857063,21.66230512828577],[-157.93213500884335,21.662437915452294],[-157.93234060175226,21.662570235753122],[-157.93262323690573,21.662739192618208],[-157.932799840867,21.66287132509561],[-157.93289496891785,21.662912595836076],[-157.93298268324176,21.66297639973502],[-157.93364262212802,21.66341880848859],[-157.93373033709506,21.663482612014594],[-157.93400827660975,21.663633472493856],[-157.93441367675877,21.664029054016044],[-157.93443126343763,21.664101431805342],[-157.9345079416644,21.66418774496531],[-157.93464951822733,21.664319648047805],[-157.93482629082808,21.66442919869137],[-157.93490320158,21.664483898514405],[-157.93496209336553,21.664524932017244],[-157.93507343839627,21.664661153185094],[-157.93522149837227,21.664896976065492],[-157.93551545986494,21.6651698858749],[-157.9356278481802,21.66532869515587],[-157.93582825205462,21.665510664834223],[-157.93589852560729,21.665646616773287],[-157.93603368282348,21.665995269646373],[-157.93605671411223,21.66614897908346],[-157.9360925559299,21.666203411552264],[-157.93611017776303,21.66627127251244],[-157.93614578776118,21.666357318144552],[-157.93622281399573,21.66656106215874],[-157.93623432976008,21.66663791776879],[-157.9362638006329,21.666737472917553],[-157.9363454935488,21.666963830360128],[-157.93639348079063,21.66700930860782],[-157.93648705618074,21.66726284349808],[-157.93652230043315,21.667398567148116],[-157.93658193823933,21.6675028378291],[-157.93659952731764,21.667575215426524],[-157.9366523146405,21.667625243059323],[-157.93673981584433,21.667883253092295],[-157.9367585477772,21.667964671786457],[-157.93678782059015,21.66809132514863],[-157.93691058332377,21.66864765530187],[-157.93691700369624,21.668760609781863],[-157.93694003816208,21.668914319114617],[-157.93695830492314,21.66905896592401],[-157.93697036810156,21.669226155670707],[-157.9370223256938,21.669389086724674],[-157.93702828271927,21.669565269343018],[-157.9370285782189,21.6698543254353],[-157.93698156358636,21.670170170858558],[-157.93697567216844,21.670314659312],[-157.93694552015913,21.670472539448674],[-157.93691017087266,21.670680064900257],[-157.93686932816922,21.67097788400463],[-157.93685132133584,21.67112680901353],[-157.93682264287742,21.671248565193977],[-157.93677457074946,21.67137922911026],[-157.93667428670483,21.671545681010443],[-157.93656864040838,21.671784359747004],[-157.9363683343415,21.672081100799538],[-157.9362682813756,21.672215919375706],[-157.93606772889095,21.67238169021732],[-157.93575547368945,21.672623497378105],[-157.93542613826403,21.672887769772146],[-157.9353317136916,21.672914243716928],[-157.93514239630673,21.67303041046519],[-157.93490724154245,21.673137245419856],[-157.93474215253806,21.673244540623624],[-157.93442340936235,21.67338243305098],[-157.93424696957143,21.673390303140987],[-157.93415314196858,21.673335496076806],[-157.9340944802674,21.673262857202893],[-157.93403555400965,21.673226343602256],[-157.93375827129603,21.673147748128336],[-157.93365850543404,21.67307935377974],[-157.93358185642938,21.672988532503318],[-157.93348762981415,21.672987912544443],[-157.93327529282075,21.67311295753143],[-157.93318700761193,21.673125922642924],[-157.9331217737538,21.673125492454766],[-157.93292194959244,21.67319191411186],[-157.9328563491767,21.673241154593295],[-157.9328217246085,21.673349306566436],[-157.9328395634159,21.67371520254764],[-157.93286309274083,21.673801158474376],[-157.9329808795989,21.67388321983493],[-157.93305705358762,21.67387469026195],[-157.93318722199592,21.673916189923236],[-157.93329282905103,21.674011718924145],[-157.93331048458666,21.67407505620823],[-157.9333863909836,21.67410265084625],[-157.93344005533254,21.674197837774337],[-157.9335926758951,21.674307222117722],[-157.93372261238127,21.67438033269022],[-157.9340881833729,21.674445962796145],[-157.93423479861812,21.67455079291559],[-157.93448219415066,21.674751118391377],[-157.9345939756496,21.67482862501316],[-157.93470653592757,21.674964841679564],[-157.934764931224,21.675073607444002],[-157.93483057686018,21.675182419727854],[-157.9349536645333,21.675201293573974],[-157.93513607850483,21.675202496732048],[-157.935342622335,21.675208371391395],[-157.93540782401186,21.67521331742281],[-157.9355782257502,21.675205407444377],[-157.93574369388924,21.675211012709568],[-157.9358663840049,21.67528407428374],[-157.93594957301906,21.675307201205715],[-157.93600188579958,21.675257870699255],[-157.9360617753452,21.67516343067854],[-157.9361432791319,21.675087196765137],[-157.93617894411568,21.675001629757052],[-157.936232397513,21.674961340265106],[-157.9362678617004,21.67490286607035],[-157.93653910900673,21.674981420624974],[-157.93667401235294,21.67503649863304],[-157.93682784437593,21.675145891479538],[-157.93700463255445,21.675255434854606],[-157.93706235329475,21.675291943337776],[-157.9371633323081,21.675360345305865],[-157.9372039076839,21.675428351336617],[-157.93733351610558,21.67554661695935],[-157.93746352091563,21.675610694056196],[-157.93764611688152,21.6757518867944],[-157.9378404639087,21.67593831806705],[-157.9380706874981,21.67617465912275],[-157.93818234171277,21.676270228368303],[-157.93843007351776,21.676425397683715],[-157.9385653915941,21.676588860628545],[-157.93865866098474,21.676720436276256],[-157.9388239489215,21.67691570896429],[-157.93894775100043,21.677002325235975],[-157.9393718641113,21.677158654387963],[-157.939548953032,21.677227556795327],[-157.9397968559867,21.67736014891113],[-157.94001426040296,21.677533183442],[-157.9401668565289,21.67764708595029],[-157.9402087099625,21.67770606928581],[-157.94026133611575,21.677778670290227],[-157.94033762773216,21.677919166797903],[-157.94038545472256,21.67798722022281],[-157.94042080391867,21.67810938313949],[-157.94046128254277,21.6781909366895],[-157.9405387505932,21.678335957518744],[-157.94057946229245,21.6783859014955],[-157.94073821735796,21.678648871451813],[-157.94078604572,21.678716926585636],[-157.94084477892332,21.67878053622859],[-157.9409094846769,21.678853217764193],[-157.94102739969884,21.67908430670911],[-157.94107395427358,21.67916138471549],[-157.94112197991637,21.679202345070582],[-157.94119243054487,21.679315706184923],[-157.9412685249417,21.67948329879422],[-157.9412922579702,21.67954216263678],[-157.94139867271,21.679858982695134],[-157.94140425145034,21.67992224397361],[-157.94142181027814,21.67999913056405],[-157.94149193073395,21.680157652981325],[-157.94149865166324,21.680229953525558],[-157.9415331918178,21.68029792007167],[-157.94154601729554,21.680361226672325],[-157.94158639915597,21.68045633003594],[-157.94161675260284,21.680601040804085],[-157.94165122500053,21.68067804068439],[-157.94180417655363,21.68090936345391],[-157.9419515195074,21.68108194153626],[-157.94201136336116,21.681159106758923],[-157.94220558934595,21.681363604563884],[-157.94248176952627,21.681595737676666],[-157.9427294180991,21.68176445922824],[-157.94298907104815,21.682109386914558],[-157.94331218065787,21.682698597332312],[-157.94334172317144,21.682789112561778],[-157.9433774389868,21.6828616031372],[-157.94340704934905,21.68294308680436],[-157.94344240210424,21.683065253674517],[-157.94350736443886,21.68326890237603],[-157.9435596969216,21.683382148081424],[-157.94370674526544,21.683595369472062],[-157.94401351969918,21.68394061015685],[-157.9440963202308,21.684017928035015],[-157.94434975322866,21.68422281750001],[-157.9445079069861,21.684404500565662],[-157.94457950690824,21.684526906873295],[-157.94464415124753,21.684608620455215],[-157.9447143101408,21.684762630390615],[-157.94485560924605,21.685102265656603],[-157.9448792335702,21.68534177344383],[-157.9448968295829,21.68541414575438],[-157.94489742310373,21.68582962982613],[-157.94487308535096,21.686019144871114],[-157.9447442751913,21.686451840799247],[-157.9446617930921,21.68649645790198],[-157.9446847033753,21.68666822036075],[-157.94461955013526,21.686821336889427],[-157.94459120345405,21.68689792205518],[-157.94459073113057,21.687128240911044],[-157.9446081946364,21.687218676359944],[-157.94469030560973,21.68739082811754],[-157.94480895751695,21.687522576509938],[-157.945149735403,21.6878454670224],[-157.9453214486176,21.687991114030392],[-157.94552718796942,21.688109887564032],[-157.9457630331927,21.68824240921389],[-157.94609308197195,21.688380069516793],[-157.94632824644708,21.68844032838668],[-157.9465520441219,21.68856825552305],[-157.94695879269008,21.688792223197495],[-157.9471764193635,21.68893817431486],[-157.94772510779083,21.689248820564515],[-157.9483553561204,21.68980837270983],[-157.94843802927392,21.68990374630595],[-157.94857366589258,21.690026556106165],[-157.94860327953197,21.69010803894749],[-157.94865581494452,21.69019418578881],[-157.9486733130937,21.690280105102186],[-157.94870246803768,21.690424810735394],[-157.94873260085987,21.690601135418852],[-157.94876713853955,21.690836200446174],[-157.94879740257701,21.690994461973517],[-157.94884471145377,21.691134769359742],[-157.9489031591999,21.691239016672142],[-157.94894952218223,21.69134318828296],[-157.94914415865043,21.691660577337444],[-157.94928564188686,21.691810525936354],[-157.94933347748358,21.691878577024287],[-157.94939222061475,21.69194218391467],[-157.949468690876,21.692060098613286],[-157.9495102226772,21.6921642385735],[-157.9495338617325,21.69223664962272],[-157.9495805558373,21.692295661427476],[-157.94972749409231,21.69235983763844],[-157.94991035813476,21.69230230666363],[-157.94995156295272,21.692451607100807],[-157.94998715238543,21.692542161345905],[-157.95005745340384,21.69267810251303],[-157.95037030098533,21.69302335352465],[-157.95052376976287,21.693186927682778],[-157.95074094689033,21.693396075590165],[-157.95084772239036,21.693500639779664],[-157.95085934657445,21.693563940851075],[-157.95092432739082,21.693600490729132],[-157.95105876127525,21.693723296443647],[-157.9512596808476,21.69384201556888],[-157.95135943662547,21.693914920382124],[-157.9515480457387,21.694065172385354],[-157.95158393072262,21.694115083331734],[-157.95176055618867,21.694251710455067],[-157.9518193637866,21.69430628676122],[-157.95195517262968,21.694406519599795],[-157.952049053363,21.694456804202936],[-157.9521547549959,21.694543295023053],[-157.95224380106782,21.694593548970808],[-157.95239655727525,21.694689376160255],[-157.9525265217234,21.69476247475526],[-157.95286207549364,21.694976906311016],[-157.95340387591483,21.695409447517516],[-157.95373384922476,21.69572771820477],[-157.95408181607584,21.696064168463824],[-157.95458832449373,21.69653261678204],[-157.95478899015512,21.69668746722577],[-157.9549538652694,21.696778857077373],[-157.95528322165703,21.69701578423362],[-157.95541282963492,21.697138531802445],[-157.95572014720443,21.69741594339134],[-157.95586722564872,21.69762910795081],[-157.95593785929833,21.69771986906072],[-157.95599115343722,21.697869215379832],[-157.95630859754849,21.69825054228884],[-157.95652102103327,21.698450583177976],[-157.95656879719024,21.698527651287826],[-157.9566033466865,21.698595602348846],[-157.95662682669646,21.69869057611675],[-157.9567268191213,21.698898922238946],[-157.95680963504648,21.698976216181254],[-157.95689261175409,21.699030933818143],[-157.95701004269975,21.699167148888314],[-157.95707519339817,21.699348180554132],[-157.9571694707201,21.6995113386344],[-157.95721613780958,21.699574852506146],[-157.95732194442164,21.699814844138718],[-157.95736933033996,21.699946092518708],[-157.95742856855912,21.70010902469062],[-157.95747513841368,21.700186084973307],[-157.95751073442182,21.700276621524843],[-157.9575403856835,21.70035357179438],[-157.95757601621958,21.700439591649037],[-157.95759972465322,21.700502959260398],[-157.9576521381668,21.70060714861045],[-157.95767581609047,21.700675031114088],[-157.95783537721283,21.701001159824926],[-157.95788181562676,21.701096281359494],[-157.958041016077,21.701305012461003],[-157.95806469429775,21.701372893108633],[-157.9581358518618,21.701391415134363],[-157.95835918937834,21.701587012747712],[-157.95840670571724,21.701700200393518],[-157.95845337400124,21.701763717563654],[-157.95861923638319,21.701886699590546],[-157.95889499216938,21.702186489219137],[-157.95923674515655,21.702382851899344],[-157.95932602772376,21.702401489027146],[-157.9595667662989,21.702362403958368],[-157.95963779480715,21.70239898312443],[-157.95970879185236,21.702440080772547],[-157.9598094733071,21.70255361159667],[-157.95991472525563,21.702536229654985],[-157.96005606178994,21.702541656714814],[-157.96013322924696,21.70256473070411],[-157.9603800485709,21.70268823418442],[-157.96044526389653,21.702693169081087],[-157.96060433504496,21.702752895267984],[-157.96082215704206,21.702876211784194],[-157.96089334814758,21.702890217773078],[-157.961064405457,21.70296356575653],[-157.9613295774716,21.703055579915848],[-157.96144133253227,21.703142091307797],[-157.96156533262064,21.70320610475119],[-157.96171193136306,21.7033199329411],[-157.96181777294228,21.703388345761564],[-157.9620714898581,21.70356156239637],[-157.96234806704283,21.70374847337061],[-157.96250834850258,21.703808205363405],[-157.96286757752156,21.70392791803775],[-157.96299657385632,21.703969388023047],[-157.9633092052997,21.704183622612916],[-157.96343876178972,21.704315403154272],[-157.96355025856866,21.70443803506779],[-157.96365669795605,21.704592244595414],[-157.9637152234182,21.704687445607938],[-157.96376274585688,21.704800636406418],[-157.96380426872838,21.70507634316579],[-157.9638273969106,21.70522098533696],[-157.9638507638935,21.70550109097449],[-157.96386337378493,21.705595995889794],[-157.9638865686509,21.705731608269506],[-157.9638982186882,21.70612904042148],[-157.96394564473732,21.70625577766676],[-157.96413347152108,21.706518880536613],[-157.9641933678913,21.706591514473278],[-157.96424013622027,21.70664148544671],[-157.96434585220032,21.70672795816076],[-157.96462874026625,21.706878788722214],[-157.96504177046816,21.707080127370066],[-157.96514739039668,21.707180147904396],[-157.96518926137506,21.707239116438025],[-157.96524155448995,21.7073613704399],[-157.96525416635868,21.707456277083757],[-157.96529447212646,21.70756490732578],[-157.9655484918786,21.70769748945471],[-157.96568918660637,21.707793220693265],[-157.96575470654037,21.70792459089575],[-157.96579524154959,21.708001613152234],[-157.96583150150224,21.708168919734923],[-157.96579584764055,21.70825448414459],[-157.96572527802604,21.7083217612399],[-157.96560157555024,21.708384180773937],[-157.96554785802337,21.708460596769637],[-157.9658137693835,21.708620351478196],[-157.96604284751731,21.708861145067335],[-157.96607835405828,21.708965230095522],[-157.96610259750602,21.709123427846457],[-157.96601936251014,21.709271901427233],[-157.96600777770024,21.709371166737366],[-157.96604968090728,21.709425621980817],[-157.96613142840724,21.709484849899084],[-157.96622567874925,21.70948545767808],[-157.96629611877947,21.709436239976004],[-157.96636198429334,21.709350871116705],[-157.96662715986787,21.709275814076264],[-157.9667743830605,21.70930385505478],[-157.9668333333351,21.709340357791152],[-157.96689222013774,21.709385892116956],[-157.96719889450586,21.7095910642267],[-157.96742221113988,21.709624108360362],[-157.96755738451856,21.709647556678792],[-157.9676693728546,21.709702461658562],[-157.9677704548438,21.709761814642405],[-157.96785882465883,21.70973980575992],[-157.96788226830918,21.709672223448255],[-157.96780557877753,21.709581420361356],[-157.96780530623397,21.709450469017213],[-157.9678347271916,21.70939195774885],[-157.96789314561747,21.709333632473122],[-157.96811740046863,21.70923573274923],[-157.96823502877177,21.709177785908636],[-157.96850049377124,21.70906208900731],[-157.9685717531353,21.709067062035782],[-157.96878371261514,21.70916776558186],[-157.9688426311953,21.709208784329736],[-157.96890791323878,21.709204688018403],[-157.96903641732408,21.709146810966814],[-157.96918473629196,21.70902132871745],[-157.96926102392433,21.70899924211126],[-157.96934394780928,21.70906299090083],[-157.96962665009957,21.709240912607434],[-157.9697975919571,21.7093323206433],[-157.9699916524178,21.70940129847966],[-157.97018596912147,21.709434155058872],[-157.97032800750313,21.709511830434696],[-157.97074570714892,21.70956869741197],[-157.97082304364753,21.70956919392598],[-157.97096441897764,21.709570100669772],[-157.9715356964187,21.70978148054853],[-157.97171789939466,21.709818773483757],[-157.97178931969577,21.709801168815172],[-157.9721193600029,21.70978070464289],[-157.9724787848815,21.709706185624842],[-157.97281976188586,21.709676679045913],[-157.97295608088208,21.70970912958556],[-157.97319138717907,21.709755736823134],[-157.9734686319501,21.709852270560965],[-157.9736860384125,21.709867156884034],[-157.97407517908786,21.710032115419157],[-157.9743286107833,21.71007883146054],[-157.97448236051451,21.710039136090238],[-157.97472921493443,21.70999098364112],[-157.97479821937677,21.709973346460462],[-157.97504141847483,21.709929686938285],[-157.97529574649587,21.70984997138703],[-157.97593742844282,21.709506219954786],[-157.97604401934998,21.709470750428594],[-157.9762379292745,21.70939066190643],[-157.976297394184,21.709354902916374],[-157.97663242586447,21.70931180638578],[-157.97721643837258,21.70926120566902],[-157.97739886607678,21.709266841025016],[-157.9780648560257,21.709243834644564],[-157.97853582276355,21.709287362169135],[-157.97881959026768,21.709316196054992],[-157.97907919272637,21.709344880608203],[-157.97915525448943,21.709354377533476],[-157.97939650887338,21.709414557978842],[-157.979573593205,21.70949240616518],[-157.97971544340197,21.709597130653872],[-157.9798273423332,21.709665549768747],[-157.979968207286,21.709738660391523],[-157.9801330168613,21.709843525840128],[-157.98023384811793,21.70993896906809],[-157.9802484511221,21.709950280754075],[-157.98033961033,21.710020895430034],[-157.98051596147948,21.710202594763825],[-157.98061056059552,21.710325091922964],[-157.9807055414807,21.71039340641085],[-157.98075842240158,21.710434367649054],[-157.9810590164481,21.710476846604546],[-157.9813530584497,21.710591529275685],[-157.98169553278294,21.71052137581138],[-157.98184826252134,21.71045457660411],[-157.98217261086307,21.710384308972152],[-157.98253766045858,21.710368477368984],[-157.9829381975116,21.710461230022318],[-157.9831925572485,21.710548576160658],[-157.98335183586224,21.710581157301075],[-157.98365262060238,21.71100715109385],[-157.98364096861607,21.711203565758645],[-157.9836051941552,21.711409934121484],[-157.98372349756224,21.711755136375203],[-157.98367079239637,21.71194678234597],[-157.98353467815767,21.711970790614334],[-157.98330505407478,21.711888077465368],[-157.98320468028885,21.711898753957776],[-157.98319333196764,21.71205225965845]]]},"properties":{"moku":"Koʻolauloa","mokupuni":"O'ahu","other":"O'ahu","gisacres":49122.19054155}},{"type":"Feature","geometry":{"type":"Polygon","coordinates":[[[-158.06394706860584,21.634217562134634],[-158.06544331082836,21.634808589585308],[-158.06601449714435,21.635010514239355],[-158.0661145648067,21.63503817340418],[-158.06615539092792,21.636759294152537],[-158.06723861416174,21.636973099201054],[-158.06748653841365,21.63710998199849],[-158.0678343568697,21.63730162210001],[-158.06880558774134,21.63783999712221],[-158.0688171546744,21.63773166009354],[-158.06886521781388,21.637582874156042],[-158.06889453812553,21.637343647707937],[-158.0688415830984,21.63712655000568],[-158.06886428345277,21.636977623744915],[-158.068787830596,21.63684621370306],[-158.06883536845635,21.636778726200667],[-158.06881771685326,21.636706359993035],[-158.0688644251495,21.63658014985597],[-158.06889988699618,21.63651259557158],[-158.06884140532296,21.63640386965922],[-158.0688468752817,21.636304530728687],[-158.06887043489354,21.636209810195783],[-158.06882314182974,21.636051459463435],[-158.06881155814304,21.63597461020491],[-158.06892428667467,21.635912003156676],[-158.06900095646108,21.63582209446875],[-158.06904745975143,21.63572750062012],[-158.0691240145654,21.635655658504998],[-158.069223806382,21.635538777838086],[-158.06924736367318,21.635444057219058],[-158.06928921112757,21.63532233674429],[-158.0694189625019,21.635241757379827],[-158.06941853972134,21.63511980198235],[-158.06950677585604,21.634921554994857],[-158.0695301882178,21.63484941693635],[-158.06967162165373,21.634642432664826],[-158.06978970133156,21.634498553500666],[-158.06971914208873,21.634389760278744],[-158.06969539363294,21.634326392301325],[-158.06969523376688,21.634163788543564],[-158.06983137159807,21.634029043598424],[-158.06987295594536,21.633947973079046],[-158.06996673605298,21.63382654300465],[-158.07011457319348,21.63375057857031],[-158.07022646934965,21.633629247884066],[-158.0703088849346,21.63358453932606],[-158.07042017009798,21.63355805767646],[-158.07047304848206,21.6335990014281],[-158.07057901143983,21.633649274310393],[-158.07061444186806,21.63358623736749],[-158.0707033881797,21.6334647780102],[-158.07057989162018,21.63332407341792],[-158.07062616384303,21.633265612335503],[-158.07078015437668,21.633171617101574],[-158.07091467721708,21.633100097239556],[-158.0711744848345,21.633078955042453],[-158.07135158488612,21.63314768953519],[-158.07144544046872,21.633202411269],[-158.07147519752425,21.633270327832037],[-158.07153957451519,21.63340166925153],[-158.0718223758994,21.63356132384218],[-158.07189262782464,21.633530096800012],[-158.0719757391029,21.633376988408667],[-158.07211019345615,21.633504202029613],[-158.07218173958515,21.633459430937275],[-158.0721635172602,21.633287695764395],[-158.07208686029458,21.6331879017504],[-158.07192793189762,21.633110235396916],[-158.07163972113923,21.63304088636247],[-158.07153979795302,21.63299064789409],[-158.07145089086026,21.63291788746866],[-158.07136230139773,21.632795443033103],[-158.071351557537,21.63258761407739],[-158.07135140615298,21.632235308638684],[-158.07133875792638,21.632135870100168],[-158.07152750217983,21.63170782914254],[-158.07161671009177,21.631545722638762],[-158.07181082398586,21.631221594409983],[-158.0719047747024,21.631073065360976],[-158.07195230914084,21.631005578608193],[-158.07208128487827,21.630857242282985],[-158.07218221807904,21.63074940188381],[-158.07231148168958,21.63055589916143],[-158.07245270502523,21.630380528557442],[-158.07253555242497,21.630268068140428],[-158.0726349034192,21.630218934866974],[-158.07275932560208,21.630215106487494],[-158.07294131161487,21.630274828762357],[-158.07302392614756,21.630198503209343],[-158.07307663834973,21.630076842152295],[-158.07300021474205,21.62994091975788],[-158.0730121282493,21.629778383136706],[-158.07309485769306,21.62968398996348],[-158.07330724569474,21.629522562002432],[-158.07337180423113,21.629437102390085],[-158.0734187095211,21.629279277820128],[-158.07353134997095,21.629040514445972],[-158.0735779094531,21.628936887112385],[-158.0736424080446,21.628860461150097],[-158.07377816103823,21.62878442766876],[-158.07390172062225,21.628726392552807],[-158.07394312938672,21.62867242039089],[-158.0739960445511,21.628519146151163],[-158.07397278621985,21.628378998746648],[-158.07402015283134,21.628148909977803],[-158.07409669920125,21.62807706526637],[-158.07426675817695,21.627924437905364],[-158.07462119406523,21.627646361943544],[-158.0748793533608,21.627503254791925],[-158.07497372616248,21.627476675793158],[-158.07532732148616,21.62732957915851],[-158.0754212363105,21.62718556472672],[-158.07550982981104,21.62711830337648],[-158.07562206193157,21.62694277218485],[-158.07567111884194,21.62682561050379],[-158.07570424577972,21.6267444912738],[-158.07573401094862,21.626622705253027],[-158.07576972551277,21.626514501662633],[-158.0760286339758,21.626253965027942],[-158.07636396791082,21.625939649672617],[-158.07646990033894,21.62580473364054],[-158.07680540921837,21.625463319552015],[-158.07708331768507,21.625252567957336],[-158.07729440297138,21.625104684759574],[-158.07743612976267,21.625037715366258],[-158.07763088201273,21.624989106460855],[-158.07782540105137,21.624976628894593],[-158.07794858240928,21.624977308473056],[-158.07799596876015,21.62493240247119],[-158.07803150929686,21.62485129970589],[-158.07805505886336,21.624756580162355],[-158.07811961244573,21.624671119386548],[-158.078438031852,21.6245464087535],[-158.0787735615732,21.62439017558083],[-158.0792153036907,21.624243559559677],[-158.07945617317813,21.624159070071862],[-158.07978051444428,21.624052456020078],[-158.08021081296124,21.62399610797426],[-158.080628602998,21.624007441066],[-158.08084037277266,21.623940855972872],[-158.08109961499616,21.623815814763876],[-158.08119329342483,21.623707931974625],[-158.08127000712918,21.623608988611778],[-158.08149387471477,21.6231585560957],[-158.08154709556888,21.622955600262447],[-158.0815710458321,21.62279765156398],[-158.08166555449137,21.622558789921396],[-158.08180693173955,21.62235631903131],[-158.08188338468292,21.62229802296417],[-158.08211220003128,21.622019250779736],[-158.08216001570432,21.621906598930103],[-158.08220150399725,21.621839077373515],[-158.08228189317592,21.62173110969038],[-158.08244583803977,21.621587463817256],[-158.08257637667225,21.621570112215057],[-158.08285804108203,21.6215264899266],[-158.0831062336444,21.62142847598532],[-158.08339436409636,21.62131713152157],[-158.08352360930928,21.621313325042543],[-158.08361207975284,21.621264123084924],[-158.08374784716145,21.621183560422768],[-158.08391872191126,21.62108963805054],[-158.08419575456813,21.621014369364733],[-158.0843489535499,21.621042311827058],[-158.08441402197138,21.62106525365033],[-158.0845367736038,21.62113368371074],[-158.08460172930447,21.62117469311432],[-158.08472499297275,21.621161818631034],[-158.08477852807115,21.621098872533384],[-158.08473107769538,21.62096309931109],[-158.08469654097127,21.62088612085412],[-158.08478504114322,21.62083240134538],[-158.0848904455317,21.62077877571952],[-158.08503733750655,21.62065761956658],[-158.08522028738864,21.620563762248146],[-158.0853681601743,21.620478747734484],[-158.08540262799616,21.620375045625075],[-158.0854024461402,21.620212430129072],[-158.08541439663932,21.62004084721875],[-158.08546717794727,21.61990562361095],[-158.08553868493226,21.619865361421287],[-158.0856558807765,21.61985697081546],[-158.08572109188455,21.619857327555962],[-158.08578630394874,21.619857686082977],[-158.0858625542916,21.619831001037756],[-158.08588592751744,21.61976337347293],[-158.0858561907011,21.619690936884805],[-158.08577449958906,21.619622733548002],[-158.0857155540552,21.61958627291341],[-158.08565660950617,21.619549814070886],[-158.0855918520803,21.619477186685252],[-158.08556815562207,21.61940478326354],[-158.0855566189196,21.619318895494807],[-158.08557395397605,21.619251234768043],[-158.0856266496002,21.619129562726897],[-158.08571568799638,21.618990021293644],[-158.08580329138326,21.618886608480214],[-158.08603916267575,21.618634946313197],[-158.0865749642005,21.61812293588755],[-158.08738231912292,21.61744528140336],[-158.08751698956,21.617346641147815],[-158.08785266048486,21.61716327893608],[-158.08822476050375,21.61694849532178],[-158.08881867151314,21.616603929277332],[-158.0890953402804,21.616393141435257],[-158.08929618378397,21.616141283336976],[-158.0895785034399,21.615799530385736],[-158.08987269808304,21.615489461416786],[-158.09018000758007,21.615206565176663],[-158.09045015151347,21.615072527713888],[-158.09073938981948,21.614974731703057],[-158.09106859275283,21.61485908346698],[-158.09143916328043,21.61469397539725],[-158.09191682218813,21.614398455906546],[-158.0921507368962,21.61426421867648],[-158.0923167726405,21.614170265298977],[-158.0928881110222,21.613956560624874],[-158.09330100158604,21.613782644895778],[-158.0937304016345,21.613672054480308],[-158.09414867851308,21.613602056989304],[-158.0943491109702,21.61360766371978],[-158.09460203261358,21.613523214309502],[-158.09486717242658,21.613416248295746],[-158.09504938302177,21.613245592436378],[-158.09516773208557,21.613052004467715],[-158.0953440734301,21.612854213832172],[-158.09541459756474,21.612583576947173],[-158.09546790618552,21.612362533407506],[-158.0955385169824,21.61207834475948],[-158.09563305160896,21.61183042370425],[-158.0957743147045,21.611641475972192],[-158.09593975810913,21.611448143344347],[-158.09601561456503,21.611290459473828],[-158.09605072286405,21.611082868016656],[-158.09616272716934,21.610744701640208],[-158.0963392345563,21.610519810879097],[-158.09656393114795,21.610313247256535],[-158.09699355072848,21.609972287771594],[-158.09740589126173,21.609689955471094],[-158.0981357412737,21.60922414856761],[-158.09824234100503,21.609170523200895],[-158.09844197420927,21.60910837050994],[-158.09871919623419,21.608996949079877],[-158.0990192226328,21.608908234313322],[-158.09928414548247,21.608832882912125],[-158.0996020021784,21.60878943630042],[-158.09989660571654,21.608795547626222],[-158.10009112620062,21.60877853343283],[-158.10027405074885,21.608684668492703],[-158.10045624326838,21.6085140097701],[-158.1005135590364,21.608423979694237],[-158.10060375609513,21.608288959177294],[-158.10086241457975,21.60805547770285],[-158.10119237180282,21.607813345924864],[-158.1016164563573,21.60758075956266],[-158.10196320352878,21.607356784299707],[-158.10228720322243,21.607101070410565],[-158.10242314237647,21.60698888018108],[-158.10250494158453,21.606844780848604],[-158.10263461879018,21.606574463840705],[-158.10283539540606,21.606327116488586],[-158.102988800743,21.60612468169287],[-158.10322380574007,21.605809765573458],[-158.10358346315778,21.60545035159328],[-158.10388319575299,21.605212571058825],[-158.10427806533053,21.605015956899493],[-158.10468989679654,21.604810400655953],[-158.10495497815256,21.604707939065527],[-158.10520236670408,21.6045376299734],[-158.10539075538983,21.60433990160816],[-158.10559105127766,21.60416933688424],[-158.10587337116866,21.604012766694296],[-158.10622648559055,21.6039288471375],[-158.10652756618938,21.603862714904718],[-158.10666796675307,21.60380926720351],[-158.10680455346983,21.60378741859079],[-158.10688005649698,21.603683935148243],[-158.1069155487712,21.60360733860371],[-158.1069801027206,21.603517346731174],[-158.10703968695583,21.603449913650014],[-158.10716938844078,21.603369307306345],[-158.1072809225489,21.60329763848795],[-158.10745173478375,21.603208218275142],[-158.10758146256694,21.603123094637404],[-158.10772837720836,21.602992893874625],[-158.10775201429453,21.602880097667775],[-158.10775150588148,21.60276717288819],[-158.10771701804447,21.60268116488161],[-158.10766422367433,21.602626678390614],[-158.10757528996618,21.60255844676904],[-158.1074691148961,21.602544324196135],[-158.10733396342323,21.60253004611112],[-158.10725780897667,21.602543187043075],[-158.10707539828272,21.602555755976564],[-158.10692816979804,21.602541412754857],[-158.10685097606532,21.602527446235005],[-158.1067981830553,21.60247295858309],[-158.10675030233324,21.602404946893575],[-158.10670983403102,21.602309874200728],[-158.10669230748937,21.602214924660963],[-158.1066918553455,21.602092964191755],[-158.10670940007256,21.60198916872761],[-158.10669802199973,21.60187618379841],[-158.10666216208108,21.601817270813697],[-158.10661540594162,21.601762817324484],[-158.10655640648872,21.601735397967794],[-158.10648047715975,21.601712403880143],[-158.106397246396,21.601698403842523],[-158.10628588148154,21.6017429731346],[-158.10620349373627,21.60178769799654],[-158.10613812391918,21.601814447646277],[-158.10605609967678,21.60180045391843],[-158.105973093777,21.601750321706874],[-158.10587284504155,21.601754298366714],[-158.10574339512135,21.601794251208467],[-158.10555598678513,21.60183389332442],[-158.10540174019275,21.601783374273403],[-158.1052429691654,21.60168314449093],[-158.10514951461641,21.6015652019464],[-158.1050731041472,21.601424762819374],[-158.10499556866708,21.60127076993026],[-158.1050073298723,21.601126289685425],[-158.1051314410186,21.60097338577094],[-158.10521966218153,21.60076608089414],[-158.10523136851916,21.60063063632477],[-158.10517225212735,21.60042705447005],[-158.10504836113145,21.60034959757513],[-158.1047539369687,21.60031639062709],[-158.10461379025168,21.60032918430122],[-158.10447740399255,21.6003194126063],[-158.10436058778586,21.600269095866828],[-158.10428375982113,21.600196408802613],[-158.10421313521678,21.60009665432036],[-158.10417157289706,21.599983506773363],[-158.1041360778297,21.599865872974313],[-158.1041067582805,21.59972569144412],[-158.10410633410086,21.599599214048784],[-158.10409504158085,21.59947267814247],[-158.10409549029123,21.599400408805753],[-158.10410073920227,21.599332682407507],[-158.1040481429965,21.599246576206564],[-158.10397117377977,21.599196473736445],[-158.10390040985237,21.59911930206039],[-158.10385879433375,21.599015189249393],[-158.10383627126595,21.598947313310514],[-158.10382944739823,21.598879521908938],[-158.10381225777587,21.598730368738014],[-158.10381172161004,21.598621959122188],[-158.10381244854153,21.598504522111416],[-158.10380104797258,21.598396054891367],[-158.10378223087977,21.59831464760726],[-158.10375869805253,21.598215146534386],[-158.10374134264458,21.598093095043208],[-158.10368315665806,21.597934686872087],[-158.1036475223819,21.59783963770636],[-158.10362965788767,21.597604660528322],[-158.10358890911377,21.597360524988517],[-158.10362335987685,21.59725682089649],[-158.10368824754485,21.597112629539772],[-158.10378242398875,21.59691891049695],[-158.10378266746383,21.596684020876143],[-158.10377137249873,21.596557477678928],[-158.10384100421487,21.596426855852247],[-158.1039359349009,21.596305405298683],[-158.10393531327006,21.59621054106644],[-158.10388254852185,21.59615153108351],[-158.10374169794713,21.596083010767565],[-158.10358268003833,21.596023424880595],[-158.103447021205,21.59589621000048],[-158.1033526386501,21.595733078786825],[-158.10331152334052,21.595547649913097],[-158.10334144911263,21.59539422796443],[-158.1034296931132,21.595182396059975],[-158.10357695982324,21.59499347019157],[-158.10374102013,21.59482270390809],[-158.10389491807027,21.594733195050242],[-158.10398332763882,21.594494261092212],[-158.10430061614014,21.594342391910665],[-158.10420603802203,21.594210881609637],[-158.10381214178375,21.59366668398026],[-158.10362976123082,21.593480489993603],[-158.1034704938885,21.59346156023651],[-158.10348834561788,21.59330807046503],[-158.10349993568397,21.59319068647594],[-158.10349964900416,21.59304161700995],[-158.10358253115814,21.592915582755676],[-158.10365325735668,21.592803037009094],[-158.10373580749499,21.592731207894335],[-158.10398879381495,21.592628680146493],[-158.10434819725384,21.592499626530344],[-158.1045718999178,21.592446628421783],[-158.10491283100896,21.592376197416577],[-158.1051423760953,21.592354852369535],[-158.10528347364914,21.592382718851084],[-158.1055015413616,21.592460688774],[-158.10570747761105,21.592547627447612],[-158.10615546187282,21.592739769989315],[-158.10627359305659,21.59277202761718],[-158.1063203863064,21.59301621143784],[-158.10639707690228,21.59311148593262],[-158.10647298944738,21.593333239614573],[-158.10659178496775,21.593650085302787],[-158.10659128410046,21.593731392270687],[-158.10645566574829,21.593793901935864],[-158.10626793425638,21.593887748689905],[-158.1062202062968,21.593991387576175],[-158.10622021744717,21.59418562845108],[-158.10622034048086,21.594361800610717],[-158.1062847353957,21.5944931477596],[-158.10640868248106,21.59456157337159],[-158.10650949317562,21.59466149622145],[-158.10656771070595,21.594815395617776],[-158.10691465611288,21.594749510049244],[-158.10706286252955,21.59479999874764],[-158.10718615683973,21.594778077337274],[-158.1074339547274,21.59473424253055],[-158.10762753006108,21.594672044629515],[-158.1078045618295,21.594551032767704],[-158.10802780637755,21.5943760640201],[-158.10834002657884,21.59406605939381],[-158.10849268692203,21.59398105393432],[-158.10872910100707,21.593824224041086],[-158.10891186488644,21.593752932488258],[-158.1092348515602,21.59365529035776],[-158.10941747394392,21.593606583907746],[-158.109635250038,21.593535480670326],[-158.1097709230857,21.59346393444625],[-158.1097943910921,21.5933782331391],[-158.10975383830464,21.59329670473945],[-158.10968282249067,21.59326018445474],[-158.10959998386514,21.593182947850963],[-158.1095352539547,21.593105807178297],[-158.1095297169583,21.593024467848107],[-158.10960560188713,21.59285773724969],[-158.10974204957117,21.592659715295103],[-158.10995388117917,21.59237626856616],[-158.11004206136778,21.592173467522592],[-158.11024720206248,21.591799640648276],[-158.11031194267096,21.59167802387728],[-158.11051913612778,21.591362931781408],[-158.11077139222365,21.59098483969212],[-158.11080679350874,21.59092178747174],[-158.1109897556851,21.59062011749788],[-158.1111480174059,21.59040865758163],[-158.11130196337115,21.590310104887795],[-158.11150793901317,21.59019376311055],[-158.11166674170641,21.59009071977801],[-158.111836880197,21.58991094319307],[-158.11200809084312,21.58975375858907],[-158.11217822948177,21.58957398162526],[-158.1124431794324,21.589290817333712],[-158.11286234166843,21.589062685157128],[-158.1130270406766,21.588982256520882],[-158.1133098997552,21.588929565167547],[-158.11355016677834,21.58893085098367],[-158.11394475743734,21.588969101084793],[-158.1141280028747,21.589015252794823],[-158.11451010794053,21.589121193619526],[-158.11493449729724,21.58922284127095],[-158.11542913628415,21.58928872513189],[-158.11591217275156,21.589277752282182],[-158.11609459764702,21.589260657906472],[-158.11670100369506,21.58921420352629],[-158.11731286858227,21.589262638891128],[-158.11798485898314,21.58935204732162],[-158.11850877867334,21.589368388935338],[-158.1187380990536,21.589383161573565],[-158.11887988395753,21.58929808865227],[-158.11899148647078,21.589212854077147],[-158.11906845666513,21.589064195638315],[-158.11915634990555,21.588906559813218],[-158.11923230552887,21.588726275195576],[-158.1193447853621,21.588496494550167],[-158.11948599463315,21.588307522523223],[-158.11968559543908,21.588046584337803],[-158.11990443385392,21.58779930073916],[-158.11991595746738,21.58769094721307],[-158.1198570437959,21.587649979912815],[-158.1197569686564,21.587626861640064],[-158.11958604454495,21.587540125409777],[-158.119421458987,21.5874037342406],[-158.11926184085317,21.58724478179837],[-158.11906155537494,21.587022370782375],[-158.1188731247515,21.586836162828337],[-158.11871463418848,21.586690767205013],[-158.11849094235237,21.586545026247215],[-158.11830212928817,21.586422055289717],[-158.11817217446432,21.5863490877669],[-158.11803159952632,21.586235408934133],[-158.11793108910328,21.586085806210004],[-158.11787272574958,21.585954495197413],[-158.11774230682047,21.585759559124064],[-158.11726592899967,21.58527367745264],[-158.11694744135158,21.585032566141162],[-158.1167299824414,21.5848552361523],[-158.11650053850897,21.584465528790673],[-158.11635325020214,21.584067227415908],[-158.1165768341584,21.58383352369832],[-158.1168832307131,21.583482814722696],[-158.1179544817957,21.582639284278233],[-158.11866670337906,21.582263627201513],[-158.11916061414638,21.582049428675187],[-158.12039195478505,21.581482282772143],[-158.12048626445264,21.581658955859677],[-158.12055667287177,21.58179484677313],[-158.12060932957655,21.581871919529462],[-158.12069186813102,21.581998840201926],[-158.12076837106153,21.582125728065037],[-158.12083397782376,21.582257076393912],[-158.12088037808746,21.58237025301051],[-158.1209040324712,21.582451689687396],[-158.1209212364267,21.582600849130923],[-158.1209452464575,21.58282232115215],[-158.1209516144505,21.582966906264105],[-158.12095674492883,21.58311600376901],[-158.1210452667286,21.58325199010425],[-158.1211337867588,21.58338797638562],[-158.12121015451297,21.58353744894959],[-158.1212163291115,21.583713654681794],[-158.12120420059648,21.583921383662076],[-158.1212223680427,21.584111203139244],[-158.12129854065319,21.584292297190082],[-158.121346369147,21.584369344248643],[-158.12141708123588,21.584455546281344],[-158.12148787803486,21.584528197369682],[-158.12160449750283,21.58461012621442],[-158.12171738411982,21.584710103775016],[-158.1217991554887,21.584764744139495],[-158.12188830826113,21.58479683778676],[-158.12196426072404,21.58481531041611],[-158.12202366882707,21.58477496958597],[-158.12210612388026,21.584716681761176],[-158.12218814233364,21.584730669148623],[-158.12228228213198,21.58473569337602],[-158.12235276636346,21.58465928738809],[-158.12238818632522,21.58459172267316],[-158.12248862817137,21.584551621427252],[-158.12255861854635,21.5845565236464],[-158.12262973274,21.584574983123588],[-158.1227058678304,21.58456184917079],[-158.12277615939948,21.584517062736193],[-158.1228235673021,21.584463117863145],[-158.12284702408178,21.58437741882016],[-158.12278850142047,21.584273202257414],[-158.12274775801887,21.58422328842447],[-158.12268295382623,21.584159691025853],[-158.12265850475464,21.584010488140663],[-158.12269414301298,21.58390678751856],[-158.12280015303776,21.58374475038516],[-158.12292421686954,21.583591847031133],[-158.12311234131766,21.58342574492267],[-158.12329413048167,21.583309296683034],[-158.12347095113418,21.583215407698493],[-158.1237768324517,21.58314029780027],[-158.12413105521762,21.58305641729614],[-158.12450195756605,21.58300876704071],[-158.1248427640357,21.58294739827854],[-158.12513668109037,21.58285415084992],[-158.1254909547732,21.582761235230606],[-158.125790445073,21.58274480973876],[-158.12600902526987,21.582732459028737],[-158.1262671974799,21.582760978038927],[-158.12643266191517,21.582748332708835],[-158.1266852607492,21.582700028878936],[-158.12692740319397,21.582583912033638],[-158.12718027321029,21.582490437590387],[-158.12744535264767,21.58237444560889],[-158.1277332022711,21.58228567974802],[-158.12804522266646,21.582192529138865],[-158.1283098916343,21.58214428961254],[-158.12856361517763,21.582109541961163],[-158.12885212884777,21.582111121081763],[-158.12911652548448,21.58210805012572],[-158.12958831220695,21.582146767641042],[-158.1299585884914,21.58220299762295],[-158.13017681519761,21.582249359537094],[-158.13041180820812,21.582318397986732],[-158.13068306911688,21.582378602027163],[-158.13094744130797,21.582380043371888],[-158.13121312763488,21.582363427147538],[-158.13144257130816,21.582351126853027],[-158.13176590269282,21.582384508778926],[-158.1320022944326,21.582421934190275],[-158.13257225897857,21.582596686135712],[-158.1330142954112,21.582766221410857],[-158.13311419376328,21.582816453438543],[-158.13329097513744,21.58293033989239],[-158.13338494634053,21.58296247057681],[-158.13347913254054,21.58295846526943],[-158.13356838281524,21.582972500949076],[-158.13363222874563,21.582995433254446],[-158.13372713689452,21.583072738141627],[-158.13381493722238,21.583127418534644],[-158.13401583600836,21.5832459522444],[-158.13435123840682,21.583482657551897],[-158.1346398854405,21.583664902796286],[-158.13486278358474,21.583738383932257],[-158.13509920338205,21.58377128442314],[-158.1357342888497,21.583959923535694],[-158.13590538717435,21.584015053250308],[-158.13619342112736,21.58409792025999],[-158.136482933464,21.58413562400667],[-158.13706461228853,21.584170389543175],[-158.13753064218136,21.584163877277255],[-158.13777809013533,21.584169733727137],[-158.13797137467256,21.584148193955812],[-158.13826619716616,21.584104619984956],[-158.13873753711127,21.584016827876],[-158.13926126789133,21.583848017554843],[-158.14032128134298,21.58342915720895],[-158.14089807123514,21.583269662458463],[-158.14117993273024,21.583171811615912],[-158.1412923083247,21.58315435240996],[-158.14163932954872,21.583061370177568],[-158.14189785319817,21.58303114404461],[-158.14216855478898,21.58298291981359],[-158.1425402345469,21.583007504732823],[-158.14278760032448,21.58302690287866],[-158.14304583145318,21.583046360188604],[-158.14322929566455,21.583051863842098],[-158.14341168725767,21.583034778781787],[-158.14357009480923,21.582990461902813],[-158.14372372688211,21.582937087838317],[-158.14387617706151,21.582879191314184],[-158.14438224182877,21.582633491373315],[-158.14533661960857,21.58231341375079],[-158.14608988407417,21.582114208063597],[-158.14724303949984,21.581862943507335],[-158.14793257187983,21.58162715738834],[-158.14816250387904,21.581533507071324],[-158.14873343251423,21.58134678316809],[-158.14905750362715,21.58125813805181],[-158.1497759713934,21.58123477983127],[-158.15010604919016,21.58115068046273],[-158.1506648508339,21.580972920416578],[-158.1510891737357,21.580875758188167],[-158.15132246063249,21.580827287483242],[-158.1514010112259,21.580814145355202],[-158.15174877472515,21.580802402664027],[-158.15192508527207,21.580794284387636],[-158.15237832774244,21.580706304017028],[-158.15274323021353,21.580653996636503],[-158.1528734795749,21.58067725402215],[-158.1533435132006,21.580815191358845],[-158.15344361021914,21.58083377785717],[-158.15367408524196,21.58085303867267],[-158.15399767857724,21.580845681080927],[-158.15448597947986,21.58095661054322],[-158.15473327914034,21.58098950768032],[-158.15508099163287,21.580986790271258],[-158.15524522887216,21.580978605417805],[-158.1556814112963,21.580917628779854],[-158.15602839019644,21.58083360323893],[-158.15614105816778,21.5807664349588],[-158.15632277436077,21.580658973781187],[-158.1566702257982,21.58049365134222],[-158.15722445346444,21.580270677883526],[-158.15803716072807,21.580026451740412],[-158.15839030345887,21.57991987017096],[-158.15880207605883,21.579903924393427],[-158.1589613261988,21.579922811772445],[-158.16026265244506,21.580150826680395],[-158.16186280272348,21.58068749792321],[-158.16214012895264,21.580747639059673],[-158.16275170347933,21.5808365932658],[-158.16294601839317,21.58084662245315],[-158.16335325137592,21.580780959330934],[-158.16371841314964,21.58068346111326],[-158.1637825283623,21.580661206301084],[-158.16427119304385,21.58050110567611],[-158.16456037617328,21.580389668275213],[-158.1647190995036,21.58029111220404],[-158.16485385984853,21.58016081839302],[-158.16515445436903,21.579954586703735],[-158.1654427686307,21.57978442568103],[-158.16567258676452,21.579708816137213],[-158.16582000005013,21.579686985928543],[-158.16611826564528,21.579674958856355],[-158.16640923645136,21.579671927253916],[-158.16659181653668,21.579623175723047],[-158.1667214850224,21.57953802105369],[-158.1670624113543,21.57924617323287],[-158.167156939318,21.579183421944947],[-158.1673978301333,21.57907173164095],[-158.16773411813259,21.578956012304804],[-158.16785135090635,21.57893402492845],[-158.16802878887955,21.578939446635697],[-158.16825792733567,21.578981264575386],[-158.1685048657079,21.579077372528054],[-158.16882867399377,21.579241623049374],[-158.16915823545534,21.579455584147528],[-158.16935872692724,21.579650822319483],[-158.16955262425972,21.57973311090332],[-158.16979974497477,21.579797599544808],[-158.17032382857676,21.579985450276975],[-158.17072406084412,21.580086850249604],[-158.17087095502703,21.580155346354516],[-158.17098278682423,21.580232698516518],[-158.171224171745,21.580455242883616],[-158.17158997900884,21.580664867937283],[-158.17204229540306,21.580947197896055],[-158.17230831974018,21.581084044310533],[-158.17261983559067,21.58128885034407],[-158.1729195883659,21.58143939861707],[-158.17332044177496,21.581644650665368],[-158.17357360544494,21.581709145752765],[-158.1738377361148,21.581755629813006],[-158.17438016280275,21.58169509856789],[-158.17464491656548,21.58163318415091],[-158.17493895370814,21.581517212886194],[-158.1754162710041,21.581230518867763],[-158.17560635407523,21.581136612951482],[-158.17636480691954,21.580878414229385],[-158.17643518802345,21.580815529146278],[-158.17650007807143,21.580657768047814],[-158.17656429557312,21.580617436470718],[-158.17667009609627,21.580694746043157],[-158.17687062978854,21.580673156901838],[-158.17711241749032,21.58061564122779],[-158.1774895982422,21.58052717826647],[-158.17797170844867,21.580457301992432],[-158.1783659195633,21.580346338833746],[-158.17877276579105,21.580348355498376],[-158.17923142154322,21.58036869430373],[-158.1793314948061,21.58039177334111],[-158.1796621294039,21.580420510782034],[-158.18000339767477,21.580489949970687],[-158.18060962182832,21.58067361713589],[-158.18076273618354,21.580710506002806],[-158.18120400442635,21.580816571149935],[-158.1814569383319,21.5809217059427],[-158.1816578830495,21.581040132803697],[-158.1817747558489,21.581081359835828],[-158.18189252785317,21.58117679187833],[-158.1819755459974,21.581226884997996],[-158.18219249536543,21.581291189172678],[-158.18261154482917,21.581482958831966],[-158.18288228160924,21.581642379570944],[-158.1833463366042,21.58177565039045],[-158.18355262463578,21.581803766752735],[-158.18452475952952,21.581758869101456],[-158.18491887097213,21.58187824243709],[-158.18509513180533,21.58187910867375],[-158.18547208342005,21.581831276554176],[-158.185625353781,21.581841064129588],[-158.18581954645384,21.581873633916988],[-158.18603757500244,21.58196052340717],[-158.18628460585646,21.582043038062167],[-158.18646161451628,21.582125206677226],[-158.18661429754778,21.58223887382824],[-158.1867972668765,21.58233462274395],[-158.1868621778552,21.582384625057717],[-158.18706811085968,21.58247596863482],[-158.18751544584921,21.582577530636826],[-158.18800367919488,21.58270639124609],[-158.18812774723057,21.582756683336097],[-158.18820968795353,21.582784184078392],[-158.1883751610847,21.5827714445519],[-158.1886509579849,21.58267794494439],[-158.18885151830378,21.582651826159243],[-158.18927011320014,21.58271259158627],[-158.189576275812,21.582799904681867],[-158.18977046886206,21.58283247172287],[-158.1898583454012,21.58287806745754],[-158.18992914098567,21.582955198509453],[-158.1899992653633,21.582937474517887],[-158.19024742141985,21.58282125189269],[-158.1903417163549,21.582799129912782],[-158.1905646539723,21.582872486802493],[-158.19067061440606,21.58292268719779],[-158.19084207330852,21.582919006864753],[-158.1913543679263,21.582849241274115],[-158.19187226628264,21.582856283441238],[-158.192095382109,21.582898021604723],[-158.19222592124,21.582871557208787],[-158.19289048611338,21.58234633966419],[-158.1933033877612,21.58213154720622],[-158.19369792577814,21.581961832094798],[-158.19422146183797,21.581824359634656],[-158.19442702837068,21.58176664252204],[-158.19456244650343,21.581731165485213],[-158.19495197402222,21.581593039774337],[-158.19519848672826,21.581553586563338],[-158.19532887158277,21.581554220243095],[-158.1955580761919,21.58158694969914],[-158.19585199051616,21.581705810627504],[-158.19615259256125,21.581924072383423],[-158.1962943402581,21.58205122691387],[-158.1964412991144,21.582110655913276],[-158.19661158411893,21.58188564531423],[-158.1966477430596,21.582111657377087],[-158.19757740773554,21.582107077237737],[-158.1978900021202,21.582126612196028],[-158.19816610102072,21.58219565809984],[-158.19834327303823,21.582250690241473],[-158.19860196162054,21.58240998814212],[-158.19886668764286,21.5825693165051],[-158.1991727153297,21.5826836675959],[-158.20030908260443,21.582856108288055],[-158.20056870800997,21.582848289786778],[-158.20096254774722,21.582804965684343],[-158.20116940481108,21.582733665030112],[-158.2012215202012,21.582697773895177],[-158.20158701568255,21.58254139704521],[-158.20198712120296,21.582240645980665],[-158.20242885235956,21.582053004969307],[-158.20264108876376,21.581882359932777],[-158.20284681148988,21.581797501932932],[-158.20321177366918,21.58173597083194],[-158.203595601337,21.581755825047384],[-158.20403109157763,21.581821088210074],[-158.20436016180815,21.58191747120673],[-158.20467864412456,21.581964122008714],[-158.20562641589817,21.581964012927475],[-158.20591466523553,21.582019553351785],[-158.20622675924247,21.582129405137042],[-158.2065030849685,21.58215778726634],[-158.2067216357216,21.58215428601861],[-158.2071455317897,21.582133669109524],[-158.20865865178652,21.581860643011577],[-158.20921753305652,21.58166449152725],[-158.2095246417549,21.581584609314483],[-158.20984827908998,21.58157255658207],[-158.21035993353172,21.58162008859749],[-158.21049515335872,21.58162071164625],[-158.21065476822616,21.581576282758835],[-158.21081938859186,21.581500257955273],[-158.21110279866235,21.58133896266988],[-158.21120229784992,21.581249086408846],[-158.21123758439933,21.581199564361516],[-158.21131399478642,21.58113668185997],[-158.21146742345283,21.581119323354525],[-158.21161982064368,21.581070342143285],[-158.21218536702327,21.58097809679029],[-158.21255618696833,21.58094818682746],[-158.2130164241294,21.580905138880542],[-158.2134395818317,21.580798683663534],[-158.21366941913283,21.5807184404607],[-158.2138170852021,21.5806513669682],[-158.21456438220224,21.580221191187803],[-158.21473553244877,21.580054856398547],[-158.2148120137805,21.57997842366847],[-158.21497710233447,21.57981657723475],[-158.21512405680124,21.579659165076983],[-158.2153360058197,21.579538184884573],[-158.21555396598094,21.579421749024217],[-158.21580691379737,21.57930998849297],[-158.21647194859509,21.57912784905153],[-158.2170144966577,21.579044515019024],[-158.21720788946345,21.579004749388833],[-158.21787923053455,21.578772949143442],[-158.2183737093997,21.57864873906929],[-158.21909271944108,21.578530068714198],[-158.2194985947079,21.578491269419693],[-158.21969269915584,21.578541839294264],[-158.22027050105496,21.578634810900436],[-158.22092904556803,21.578755246116003],[-158.22135369612806,21.578815897854767],[-158.22162979838507,21.578884905015556],[-158.22184206270398,21.578926522868635],[-158.22245985304858,21.57899257775721],[-158.2227843408681,21.57904375272318],[-158.2229662234104,21.579121372269867],[-158.22320206336067,21.579266990587648],[-158.22347294120362,21.579408252935337],[-158.2235850241381,21.579444900515966],[-158.22385525839553,21.57948227247972],[-158.22407979027375,21.57948781785171],[-158.22428512855154,21.579470691993855],[-158.22475071960258,21.579328289334015],[-158.22509772569828,21.579235025663856],[-158.22546848562155,21.57921413806358],[-158.22590397321306,21.579279363953464],[-158.22629935270103,21.57939408810193],[-158.22655261567022,21.57944492849461],[-158.2268519731907,21.57945532759307],[-158.22705250573756,21.57943366059843],[-158.22755894604128,21.579327570062542],[-158.22828345139442,21.579082458562127],[-158.22867145229117,21.578998409034572],[-158.22894318727052,21.578981581274796],[-158.22940794405324,21.57899272876887],[-158.2299676159204,21.57909012464211],[-158.2306142611679,21.579178879707438],[-158.23099786372646,21.57923933722274],[-158.23127387266075,21.579326404180364],[-158.23174551303362,21.57940532705399],[-158.23201553551291,21.57948333256024],[-158.2324159702685,21.579557410685084],[-158.2326110447722,21.579653142272832],[-158.23283417810757,21.579694801718112],[-158.23320010827348,21.57967387375274],[-158.23343538576918,21.579702039371742],[-158.23395860711307,21.57984441550613],[-158.2342300071721,21.57989080689788],[-158.23441235787465,21.579882598173857],[-158.23469520250157,21.579820645369555],[-158.2350541543354,21.579750000902724],[-158.23525458965773,21.57974638791787],[-158.23569049556664,21.57973480569827],[-158.23596076169224,21.579767639225715],[-158.2361080522782,21.579768304035372],[-158.23640900553644,21.579706429547187],[-158.2366081605326,21.579716358910424],[-158.23667342718213,21.57970310459919],[-158.23698549606544,21.579821935348978],[-158.23719793228148,21.579831924858908],[-158.23781567259746,21.57968114684474],[-158.2383390298285,21.579570588064026],[-158.2386988743096,21.57955865640231],[-158.23904032623486,21.579600838445106],[-158.23936977549542,21.579629414214846],[-158.23962344867027,21.57960345480039],[-158.24001714746234,21.579582639504583],[-158.24018242779286,21.579605961678023],[-158.24049488010525,21.579652524763134],[-158.24080638606011,21.579649404349276],[-158.24118332390083,21.579601413781237],[-158.24160770010562,21.579716221362357],[-158.2417896235488,21.5797892945416],[-158.24226745376893,21.57984110991525],[-158.24245560432726,21.579878081957077],[-158.2425259818164,21.579810651844124],[-158.24274388572664,21.579698717605428],[-158.2430209960822,21.5795780168367],[-158.2433209491806,21.579475480144875],[-158.24365058682218,21.579467920456242],[-158.24381484979912,21.5794551056524],[-158.24393309526076,21.5794691815207],[-158.24424493085866,21.579402827656885],[-158.24444560099346,21.579354044148765],[-158.24460413330647,21.579282491282058],[-158.24482205733963,21.57916603983386],[-158.2449157477156,21.57902645412312],[-158.24502213189987,21.578999831245426],[-158.24522200003202,21.579104595399006],[-158.2453631355494,21.579127804821177],[-158.2458521596783,21.57911643479871],[-158.24608247065845,21.579171653519257],[-158.24647648286853,21.579322441894064],[-158.24664740110802,21.57942255796488],[-158.24681841586843,21.57950460900744],[-158.24696556555273,21.5795323597045],[-158.2473362711335,21.579529465815458],[-158.2475776903554,21.57955757783481],[-158.24790813411607,21.579653803892473],[-158.24802529122195,21.579654296780248],[-158.24811357549885,21.579632085746695],[-158.2483203921165,21.57957876018426],[-158.24846087055263,21.57950709050117],[-158.24869044535984,21.579489988731062],[-158.24902718748186,21.579536562322705],[-158.249674402069,21.579570887736782],[-158.24983994002105,21.57955803116452],[-158.25025821244952,21.57948752152572],[-158.2505108741876,21.57944341327347],[-158.25087031407463,21.579304914094635],[-158.2510938709198,21.579283266503133],[-158.25171892159685,21.579398774567046],[-158.25179459141563,21.57948037860794],[-158.2518485663816,21.579552861539522],[-158.2519717746399,21.57978369616554],[-158.25202463710337,21.579838109639972],[-158.25210186530427,21.57985198015366],[-158.2521372190193,21.579788901296364],[-158.2521833965317,21.579734899169452],[-158.25233063919634,21.579523255817257],[-158.25238399219006,21.579482833921574],[-158.2525024252053,21.579469776786457],[-158.25260262606787,21.57947922571155],[-158.2527143977721,21.579353240269157],[-158.25280872288553,21.57933105292484],[-158.2529494955917,21.5794355093824],[-158.25309083185655,21.57943157908441],[-158.25350313133376,21.579347488183327],[-158.25367984548745,21.57927596559831],[-158.25380320214697,21.579244865182034],[-158.2539217071442,21.57921825926813],[-158.25427520102966,21.579061664303016],[-158.25473412371318,21.57883776651047],[-158.25486408246928,21.578698307432568],[-158.2548465734928,21.578580816261727],[-158.25491071210854,21.57832366787061],[-158.25498099779486,21.578278798203694],[-158.25522250913497,21.57828883331512],[-158.25528761424144,21.57831168259755],[-158.25556432930787,21.578520567872378],[-158.2556887308425,21.578521083209626],[-158.25588827425264,21.57847223467162],[-158.2559888014129,21.57841845798668],[-158.25615998947245,21.57824755776703],[-158.2564370175472,21.578162900450334],[-158.25660657498912,21.578073281919483],[-158.25664230266602,21.577937947816697],[-158.25670780525954,21.577884027907352],[-158.2568251483467,21.577848384744257],[-158.25690128575772,21.577839668300477],[-158.25696025722831,21.577880556700833],[-158.25700831069116,21.57793043084763],[-158.25706119552916,21.577980327435576],[-158.25713087407982,21.57805287153765],[-158.2572790569813,21.578125741315286],[-158.25740218086096,21.578139797760098],[-158.25746752025245,21.57811748933997],[-158.25760219210756,21.57800062799785],[-158.25772685209688,21.57795146781323],[-158.2578502107191,21.577920365257967],[-158.25792130592015,21.577952271067215],[-158.25797419302435,21.57800216647947],[-158.25805004873183,21.578047640635162],[-158.25813326842518,21.578070564087287],[-158.25829750682047,21.5780757585881],[-158.25875096502628,21.577973763429046],[-158.2590747461965,21.577957033963315],[-158.25936435866743,21.57800790596945],[-158.25961174623075,21.578049570662035],[-158.25991779952372,21.578190826121386],[-158.26010602772237,21.578227729841878],[-158.26019414898573,21.57823712594919],[-158.26030684748287,21.578165333531963],[-158.26031796050103,21.57788538731586],[-158.260335547583,21.577754496234782],[-158.2603590328949,21.57765072573621],[-158.26044771549726,21.577551740291185],[-158.2605299390608,21.577534013822678],[-158.2606830710879,21.57758431999841],[-158.26079562944383,21.57753962461527],[-158.26084239024593,21.577372725028656],[-158.26090677631333,21.577300734931125],[-158.2609722312842,21.577255844851123],[-158.26109547419793,21.57724732011865],[-158.26123627016196,21.57734724984515],[-158.26127210730832,21.57742416933353],[-158.26130195061495,21.577492032270747],[-158.26140783944825,21.57756923981562],[-158.26154292439622,21.57760592249573],[-158.2619028701086,21.57760288600618],[-158.26220321299476,21.577680892327532],[-158.262473571292,21.577718130061143],[-158.26260981831732,21.57776384970327],[-158.26276195157345,21.577773506153303],[-158.26285715894147,21.5778145393426],[-158.26292195754002,21.57789609306908],[-158.2629809288604,21.5779369793776],[-158.26305692707712,21.57795535480453],[-158.26316876690683,21.577815817883515],[-158.2633458992088,21.577663003494973],[-158.26336332277782,21.577563722949893],[-158.26329269277366,21.577441503791444],[-158.26332837520107,21.57731520237136],[-158.2633987074191,21.577261300216975],[-158.26356933207327,21.577198778105167],[-158.2637346830393,21.577222035686724],[-158.26392823307714,21.57716412003692],[-158.2640525890254,21.577173663379327],[-158.26409299942284,21.577300274990662],[-158.26421110580551,21.57735043312734],[-158.26425305068494,21.57741382817337],[-158.26435327392673,21.57741875467843],[-158.26443473337704,21.577315223315125],[-158.2645229494872,21.577306552193072],[-158.26465320371693,21.577343212839885],[-158.26477119544188,21.57741595086536],[-158.26492444477762,21.577443672903925],[-158.26505943561548,21.57749841678464],[-158.2651655581198,21.57753046324959],[-158.2653720682778,21.577535822802385],[-158.26544223472908,21.57751353069906],[-158.26576058578513,21.577379354790402],[-158.26594359242998,21.577258173304596],[-158.26606126296923,21.577159304389504],[-158.26613774943854,21.577082845569617],[-158.26622617578417,21.577033531928432],[-158.26640274679403,21.5769890948168],[-158.2664790937056,21.57693973144833],[-158.26656157402297,21.576872329692502],[-158.26662561136325,21.57686807635031],[-158.2667796937015,21.57696805455561],[-158.26687366781385,21.577013598184678],[-158.2670207156369,21.577072904474644],[-158.267274353034,21.577073939148153],[-158.26746297750944,21.577034066657102],[-158.26766354116742,21.577021335452724],[-158.26796281698256,21.57707223141112],[-158.26812222068318,21.577077396761933],[-158.2682818371822,21.577041918537645],[-158.2683520521893,21.577010595432334],[-158.2684105159143,21.576915998231136],[-158.2684459169045,21.576843888647986],[-158.26910049980125,21.576620760958484],[-158.2693292153329,21.576535889790883],[-158.26955307664522,21.57645551606698],[-158.2697709216939,21.576370600221054],[-158.26997715803975,21.576195320808694],[-158.2701310126761,21.57610562934636],[-158.27042499755152,21.576011990963153],[-158.27054328992017,21.576026020134034],[-158.2709902437299,21.576014286936832],[-158.271208806884,21.576024207397904],[-158.27130914823888,21.576006551208906],[-158.2716031312518,21.575912911617312],[-158.2718562115995,21.575787494550884],[-158.27197474018536,21.57575636390772],[-158.27205066603602,21.575788283048013],[-158.27217495292038,21.57581136633224],[-158.27224509696683,21.5757935866565],[-158.27232966672048,21.57578487555701],[-158.27246519988157,21.57596150745818],[-158.27254719144682,21.575984396691332],[-158.27257691608435,21.575840003476337],[-158.27276546711062,21.57580459123516],[-158.27287144585807,21.57585918228293],[-158.27294806959065,21.575985915688822],[-158.27302520741063,21.576013302557683],[-158.27311853307825,21.575945919499222],[-158.27321283113898,21.575923696852534],[-158.2732833532033,21.5758291332912],[-158.27331886252287,21.575499612165565],[-158.27351974171134,21.57541457213149],[-158.27368398184296,21.575410678060898],[-158.27377277337152,21.575519392454346],[-158.27389047760113,21.575641765616066],[-158.2739786917251,21.57562855050488],[-158.27406173038796,21.575448233287197],[-158.2741560749085,21.575416979411273],[-158.27432655992692,21.575372464802957],[-158.27439173865048,21.575377227145104],[-158.27451457458056,21.575440912439962],[-158.27457341475346,21.575504356897063],[-158.27460330028515,21.575563175157637],[-158.27471494414948,21.575690039514036],[-158.27487999354167,21.575762915746175],[-158.27491545079778,21.575677248673045],[-158.2750148111478,21.575609888082194],[-158.2751923330767,21.575840864225814],[-158.27525614170608,21.575877231085965],[-158.27565681199007,21.575919384353842],[-158.27576850214712,21.57580239620728],[-158.27573425199972,21.575653244873628],[-158.27575684254654,21.575486244577164],[-158.275839950063,21.575527200630592],[-158.27595136194532,21.575699222130318],[-158.27606326256907,21.57577641232766],[-158.2761397960756,21.57568638456291],[-158.27619951736924,21.57557823006093],[-158.27634676037547,21.57559233302957],[-158.27639352606482,21.575655730729405],[-158.27642271654526,21.57585001892221],[-158.27652860226465,21.575922670854716],[-158.27661672475926,21.57592751933742],[-158.2767111168203,21.5758872315212],[-158.27685222901806,21.575919372820188],[-158.27699354677065,21.575910874989734],[-158.27715211977318,21.57583470128039],[-158.2772413785403,21.57585310069687],[-158.2773533257389,21.575921259357532],[-158.27746455229945,21.575894583250854],[-158.27754765862952,21.57593553665487],[-158.27760027777828,21.576035082071545],[-158.27778253737029,21.57604931667449],[-158.2781771647847,21.575856619191093],[-158.27827130168725,21.57586600469356],[-158.27831319420864,21.575938414360017],[-158.27821801696763,21.57613223567197],[-158.2783298958298,21.576213941536302],[-158.2784242176548,21.5761872005823],[-158.27847154134633,21.576142219510142],[-158.2785603326776,21.5760161102016],[-158.27862458050365,21.575966677903814],[-158.27865388327683,21.575903566884538],[-158.27861345156057,21.57578148830298],[-158.27859573396117,21.575704654413126],[-158.278666736379,21.575515257167424],[-158.2787370225878,21.575465847352564],[-158.27882528286892,21.575443598968732],[-158.27895438973158,21.575462146496708],[-158.27905477001127,21.57543091233453],[-158.27907810278828,21.575354232665536],[-158.27915545027759,21.575340974992947],[-158.27934912861036,21.575246869398818],[-158.27947867117143,21.57517961768961],[-158.2795561349811,21.57514378219368],[-158.27970344396462,21.57514433433045],[-158.27979184167881,21.57509499153131],[-158.27993801503973,21.57508199311172],[-158.2800208123782,21.574946828868878],[-158.28017461940726,21.57485708978632],[-158.2803213086426,21.57497956480623],[-158.28038557868217,21.574925617350214],[-158.28063396954505,21.57499428191429],[-158.2807448266749,21.575039856378],[-158.28082235601198,21.57499047151284],[-158.28082750989998,21.574927270268358],[-158.28085111679536,21.574796400711257],[-158.28086959690023,21.574724217065448],[-158.28086598523174,21.574484867372128],[-158.28071405392103,21.574443656384943],[-158.28022691059894,21.574310875223862],[-158.27433038186896,21.572753307401022],[-158.27224513841134,21.57298023080433],[-158.27182106530213,21.57300560219645],[-158.27121340722704,21.57303022546396],[-158.27048899148323,21.57297760346154],[-158.26990019800115,21.572857790563212],[-158.26941153240156,21.572760963953336],[-158.26889878335692,21.57265049023458],[-158.26820393814484,21.572485079547494],[-158.26766150747292,21.57227513019668],[-158.26746148301024,21.57218399346784],[-158.26709037160927,21.57201087026656],[-158.2668841426942,21.571951318153804],[-158.26668999379413,21.571891815349964],[-158.26652487654897,21.571823391199455],[-158.26630664342443,21.571750212109873],[-158.26610051308614,21.57167256610012],[-158.26593542308512,21.571599606181575],[-158.265824377744,21.571585596729875],[-158.2656645442774,21.571431336647876],[-158.26554075487178,21.571313366965054],[-158.26539406763848,21.571186268060845],[-158.26528221600174,21.5710954543032],[-158.26519918706174,21.57103638109067],[-158.26507004970762,21.57101778042799],[-158.2649456742246,21.571012749700973],[-158.26480552486186,21.571021209138127],[-158.2646751565345,21.571007119079937],[-158.26448724140877,21.57091147259221],[-158.26428627813826,21.57077059402222],[-158.26418034999563,21.57070239102275],[-158.2640925628966,21.5706297463295],[-158.26405088257206,21.570516629290463],[-158.26403364315468,21.570349401529267],[-158.2639860434238,21.57021367300375],[-158.26395042642005,21.570096064576756],[-158.2638326114245,21.569991669988376],[-158.26365587977782,21.569837335181493],[-158.26346709457505,21.56967843417987],[-158.26306160632936,21.56938762057385],[-158.2628846162682,21.569282978941924],[-158.26266665957783,21.569160096793386],[-158.26253061406302,21.569078213178365],[-158.2623839385195,21.56895110543437],[-158.26217790167985,21.568629487777212],[-158.26197105721178,21.568461472478603],[-158.26179423790882,21.568325204349136],[-158.2617065040419,21.568243518767865],[-158.26143584566648,21.56803909293382],[-158.26102308539802,21.567757270445497],[-158.26082330100547,21.567625423029114],[-158.2605809605494,21.567547610621176],[-158.2602165500359,21.56748736103766],[-158.25992114658186,21.56739577299539],[-158.2596680582549,21.567295325323332],[-158.25943301721122,21.567208504699845],[-158.2592150992602,21.567081095658562],[-158.25900256689525,21.566849794732303],[-158.2588321851471,21.56664126093133],[-158.25871474827423,21.56646908961356],[-158.25860192718093,21.566337600263786],[-158.25840845732097,21.566156073095836],[-158.2581845305002,21.56602411695774],[-158.25800734411874,21.565960124594717],[-158.25790747035774,21.565891938358188],[-158.25779556918104,21.565814664006282],[-158.25760676514798,21.565664781934046],[-158.25734180758064,21.565528131867538],[-158.25701767685962,21.56539123382039],[-158.2567056720856,21.565245350244034],[-158.25627553989324,21.56505830632035],[-158.25606964100257,21.564944490513692],[-158.2557927598625,21.564780680453822],[-158.2552918951829,21.5644984542594],[-158.25496898278993,21.56436155504629],[-158.25474499945446,21.564243142256192],[-158.25457395606574,21.564161097598596],[-158.2543969739224,21.564060953620178],[-158.254279018702,21.56398816712198],[-158.25406689316782,21.563910465286117],[-158.2539319347955,21.563855678626673],[-158.2537139440152,21.563746325792696],[-158.25355488264412,21.563682400023115],[-158.25320188837912,21.563527293746475],[-158.25288389019707,21.563376851843977],[-158.2526249930327,21.56324021439036],[-158.2522891781952,21.563035477367002],[-158.25204127667558,21.562876293130614],[-158.25185358157898,21.562748991381213],[-158.2516407012234,21.562589954750454],[-158.2513402351241,21.562326628805323],[-158.2511286646747,21.562149523950712],[-158.2509879205032,21.562049526630982],[-158.25084579717563,21.561981150899065],[-158.25072284830722,21.561939963790312],[-158.25056367130557,21.561898623617733],[-158.25036328833036,21.56188421583858],[-158.25012744211003,21.561950983848877],[-158.2499797711851,21.562013606742518],[-158.24980314136783,21.56207158822992],[-158.2496326240259,21.562116041719513],[-158.24943320011602,21.56214681764807],[-158.2491918315578,21.562118675759475],[-158.24890819971682,21.562090355699524],[-158.24866094459438,21.562035079476523],[-158.24847899684377,21.561962010387045],[-158.2483078191773,21.561907058631245],[-158.24808368416353,21.56182025434249],[-158.24787763729455,21.56173804501504],[-158.24761838482192,21.561669161410723],[-158.24747113463712,21.561654974673598],[-158.24732974865262,21.561672439466722],[-158.2472123242942,21.561726148462974],[-158.24707675165587,21.561793310831156],[-158.24689500824027,21.561914479414934],[-158.24660570533484,21.562057753179108],[-158.2464651797572,21.562147482434828],[-158.24636443785025,21.562246429567267],[-158.2462463473193,21.562426623767884],[-158.24611110537194,21.562651921673343],[-158.24596374014533,21.562886202682677],[-158.2458286734314,21.563079875956706],[-158.24566345191113,21.563268892666997],[-158.24549855606807,21.563399176687035],[-158.24532312106214,21.56347067340179],[-158.24509841827015,21.563501285318257],[-158.24485216254746,21.563500171398125],[-158.24462192539465,21.563440390327315],[-158.2444038611345,21.563362592492012],[-158.2440509229173,21.56322544592191],[-158.24383889350926,21.563147674736108],[-158.24366785641178,21.563079125609075],[-158.24336184723046,21.5629692994096],[-158.24319186939016,21.562927863431195],[-158.243014722531,21.56287283940455],[-158.24280880459395,21.562781539379532],[-158.2426199375404,21.56266320597486],[-158.24240821269368,21.562531213140257],[-158.24219067696416,21.56235852949325],[-158.24188504695073,21.562180928517034],[-158.24154348093188,21.56195345853699],[-158.24131955973746,21.56184400043189],[-158.24111384599163,21.561716550595143],[-158.2409139415575,21.561629792900693],[-158.24063680794984,21.56153816405808],[-158.24037777999035,21.56144661728887],[-158.24002459761417,21.561354638988888],[-158.23974738965413,21.561276560948833],[-158.2395593048361,21.56123503872988],[-158.2393061140681,21.56117966203085],[-158.2390830498279,21.561133458772133],[-158.23900586978942,21.561119551065328],[-158.23887713694472,21.56104215220724],[-158.23867021837881,21.560914692113222],[-158.2385644464189,21.560832878870414],[-158.2384827421333,21.56076472903439],[-158.23836487281315,21.560687377622916],[-158.23828178471277,21.56065085101507],[-158.23801184497464,21.56056828522259],[-158.2378528101923,21.560513336813365],[-158.2377167085341,21.56045849314831],[-158.23762252981453,21.560462581402938],[-158.23745225197737,21.560475355897506],[-158.237329099407,21.560479309609427],[-158.2371987576348,21.560474194059594],[-158.2370878030048,21.560455610949447],[-158.23696968478401,21.56042344237719],[-158.23683464022335,21.560395711638495],[-158.23660446083213,21.56032688095835],[-158.23635740740863,21.560253453614195],[-158.23617433104636,21.560180319129664],[-158.2359096271064,21.560025478435477],[-158.23566292925884,21.559888794245452],[-158.2354391173894,21.559761250951592],[-158.23525020823632,21.5596519418539],[-158.2349793953313,21.559510626989173],[-158.23476740118812,21.559428320185496],[-158.23455057948468,21.559345990946188],[-158.23437366557545,21.55925028945976],[-158.23410292935313,21.559095416451232],[-158.23379711304173,21.55895393704976],[-158.23350261551275,21.558731178274456],[-158.23334889352915,21.558590397456825],[-158.23324350579546,21.558440802599744],[-158.23311978510978,21.55833179102679],[-158.23290842746005,21.558136521630676],[-158.23258991689227,21.55789105741595],[-158.23236022537822,21.557736368824163],[-158.23222546329526,21.557658931770582],[-158.23201953412865,21.557572130461992],[-158.23192448060564,21.557517469487408],[-158.23164247688587,21.55743483256831],[-158.2314302590045,21.557393184666513],[-158.23120727869633,21.557333411626697],[-158.23105420786146,21.55729203604753],[-158.2308772492413,21.557205366999433],[-158.23067160109986,21.557068859600694],[-158.23047668904601,21.556954995783553],[-158.230205756134,21.556836258934233],[-158.22997091082746,21.556740280824354],[-158.2297348567334,21.556644297707788],[-158.22951190412726,21.556580004439148],[-158.22930587402695,21.556511270087984],[-158.22912272965462,21.556451679392328],[-158.2289637775092,21.556383164147118],[-158.22874012817906,21.556228495029252],[-158.22855276593583,21.556060440079836],[-158.2284292019743,21.555924310761394],[-158.2283406181683,21.55579286322691],[-158.22826390138485,21.555697617425505],[-158.22816324626984,21.555566112106668],[-158.227969050297,21.555325728500822],[-158.22780455046768,21.555171332109733],[-158.22760509518503,21.555007737340837],[-158.22738127032662,21.554884693453328],[-158.2271516131656,21.55472547539929],[-158.22698071979198,21.554634307798292],[-158.2267568174452,21.55452481802316],[-158.22663402937593,21.55446550462225],[-158.22645697433893,21.554396901262013],[-158.22631620874694,21.554314909052422],[-158.2261033491856,21.554173840065726],[-158.22591008645114,21.553983159699143],[-158.22573880711272,21.553747395426004],[-158.2255679342872,21.553439336503626],[-158.22540928812808,21.55310422093911],[-158.22522680912556,21.552714773319998],[-158.22516210363037,21.552203873532935],[-158.22513926689953,21.55197332207448],[-158.2251452457368,21.551770014212153],[-158.22497467010317,21.551836994159267],[-158.2247971570148,21.551849717808487],[-158.22469206869886,21.55186278080407],[-158.2245324558817,21.55191173695384],[-158.22441501560192,21.551974444433114],[-158.22434454558933,21.552055449201582],[-158.22427913472225,21.55209580890945],[-158.22421503381085,21.552118100369512],[-158.22407974103464,21.55213554144728],[-158.22395536530573,21.55214399517168],[-158.2237847098557,21.552224527882796],[-158.2236381968537,21.55230517374737],[-158.22352044702976,21.55242210478649],[-158.22344363370274,21.552557301643805],[-158.22340798982668,21.552670098709818],[-158.22336137870633,21.55280091808256],[-158.22333775216342,21.552922809170862],[-158.223320290231,21.553022135631842],[-158.22324858598148,21.553107651371192],[-158.22313733196518,21.553143277970502],[-158.22304313090467,21.55315187340907],[-158.2228899129418,21.553137598549498],[-158.222777887933,21.553096405042265],[-158.22266688904574,21.553086847643275],[-158.22253062122317,21.55306361343274],[-158.222366411039,21.55307187926556],[-158.2221960061044,21.553107232916787],[-158.22201346696264,21.55315158046989],[-158.22181305104706,21.553155180343794],[-158.22165986881015,21.553131883631863],[-158.22151308303415,21.553045356578618],[-158.22140030080425,21.552922836891288],[-158.22135995077608,21.552800649126702],[-158.22133033576037,21.55270110302161],[-158.22124812013013,21.552510945095786],[-158.22112380659044,21.552293480802692],[-158.22105320052145,21.55218471049996],[-158.2209765068012,21.552084947972205],[-158.22091201283342,21.55196264908763],[-158.22090685063677,21.55180899335536],[-158.22091820313395,21.55172319209311],[-158.2209889885219,21.55158795742705],[-158.2210473435453,21.55151593014702],[-158.221082813329,21.551434758770636],[-158.221089515705,21.551317304368666],[-158.2208363469872,21.551257399295615],[-158.22061823428285,21.551188616055697],[-158.2204062356159,21.551106305846307],[-158.2201762598303,21.55100131795213],[-158.21997671936754,21.55085128547669],[-158.21974751358755,21.5506107424117],[-158.21960001058525,21.550438354270657],[-158.2194173440275,21.55029291644987],[-158.21921156281527,21.550179002482643],[-158.21895883126754,21.55004227861415],[-158.2187581114433,21.549887718368854],[-158.21865267821823,21.549747154318514],[-158.21848732435134,21.549529494910963],[-158.21825773683133,21.549356726274386],[-158.21803975706194,21.54926534704085],[-158.21791110526036,21.549174379334637],[-158.21779339601449,21.549069905785927],[-158.21773365594987,21.548961184211468],[-158.21768100553447,21.54887960372222],[-158.21761638492066,21.54877989455246],[-158.21754585775835,21.548657564310027],[-158.21745213516843,21.54858031364462],[-158.21726310419214,21.54849358470685],[-158.2168931522845,21.548378906225253],[-158.21670992270737,21.5483328715497],[-158.21654469881565,21.548304993774124],[-158.21641545504005,21.54831795255635],[-158.21626315024506,21.5483533952656],[-158.21606237707138,21.54842024404826],[-158.21579135705923,21.548527434346695],[-158.21558586088514,21.548576187838428],[-158.21544444285783,21.54860716288096],[-158.2153321010475,21.54862019672914],[-158.2152029356227,21.548619596949187],[-158.2150677619068,21.548614450662246],[-158.21488440340522,21.548591006701827],[-158.21472631820598,21.548581235034632],[-158.2145379777679,21.548584879576136],[-158.21433754007825,21.548592986830943],[-158.21407895150568,21.548636971050204],[-158.21388434292192,21.5486812529129],[-158.2137196556975,21.548770861376536],[-158.21360178818367,21.548905874420775],[-158.21344259465192,21.549090398978603],[-158.21333679765405,21.549225468759463],[-158.21317164581654,21.54939641146449],[-158.21301828018116,21.54961711346188],[-158.21294227520968,21.549820101705087],[-158.21285889873025,21.55004564750644],[-158.2127832022444,21.550194412451038],[-158.21270648169963,21.550311542069913],[-158.21261794724973,21.5503834283398],[-158.21247041625094,21.550427928989368],[-158.21222888148642,21.55044487936114],[-158.21203468356768,21.55041686379175],[-158.21181770572025,21.550361629789933],[-158.21165266119596,21.55030211663825],[-158.2114407181046,21.55021075559186],[-158.21123504515626,21.550078754556843],[-158.21104026003016,21.549942285775945],[-158.210922451742,21.54985588130582],[-158.21083366305425,21.549760574264674],[-158.21074629063133,21.54962912351679],[-158.21064594993655,21.54944338758787],[-158.21054640324934,21.54932995518888],[-158.210416677213,21.549216381623552],[-158.21011001685852,21.54901160747461],[-158.20986933706504,21.548879440771074],[-158.2096515661884,21.548751899537045],[-158.2094809262999,21.54861553983279],[-158.20936322182217,21.548511056899713],[-158.20919240238854,21.54840632739918],[-158.2090393528856,21.548360425683672],[-158.20891005961272,21.548382414628037],[-158.2088034671121,21.548445178764204],[-158.20866759473296,21.548562027597704],[-158.20853809358636,21.54862016561632],[-158.20836739524125,21.548705223866058],[-158.2081858054049,21.54879474832861],[-158.20803806703998,21.54887539443689],[-158.2078968051278,21.548879251456565],[-158.2077557755902,21.548842440091065],[-158.20760288302185,21.548769422784044],[-158.20744891200007,21.548673808730452],[-158.20732042066703,21.548555719673654],[-158.20720846590288,21.548500968193295],[-158.20706746339718,21.54845963917392],[-158.20686109433802,21.548449633148795],[-158.20668372016567,21.548435244904045],[-158.20653077557898,21.548371265328818],[-158.20641908243954,21.548271327999057],[-158.20633648836187,21.54814893220869],[-158.20623119245235,21.54798576346231],[-158.206160824793,21.547836313486595],[-158.20609610660537,21.547754672050335],[-158.2059660711815,21.547695316457887],[-158.20577793840573,21.5476628017728],[-158.2055837702813,21.547630258122975],[-158.20536571812417,21.547552413857755],[-158.20521272393245,21.547497468195385],[-158.2051005623089,21.547478866493645],[-158.20503057395527,21.547474017423706],[-158.2049300710172,21.547527770060494],[-158.20482478889232,21.547572463614056],[-158.20471848455117,21.54758551909899],[-158.20457149752596,21.547535121426197],[-158.204418657275,21.547453062575073],[-158.20422369817868,21.547348212914592],[-158.2040359799422,21.547243397597068],[-158.20381238636767,21.54707966716481],[-158.20366455858024,21.546966000261012],[-158.20357104871917,21.546852589064212],[-158.203493452264,21.54669411786579],[-158.20338262193476,21.54643159834916],[-158.20331130591154,21.54622798677453],[-158.20322897845264,21.546051425818572],[-158.2031414510164,21.54594259993973],[-158.2029706318224,21.54583338225081],[-158.20281774916285,21.545755867903107],[-158.20262869906452,21.545669146962283],[-158.2024760873061,21.54554194519554],[-158.20232239316297,21.545392149355347],[-158.2021407116387,21.545282877977908],[-158.20192774351605,21.545155389644975],[-158.20175707731252,21.54501906551256],[-158.2015988774234,21.544810523732984],[-158.20149829666377,21.54466097964124],[-158.2014276474372,21.54455674821719],[-158.20138121560012,21.544439080210296],[-158.20122175938627,21.544239568299275],[-158.20102749773437,21.5440037500057],[-158.20086920104058,21.543813275940384],[-158.20075049115104,21.543668162656097],[-158.20065070048497,21.543595414429376],[-158.2005448955341,21.543518120103652],[-158.20039179296649,21.543481255632795],[-158.2002507115004,21.54345348309115],[-158.2000975566747,21.54342565342521],[-158.19995046482856,21.54339333459385],[-158.19973836370409,21.543329086839037],[-158.19951539835884,21.543264786671088],[-158.1992729440695,21.54323201490498],[-158.19906796187442,21.543190386534402],[-158.19888450836308,21.543184998099502],[-158.1986201271671,21.54318825953197],[-158.19834956381533,21.54321859407637],[-158.19804894627708,21.543226198521683],[-158.19781957140398,21.54322962520903],[-158.1976422276769,21.54321071226988],[-158.1975072568204,21.543169415203245],[-158.19734213467544,21.543123455706674],[-158.197118990029,21.54309079092788],[-158.19692473616303,21.54307182653741],[-158.19672452169073,21.543039281590982],[-158.1965955031373,21.543011582155817],[-158.19647712717833,21.54302458695345],[-158.19636478547662,21.543037619841225],[-158.19621260825502,21.543050468791204],[-158.19604111629278,21.543063229911233],[-158.19588866433278,21.543125768314425],[-158.19573500327155,21.543188299839837],[-158.19559353994606,21.543228301316276],[-158.1953997682254,21.54334034005405],[-158.1951939237728,21.54345232119897],[-158.19505208349182,21.543560082077775],[-158.19496348371422,21.543645502077815],[-158.19474589700818,21.543915535358334],[-158.1946103980759,21.544185951241808],[-158.1945460673278,21.544248894954478],[-158.19448704032746,21.544226036471954],[-158.19443943016836,21.544103848297745],[-158.19441638889398,21.543904978188756],[-158.1943932479508,21.543724176410638],[-158.19433962768554,21.54359744377581],[-158.19431085345352,21.543344337685948],[-158.19428768776768,21.54316805387581],[-158.19431029503164,21.543010051891258],[-158.19432822269312,21.542824922255104],[-158.194322689001,21.5427345505168],[-158.19426994914355,21.542666546679104],[-158.19418077068795,21.542639028836355],[-158.19404581951898,21.54259322905998],[-158.19393981543573,21.542552081776204],[-158.19389303717074,21.54249765734937],[-158.19388735311605,21.542434389006676],[-158.1938928586707,21.542312445664184],[-158.1938983402442,21.54219501760177],[-158.19386984619115,21.54210905659213],[-158.19378109323583,21.542004746309235],[-158.19366309220052,21.54194998924965],[-158.19353432965386,21.541877114864647],[-158.19342221618263,21.541849489337707],[-158.19334533438973,21.54178137207539],[-158.19331062889017,21.541727003174238],[-158.19337523549814,21.541614370177733],[-158.19344555080457,21.541560487521632],[-158.19347517530252,21.5414431726125],[-158.1934926266842,21.54134387216738],[-158.19349323045913,21.54123545854886],[-158.19348047912067,21.541140533769603],[-158.19343420448845,21.540995763034317],[-158.1933750519708,21.540778653815504],[-158.19331036659003,21.540471172801663],[-158.19321635954714,21.540226797128355],[-158.19315087293467,21.540063866365113],[-158.19306956647313,21.539923450489212],[-158.1929809162406,21.539801067864747],[-158.19278616557546,21.539655605584084],[-158.19259275012442,21.539487562616824],[-158.19244492594373,21.53936942130591],[-158.19230439890885,21.539242278987746],[-158.19220023348623,21.539088202203445],[-158.19222729345512,21.538997980114043],[-158.1922682851241,21.53879037181888],[-158.1923330160955,21.538655151038064],[-158.19238059796413,21.538565024671176],[-158.1924153014702,21.53840256154593],[-158.19242822782837,21.538249030096157],[-158.19240363315038,21.538113393032003],[-158.19237528966107,21.53800032655259],[-158.1923335951749,21.53790074794349],[-158.1923045493767,21.53769732941198],[-158.192280508502,21.5374623137613],[-158.19223966870462,21.53720914883248],[-158.19221623136139,21.537082551750522],[-158.1922158529104,21.536933475782067],[-158.19221540044816,21.53679795197566],[-158.19222226685926,21.536648908375525],[-158.19222181341192,21.536513385463127],[-158.19221638109542,21.536404942582333],[-158.19214013423965,21.53622388868315],[-158.19202196689437,21.53598391615151],[-158.19189187814055,21.53571677983738],[-158.19180459221414,21.535567296375007],[-158.19168028906492,21.53534536271202],[-158.19145710807857,21.535104892662595],[-158.19136227606953,21.535009582500095],[-158.19129863035417,21.534950557512534],[-158.19097463225106,21.534822551730056],[-158.19065646934024,21.534730711292],[-158.1903682568489,21.534679665955117],[-158.19010277670895,21.534664867233396],[-158.18983196362956,21.534740393532413],[-158.18947316044535,21.53479291760936],[-158.18925576258263,21.534814483366052],[-158.18891370621455,21.534894189039235],[-158.188636882361,21.534965167842024],[-158.18848101597416,21.534991538202036],[-158.18821276810138,21.535039969277513],[-158.1878360107141,21.535065302814832],[-158.18759467179856,21.53505061400627],[-158.18740697565448,21.534941308621576],[-158.18724257110688,21.534768870241496],[-158.1871013016363,21.534560397779224],[-158.1869715973637,21.534442331057964],[-158.18682466673175,21.534382911143062],[-158.18670655070957,21.534350731186287],[-158.18657749553557,21.53433205122531],[-158.1864119243502,21.534367412167903],[-158.18627059616347,21.53438481515894],[-158.18617619178127,21.534429543840364],[-158.18611802464048,21.534469927542293],[-158.186029628879,21.53451920355806],[-158.186016352158,21.534519140583747],[-158.18585935637054,21.534531951376735],[-158.1857171765381,21.534486105288817],[-158.1854763728588,21.5343765466793],[-158.1851525637952,21.5342169012209],[-158.18491063064093,21.534093783788023],[-158.18473480577305,21.53402067108601],[-158.1845815351453,21.534015430085862],[-158.1844279317523,21.534068912745855],[-158.18422232465127,21.534140221519642],[-158.18407490922428,21.534166629091803],[-158.18383981403133,21.534115822406026],[-158.18364588322683,21.534042623602755],[-158.18351939718218,21.5339968470454],[-158.18342177839335,21.533969280499132],[-158.18324582815615,21.53391875254341],[-158.1830568054897,21.5338320218823],[-158.18289795724354,21.533745433385526],[-158.1827983593857,21.533641057152966],[-158.18275058922274,21.53355047823272],[-158.18272705856964,21.533441944728306],[-158.18269759908813,21.533315311565687],[-158.18265717200575,21.53320669527395],[-158.18253954417384,21.533088680766],[-158.18233264624038,21.532961203309917],[-158.1822040044588,21.53287024140917],[-158.18202741243476,21.532720320718273],[-158.18183245851267,21.532615489029993],[-158.1816086878755,21.532483412564403],[-158.18135017205256,21.532305995126315],[-158.18117933584207,21.53220579462489],[-158.18102062103696,21.5320966154429],[-158.18072643410778,21.531824154443267],[-158.1805032320356,21.531592691907665],[-158.18027301911755,21.53132053442363],[-158.18013752170518,21.53116176846707],[-158.1799671744195,21.530975731539648],[-158.17983286115782,21.530821489269627],[-158.1796611028059,21.530671586316128],[-158.17947835353286,21.53054421875217],[-158.17929082856753,21.53040779129808],[-158.17912025281407,21.53026241082464],[-158.1789666780167,21.530099039625405],[-158.1788493672273,21.529926805141397],[-158.1787200880127,21.529736442871542],[-158.17864350766425,21.52961861692546],[-158.17857874077623,21.529546023805892],[-158.1784667209793,21.529504827438448],[-158.1783138151862,21.529436329171777],[-158.1781958126951,21.529386069669407],[-158.17807801365157,21.529299668076366],[-158.17790179293704,21.52908649248555],[-158.177719613451,21.528859731238562],[-158.1776250576684,21.528719228461757],[-158.1774657889932,21.528497097065905],[-158.17736648425486,21.528343017336397],[-158.17722477908208,21.528215838903836],[-158.17703109642224,21.528101966446123],[-158.17686591803962,21.52806954937803],[-158.17653073578464,21.528004689136036],[-158.1762472974814,21.527967183255114],[-158.17606517165453,21.527943718843137],[-158.1759771373556,21.527929741565377],[-158.17588844004268,21.527820888972556],[-158.17591307126608,21.52773517030967],[-158.17591248177254,21.52762674200076],[-158.17590108393168,21.527509224108837],[-158.1759248423535,21.527364772133623],[-158.17597687609467,21.52713009865303],[-158.17608969978863,21.52681891757153],[-158.17620770917222,21.52644451217228],[-158.1762716582702,21.526237004182075],[-158.17632464318905,21.52604751354656],[-158.1763602368341,21.525943777386594],[-158.17638971952744,21.525853564460817],[-158.1763665344659,21.525686296491237],[-158.17627825148955,21.52550516012036],[-158.17618398422638,21.52531495976412],[-158.176142512914,21.525179226402276],[-158.17606624943755,21.525007184563837],[-158.17595413514536,21.524771720358842],[-158.1758540155784,21.52454986691589],[-158.17574888746222,21.524359613591848],[-158.17563638989458,21.52419191251012],[-158.1754664474626,21.523938097146477],[-158.1753188705976,21.523783777754986],[-158.17510737744394,21.523620115157833],[-158.1749898731679,21.523484012923337],[-158.17491343041613,21.52334359370736],[-158.1748658243616,21.523225900318952],[-158.17483627146953,21.52311733057694],[-158.17483712399027,21.522968247334447],[-158.174866407544,21.5227018403002],[-158.17486626108428,21.52251661089871],[-158.17486112924237,21.52235846456194],[-158.17482554216087,21.522249864978903],[-158.17478399732704,21.522127682524335],[-158.17475436718306,21.522032665786163],[-158.17471998711852,21.521924072148913],[-158.17469646695432,21.521815533109166],[-158.17468429625572,21.521621217063164],[-158.17469587917157,21.52149478008769],[-158.17466668388016,21.521322970368477],[-158.17461933472165,21.521160106172808],[-158.17457293349634,21.52104242226819],[-158.1744665230933,21.520865719754667],[-158.17434924737697,21.520688963429023],[-158.1742367502352,21.520521265970483],[-158.17416048642298,21.520349226001944],[-158.174078239583,21.52016812199372],[-158.17401977056895,21.52005038003392],[-158.17389646370336,21.51987359446325],[-158.17378995183148,21.519714958031493],[-158.1737131988206,21.519628751287318],[-158.17364348360397,21.519578718761267],[-158.17352567147287,21.519496827662287],[-158.1732781266794,21.51951821035709],[-158.1730017207156,21.51952138360068],[-158.17279541798655,21.519506827795176],[-158.17254818293412,21.519473999125196],[-158.17231296720752,21.519450266801435],[-158.17204165346521,21.519408277263135],[-158.1717895991714,21.5193754172488],[-158.17165935852043,21.51935670488029],[-158.17151802677222,21.51937860027976],[-158.17137679648457,21.519382423654292],[-158.17122349871713,21.519386186991685],[-158.17100061588997,21.519317326722174],[-158.17081753541834,21.519253178376374],[-158.1706116000697,21.51917536648545],[-158.17044197664612,21.5190796606027],[-158.1702531190034,21.518970307347548],[-158.17006429019543,21.518856436830642],[-158.16982377194054,21.518706169649917],[-158.16964082111676,21.518619432894116],[-158.16950593863,21.518569074492977],[-158.16936399687575,21.51848705686213],[-158.169176244959,21.51839577671439],[-158.16899670800515,21.518345199259134],[-158.16885807609853,21.518317408567757],[-158.16863519708426,21.518248544320407],[-158.1684640045901,21.518216076647366],[-158.16828205447325,21.51816548460674],[-158.1680929425658,21.5181013032823],[-158.16791114898265,21.518023604832596],[-158.16772234902527,21.517905212876673],[-158.16763492311017,21.517787322626187],[-158.16755222463894,21.517687524692217],[-158.16750452236718,21.51758790125524],[-158.16741615023022,21.51742482698741],[-158.16729278225705,21.51726158171958],[-158.16714018756613,21.51714336792933],[-158.16700433418376,21.51705234252906],[-158.16689259361453,21.51696595456012],[-158.16674569694902,21.516906497827037],[-158.1665577150003,21.516855873850716],[-158.16639882862674,21.51678280536972],[-158.16624592402192,21.51671880100873],[-158.16612198516836,21.516654941205687],[-158.16590417227647,21.516545438529363],[-158.1657754838127,21.516467999544282],[-158.16555163737286,21.51635846807538],[-158.16535777920885,21.5162807066174],[-158.16518687850777,21.51619853984137],[-158.16502788938314,21.516143540160254],[-158.16489188342402,21.516079619110307],[-158.1647980625511,21.516024941596584],[-158.16470943621334,21.51590704206998],[-158.1646450227593,21.515775709366615],[-158.1646274953059,21.51567623434004],[-158.16461014957517,21.51554513443615],[-158.16456861506543,21.51542295148502],[-158.16451003038705,21.5153277881697],[-158.16441033296203,21.515245976064172],[-158.16429242926776,21.515182143348127],[-158.16418079508864,21.515077681767497],[-158.16413905247862,21.514991638845924],[-158.16399278676906,21.514823757600123],[-158.16388107555102,21.514732849736447],[-158.16373315845925,21.514641760441332],[-158.16360444795683,21.514568838733247],[-158.16345647950516,21.514486784235384],[-158.16336289674987,21.514391448777467],[-158.16328613175017,21.514309749141223],[-158.16324549228463,21.51424178121851],[-158.1632218007209,21.514164862941392],[-158.16317995452042,21.514096889858546],[-158.16313380322762,21.513938540456394],[-158.16307419622746,21.513811749369964],[-158.16296854524154,21.513716351396724],[-158.1628099784629,21.513589067657684],[-158.16259857474512,21.513416343206252],[-158.16245661803356,21.513338837012853],[-158.16232166539453,21.513302024205185],[-158.1621974953204,21.513278816981142],[-158.16203940276287,21.51327803079821],[-158.1618860865546,21.513286301927106],[-158.161767925584,21.513267643551966],[-158.16159789565978,21.51324420743523],[-158.16127344842974,21.513210968313555],[-158.16103835859352,21.51316913690839],[-158.16078524485866,21.513113662095556],[-158.16048572186716,21.51294501288863],[-158.16031503936082,21.512826700312957],[-158.16010941223945,21.512699179202812],[-158.1599435036182,21.512589926467015],[-158.15973800988738,21.512439816009625],[-158.15957934254922,21.512330597560645],[-158.15940267954596,21.51220321959524],[-158.15924994269727,21.51211210308428],[-158.15907902639302,21.51203444825873],[-158.15890821424156,21.511938721405865],[-158.15864319367225,21.51185607847801],[-158.1584083428675,21.5117735845026],[-158.1582497312283,21.511655328919403],[-158.15812013640792,21.511528185121207],[-158.15791462006857,21.51138258957037],[-158.15767324026226,21.51117808394541],[-158.15738482601228,21.51096882343812],[-158.15694979072268,21.510654921394718],[-158.15666720200807,21.510481830245066],[-158.15658422466475,21.510431720220176],[-158.1563545491077,21.510290517969647],[-158.15610774078735,21.510189888958408],[-158.15585487388097,21.510093747958134],[-158.15548463345888,21.510051229193987],[-158.15513115548873,21.51003138489689],[-158.15481878687433,21.509998190052176],[-158.15462444404972,21.510006247829466],[-158.1543891506411,21.51000054823731],[-158.15412515827174,21.509949524717676],[-158.1538007767323,21.5099072336484],[-158.15359444485463,21.509901677904107],[-158.15340613690702,21.50990976575927],[-158.15324204264803,21.509904421920584],[-158.15299515877513,21.509817341367647],[-158.15278324504055,21.509734955083164],[-158.15254102975965,21.50967500249296],[-158.1523302446989,21.509606173839174],[-158.15215914993234,21.509560133300592],[-158.15198797473712,21.509527647356435],[-158.15172959381525,21.509548933520882],[-158.15148805597786,21.509579338344455],[-158.15127663261214,21.509618931163725],[-158.1510640014237,21.50965851666765],[-158.15085239226005,21.50972973372201],[-158.1506225211696,21.509827963432915],[-158.15043504676316,21.509899300905737],[-158.1502053083578,21.50997494115892],[-158.15000487820748,21.509992000555062],[-158.1498346705382,21.51000017560904],[-158.1496404881812,21.509981123476216],[-158.1494815666513,21.50991706894477],[-158.1493337221366,21.509816930509814],[-158.14914052436504,21.50963072620685],[-158.14894017027981,21.50943092914417],[-158.1487637891845,21.509258360786138],[-158.1486282520261,21.509117624410067],[-158.14850486350318,21.508963394712467],[-158.14835779428864,21.508732242981694],[-158.14815446569997,21.508627305177015],[-158.1480190954384,21.50866276105145],[-158.14788367246456,21.508707251816848],[-158.14780735283537,21.508756560395707],[-158.14767195603963,21.508796534837767],[-158.14751869689545,21.50879575790222],[-158.14738383551816,21.508745378519148],[-158.14724776556326,21.508694991953966],[-158.14657613752655,21.50880903184673],[-158.1462467300387,21.508802834384255],[-158.14615279212663,21.50877073017335],[-158.1461171542664,21.50867567626189],[-158.14607636295304,21.5084315108917],[-158.14597027759305,21.50820960110819],[-158.1458935559956,21.508123373198675],[-158.14579996840268,21.508032542700832],[-158.1456987906276,21.508000402116707],[-158.14515212538763,21.5080021325058],[-158.14472889138204,21.507945761846933],[-158.14429251480473,21.507866734158842],[-158.14375751505418,21.507936285618637],[-158.1429804999305,21.507914243503247],[-158.1428334431876,21.50788638562317],[-158.14250956161445,21.507762755306985],[-158.14248639147075,21.50800658662614],[-158.14239248248333,21.50837654922404],[-158.1422622382577,21.50856561895525],[-158.1420975334746,21.508867451844388],[-158.14213298382205,21.50919741695146],[-158.14212799547545,21.509427788223125],[-158.14202142763799,21.50969377770733],[-158.1417864914109,21.51003590571783],[-158.14167992353907,21.5100986029537],[-158.14157475183902,21.51012968614752],[-158.14061511388235,21.510174443251152],[-158.14012732839308,21.510217106448625],[-158.1395146074947,21.5103675429566],[-158.1392620262543,21.51042948516386],[-158.13910930565464,21.51054163443349],[-158.13859644180044,21.510945556775276],[-158.138326881831,21.511224242438484],[-158.13803238202854,21.511435037650195],[-158.13793809623903,21.511461653910057],[-158.13776786680938,21.511474326425],[-158.13756722737875,21.511527495349064],[-158.13733223370676,21.511675353495683],[-158.1371201958584,21.511818810052],[-158.1369195271426,21.51187649610035],[-158.13660821937285,21.511870363060535],[-158.1364492277491,21.511819848296422],[-158.13624330756753,21.511746502942948],[-158.13590778271836,21.511753796643216],[-158.13567810066493,21.51182036537469],[-158.13531313036307,21.511908814527107],[-158.1348603097285,21.51195615313817],[-158.13417703381901,21.511997772988916],[-158.13388967033848,21.512023381944616],[-158.1334828134693,21.512052884740054],[-158.1330942723201,21.512046345187912],[-158.13297105251516,21.512068288487566],[-158.1328769549775,21.512063280834415],[-158.13258833086533,21.512097913523256],[-158.13218814736294,21.512222308360762],[-158.1319416219079,21.51227974547522],[-158.1315818282788,21.51230948738711],[-158.13092281906842,21.512328632415542],[-158.13084059930165,21.512355305610708],[-158.13065282519887,21.512476285172735],[-158.13038725391593,21.51269171620577],[-158.13029417286782,21.512718332549316],[-158.13021669926084,21.512758581649774],[-158.12918146285273,21.51313259279492],[-158.12828092929155,21.51338082374954],[-158.12793419157228,21.513446756854883],[-158.12767438996033,21.513504113686196],[-158.1274214234945,21.513629258769427],[-158.127009480728,21.51390262777825],[-158.12672761792635,21.514217328852617],[-158.12655750916187,21.514410662488583],[-158.12640395393805,21.514459537880775],[-158.12606247409283,21.51445322262333],[-158.12595625448915,21.514457178284886],[-158.1255099520015,21.51442320557854],[-158.12529745778866,21.514440153779248],[-158.12493215305255,21.514582764142226],[-158.1245624399248,21.514856339186494],[-158.12427332379136,21.514972248215695],[-158.12406178902057,21.515029848867012],[-158.12339668641835,21.51505794807064],[-158.12322041915706,21.51507056394496],[-158.12298488833196,21.51510545139008],[-158.12249046155708,21.515247368862436],[-158.1219021232753,21.515551386892408],[-158.1216485438521,21.51577587731597],[-158.1215371112491,21.515843035679268],[-158.1214078771058,21.515860416063905],[-158.12100115756505,21.515664035438576],[-158.12070126760568,21.515563073252043],[-158.12027807040118,21.51549758629399],[-158.1200419239348,21.515433096091908],[-158.11978904574826,21.51534141621275],[-158.11950728646647,21.515236032166115],[-158.11918304590463,21.515171071595002],[-158.1190006043866,21.515206233487323],[-158.11868871012666,21.51529490593644],[-158.1183469180729,21.515338251058242],[-158.11801159873485,21.515309363331756],[-158.117812207185,21.51535346686018],[-158.11775282895806,21.515393800226764],[-158.11745259270936,21.51574901871656],[-158.1173059985167,21.515843084903594],[-158.1171997477047,21.515851551943648],[-158.1170824700882,21.515887059901903],[-158.11691700525418,21.51590875960862],[-158.11658206620015,21.515816636274224],[-158.11631652106863,21.515824250665187],[-158.11610506137146,21.515868287329045],[-158.11574044924654,21.516092172424603],[-158.11544056274582,21.516189934783725],[-158.11522784081617,21.516242997022196],[-158.11450975070977,21.516446918810765],[-158.11420467874237,21.51660336712058],[-158.11396257993408,21.516724020043387],[-158.11372703703304,21.51675888969343],[-158.1133507382407,21.516720737955048],[-158.11296190971342,21.516560570219976],[-158.1126149891352,21.516454823845024],[-158.112349824943,21.516399201053634],[-158.1117976140169,21.516314936167262],[-158.11137279891554,21.51631716897124],[-158.11118555468352,21.516347778601798],[-158.1108616132668,21.516431854007248],[-158.11071978661056,21.516534972139223],[-158.11030291034757,21.51701600693633],[-158.11019632658162,21.51707866623544],[-158.10997276699436,21.517127145856907],[-158.10681230186862,21.51807664271234],[-158.1047290019922,21.51871574985708],[-158.10133890461495,21.51970903793147],[-158.09646010033745,21.52119094498501],[-158.09409998945213,21.52188720998432],[-158.09401775630215,21.521913864582245],[-158.0938469200519,21.521827115295054],[-158.09203964137615,21.520954603955058],[-158.09151627142703,21.52127694127769],[-158.09099787528248,21.521188294221112],[-158.09016862711974,21.521016648475474],[-158.08926836618292,21.52120142072488],[-158.08881510568264,21.521311854153318],[-158.0872612918776,21.52121300708165],[-158.08685498266436,21.521341760387493],[-158.08669585992564,21.521119570580844],[-158.0854422139203,21.519342146601286],[-158.0841950841817,21.519800498961597],[-158.08301214039548,21.51849316293156],[-158.0828703702524,21.517047027248235],[-158.08252371274307,21.51709479436506],[-158.0824294134635,21.51712137335136],[-158.08228776646183,21.517192856872303],[-158.08216994135748,21.517314156870018],[-158.08203436986088,21.5175708610556],[-158.0815527608517,21.518159892218396],[-158.0812869384272,21.518402325814336],[-158.08111070692593,21.518216162902455],[-158.08100507605505,21.51812524441356],[-158.08063442666625,21.51776636723337],[-158.080475033192,21.517589330659884],[-158.08036368468865,21.517448693786164],[-158.08028132698783,21.51730370126429],[-158.08014029220158,21.517086115082783],[-158.0800226427375,21.51679638828576],[-158.07994510113988,21.516461717606013],[-158.0799220574777,21.515522099346196],[-158.0799157274904,21.515377528376096],[-158.07972781909027,21.514938355499666],[-158.07944510173775,21.514607059687563],[-158.07922790173762,21.514411631149333],[-158.07899220333414,21.51427933273373],[-158.07852224236237,21.51397860952291],[-158.07833280020682,21.513783333079264],[-158.07808568259802,21.513357375726777],[-158.0777387115707,21.512691470000956],[-158.07759176507474,21.512455775244497],[-158.07735027592048,21.5119033767642],[-158.07702150646287,21.51141372341007],[-158.07688013786037,21.51125032919024],[-158.07675624425048,21.511186400875786],[-158.07638534283728,21.511062372874466],[-158.07620343933525,21.511011670090152],[-158.07593232451683,21.510946919331715],[-158.07566727223858,21.510877682777455],[-158.0754966031303,21.510768323414247],[-158.0753030062173,21.51065883419567],[-158.0749496305191,21.510435530774625],[-158.07486107491934,21.510317595074415],[-158.07474956576752,21.510204049254035],[-158.0747089940639,21.510131550544727],[-158.07466192613865,21.509941578899568],[-158.07468493555493,21.509738448767155],[-158.0747726374119,21.509228533863432],[-158.0749498876858,21.50848876180764],[-158.0749501972836,21.508249368881106],[-158.07485511797523,21.508018475403368],[-158.0746435387034,21.50789081559977],[-158.0744375931624,21.507826421905683],[-158.07405541002527,21.507770074202433],[-158.07396740651026,21.507756029419422],[-158.07241980962252,21.507842182821065],[-158.07213632014168,21.50782704202814],[-158.07203636332142,21.507794864960726],[-158.0718717914947,21.507676502598088],[-158.07173037493416,21.50752213638858],[-158.07148934714058,21.507091680275504],[-158.07133034721215,21.506855909695084],[-158.07124886767951,21.506765114231257],[-158.071084179978,21.50666481985536],[-158.07098896590603,21.506646219917272],[-158.07075354630788,21.50666296678383],[-158.0705657030434,21.506788389794274],[-158.07026000471686,21.507039623926723],[-158.07004753903266,21.50724169385516],[-158.0696885421943,21.50771395960138],[-158.06961809294822,21.507785835502393],[-158.06947047130703,21.507848245307837],[-158.06938853252328,21.50782971751528],[-158.06922930358743,21.507819790404277],[-158.06835930037693,21.507620676706935],[-158.06786406486378,21.507504972520834],[-158.0668518775059,21.507083720669307],[-158.06591052656435,21.506531866476845],[-158.06573463640257,21.50648570780347],[-158.06552205561223,21.506516126387524],[-158.0653515938718,21.506564853400608],[-158.0651579149421,21.50665861956174],[-158.06499885673438,21.506811299059297],[-158.06489849897218,21.506842351464705],[-158.06452153765863,21.507102209933056],[-158.06413871779944,21.50733493382052],[-158.06399798780345,21.507451582661325],[-158.06389167393317,21.50765876377447],[-158.0637918560053,21.50779371020096],[-158.0636090069645,21.507892051393817],[-158.06263851502413,21.508121455308924],[-158.0623739286526,21.50816964627012],[-158.06204449620677,21.508167785303108],[-158.06189047318773,21.508099159860546],[-158.06183186673417,21.508017522683275],[-158.06182658661996,21.507900050055547],[-158.06190855903054,21.507349438918048],[-158.06187888391122,21.50727248139142],[-158.06173222952324,21.506996113920938],[-158.06156174782424,21.506859639128834],[-158.0611792374875,21.50666776068432],[-158.06090236390574,21.506562301404042],[-158.06059656085262,21.506452161832044],[-158.06012638680377,21.506381740695772],[-158.05943755357845,21.50616101694507],[-158.05914278527194,21.506023834285035],[-158.05832562717796,21.505680417576208],[-158.05824903867074,21.505580607586513],[-158.05828369958314,21.505445294430054],[-158.05838372434994,21.50527873099454],[-158.05874285150728,21.504978130253328],[-158.0589674528579,21.504767104692675],[-158.05902012502438,21.50464544414913],[-158.05912596306484,21.50432533498137],[-158.05902011137235,21.504085331997068],[-158.05891956395257,21.503958282871825],[-158.05857317791526,21.503780150890616],[-158.05805521194478,21.50363718020104],[-158.05747249312043,21.503430598530795],[-158.05729634963197,21.503425078237843],[-158.05705449147615,21.503505009020824],[-158.0567833223415,21.503638976446876],[-158.05664906369316,21.5036878999658],[-158.05644878545655,21.503682242444278],[-158.05605384381028,21.503548998435214],[-158.0558604739061,21.503407867068425],[-158.05557749169122,21.503315912388167],[-158.05524818755023,21.503295967049425],[-158.05497188958603,21.503289873214033],[-158.0543650830461,21.503263825030132],[-158.05418920384264,21.50321765085664],[-158.0541243648712,21.50316759192306],[-158.05408265813838,21.503086046076454],[-158.05407170146088,21.502914335962657],[-158.05406512527588,21.502625205103516],[-158.05403023180017,21.502236536704114],[-158.05395402179727,21.501892803480242],[-158.05387190161508,21.501716167715916],[-158.05378319414518,21.501625319537105],[-158.0537001976799,21.50158419179357],[-158.05311240491812,21.50141821595037],[-158.052970517522,21.50134061355486],[-158.05291168382226,21.501295106232778],[-158.05271829074672,21.501158487442698],[-158.05263558300746,21.500886989555724],[-158.05255302612966,21.500778107233693],[-158.05242329395074,21.500687021136745],[-158.05207092002905,21.50050431959102],[-158.0518528039977,21.500272698606327],[-158.05174691186656,21.5002269210506],[-158.05141802846234,21.50014372955502],[-158.05101736449748,21.500150465304603],[-158.0507407505379,21.500194049152828],[-158.05058265254414,21.500197660463463],[-158.0503993899623,21.50017402235003],[-158.050206088774,21.500023849975143],[-158.05005201749216,21.49977904140767],[-158.04982969153937,21.49926733016754],[-158.04971169872223,21.498855593843306],[-158.0494466687972,21.49804550697643],[-158.0492711153557,21.497764436888914],[-158.04905306848562,21.497523775018955],[-158.0489585967444,21.49739223407979],[-158.0488823722501,21.497238215099035],[-158.04885929695087,21.497075464510527],[-158.0488354848931,21.496840437930892],[-158.04882156338684,21.49675453647582],[-158.04889237121213,21.49662846805691],[-158.0492399590377,21.496246530152366],[-158.04931567734198,21.495921746072877],[-158.049221616403,21.49535658761148],[-158.04911557845006,21.49496300262902],[-158.04899824340578,21.49482230009849],[-158.04875674724366,21.494662814051992],[-158.04846330916908,21.49451206062227],[-158.0482571287783,21.494488284423944],[-158.04816295539365,21.494496774887928],[-158.04793929496603,21.494563238004226],[-158.0476748171199,21.494783043221727],[-158.04763329104148,21.49485959087802],[-158.0475334375954,21.495184238343686],[-158.0474976799743,21.49567186585031],[-158.04752066542073,21.49584816196402],[-158.04760971757827,21.496070009334744],[-158.04769762251837,21.49646801156371],[-158.04777605230936,21.496838855333326],[-158.0477114578089,21.49767867017469],[-158.04136137713604,21.497773368704877],[-158.04004928245945,21.497106346604287],[-158.0395828089853,21.496846193912102],[-158.0385177316432,21.496234794272908],[-158.03804670448642,21.496850921205844],[-158.0371900113516,21.497762965613123],[-158.03624810055643,21.498787439808765],[-158.0356236668143,21.49942526934585],[-158.0304274491503,21.49892093374753],[-158.02958078740642,21.49885730237169],[-158.02618374775867,21.50252348187993],[-158.02582405229168,21.502900819383196],[-158.02339865173542,21.504336641852262],[-158.0222464662258,21.50448348419773],[-158.01623261117507,21.5053290231506],[-158.0125723561032,21.507520792650396],[-158.00968984155128,21.50925183574291],[-158.00419893991054,21.50981998212675],[-158.00391035667178,21.509845364883436],[-157.99538920480848,21.50901744080568],[-157.99478253996014,21.50932095110561],[-157.99475312547196,21.508860036856035],[-157.99437075768822,21.508835151054786],[-157.9943243779574,21.508911663201445],[-157.99418331763397,21.508892745393627],[-157.98869795117474,21.50829953685555],[-157.9871436593824,21.508127513794257],[-157.98640319383418,21.50805978766655],[-157.98532587733868,21.508017114801657],[-157.98189480070224,21.507025089266914],[-157.98072362687967,21.507465138364044],[-157.97911157251835,21.507446269153103],[-157.97834657242237,21.50674597053126],[-157.97580932019315,21.50633294372005],[-157.97326729385367,21.5064302762437],[-157.97250280721644,21.506177141681803],[-157.9714314468556,21.5061479665242],[-157.97079613638581,21.506229880931244],[-157.97049592976396,21.506191896100542],[-157.97019540622517,21.506199078038197],[-157.969965664348,21.506265416345073],[-157.9696313513203,21.506444038133477],[-157.96937159933822,21.506487607158018],[-157.9690423699251,21.506458474613055],[-157.96884279098836,21.506524999364466],[-157.96873095026737,21.50664175289306],[-157.96865381514957,21.506799372914315],[-157.96865955410613,21.50718335636148],[-157.96863011606666,21.507250931558428],[-157.96854231252806,21.507381384430136],[-157.96827731666605,21.507483640462805],[-157.96804188269968,21.507671902005395],[-157.96795954170662,21.507712047134586],[-157.96768340377156,21.507683239954765],[-157.9675827383101,21.507754891599205],[-157.96725371516007,21.50820907882127],[-157.96710049174692,21.508375264130372],[-157.96699499976728,21.50844688372576],[-157.9668645493013,21.50846414649682],[-157.9666587490207,21.508386083836218],[-157.96638806985317,21.50843861355632],[-157.96607673857736,21.508608336102085],[-157.9659824884464,21.50862582051774],[-157.96579964835888,21.508543383785277],[-157.96513470964504,21.50837665531638],[-157.96459322912813,21.50832813026542],[-157.96452819432375,21.508309658945542],[-157.96427539191376,21.50839391784733],[-157.9641104914709,21.508334173815047],[-157.96403396786047,21.5082343248767],[-157.96398107629255,21.508035246535748],[-157.9639990032211,21.507719163537256],[-157.9638751616618,21.50765515883025],[-157.96366317083442,21.507599639191714],[-157.96288076567728,21.507662542091087],[-157.9626513361271,21.507683703801245],[-157.96243336532063,21.50779075862703],[-157.96226848896583,21.507898144032573],[-157.9620986029657,21.507860953912864],[-157.96114444914105,21.50814863306319],[-157.96100910948851,21.508174894836664],[-157.96091511690415,21.50815624194044],[-157.96076283075638,21.508019784062043],[-157.96067985989077,21.50797861460728],[-157.96039762583158,21.507958791472042],[-157.96015606460023,21.507988908201547],[-157.95990879214528,21.507973818056744],[-157.959749897332,21.507918624202166],[-157.95942077866908,21.507704274360183],[-157.95934412816217,21.507622490609663],[-157.95924402225805,21.507445704458117],[-157.95917318222726,21.507395575876654],[-157.95905629484426,21.507372262246196],[-157.95866145682982,21.507405939177747],[-157.95859718154895,21.507450708366736],[-157.95816773593953,21.507429963345846],[-157.95800232435914,21.50744248405437],[-157.95771367221155,21.507476820405284],[-157.9574672203139,21.507515936730304],[-157.957219369334,21.50758214596015],[-157.9570605229972,21.507689563757573],[-157.95700234491656,21.507725338195836],[-157.95692596908526,21.507774548135988],[-157.95679539047413,21.507809869319168],[-157.95669057189235,21.50778662943329],[-157.95663059076116,21.50773656764549],[-157.95658395043415,21.50767755519813],[-157.9565315981333,21.50757333613127],[-157.9564781359243,21.507455560013536],[-157.95645442249347,21.507396690807397],[-157.95640791031494,21.507319611111434],[-157.95633749046007,21.507210761167343],[-157.95630777504957,21.507147337428325],[-157.95623128879083,21.5070429683342],[-157.95618353792847,21.50697039783887],[-157.95592488376238,21.506521594121622],[-157.95581331005138,21.506430556469596],[-157.95573618039805,21.506416523157785],[-157.95540709703383,21.506536427548998],[-157.95525399158566,21.50668453254663],[-157.95503075121366,21.50702191521686],[-157.95496586175085,21.507152503933],[-157.9547067750025,21.50743997386836],[-157.9546011488325,21.507529654416835],[-157.9543414354016,21.50773581382698],[-157.95420104235052,21.507793657396405],[-157.95403575944667,21.50778810515364],[-157.95377743442418,21.507800038712613],[-157.95368925031946,21.50781303716425],[-157.95351836492532,21.50791586086135],[-157.95340018699144,21.508073216906105],[-157.9532825992118,21.50831640130884],[-157.95308262525884,21.508437108356947],[-157.95284706422595,21.508471769044387],[-157.95267003740554,21.508420971810942],[-157.95237064250946,21.50827003458209],[-157.9522525186288,21.508251225440578],[-157.95211766219305,21.508209726231186],[-157.9518995775916,21.508163188433],[-157.9513998752003,21.508010992091112],[-157.95128194604797,21.507965081525004],[-157.9512108475608,21.50795108399023],[-157.9511346985018,21.50796867366685],[-157.95042204786049,21.508063575009263],[-157.95018743422744,21.50813437385053],[-157.94995771097354,21.50819617092609],[-157.94972224905374,21.50821727683491],[-157.94941598073757,21.508183733010913],[-157.94915699915418,21.508118865467537],[-157.94859237314452,21.508101762904793],[-157.9480211281086,21.5081659234902],[-157.94722136687852,21.50829188297485],[-157.94715115208763,21.508323059197497],[-157.94673318228539,21.508049402013015],[-157.9462909499662,21.50796078912008],[-157.94584966537857,21.507908316972063],[-157.9456854288217,21.50792534711528],[-157.9455911772292,21.507942819939526],[-157.9455029273663,21.50796484760054],[-157.94542645197305,21.50802760428463],[-157.94537883603948,21.508104092366548],[-157.94534446376454,21.508185182877096],[-157.9452846851879,21.508275145072236],[-157.94521397935685,21.508374073999942],[-157.94515553858304,21.50844597844518],[-157.94510319534922,21.508508885606002],[-157.94502058835118,21.508585154311728],[-157.94497323466558,21.50862550801091],[-157.94487278620244,21.508665526195035],[-157.94477266461382,21.50866037650299],[-157.94463790704617,21.508605320973285],[-157.94456103935377,21.508555148251737],[-157.94427857835439,21.508399783223012],[-157.94382584893296,21.508094280256834],[-157.9435899612803,21.50800696349517],[-157.9433378639901,21.50799181923606],[-157.94314326355266,21.508035756635046],[-157.9430366501224,21.50809380444595],[-157.9428484087707,21.508259743081],[-157.94274310069105,21.5083042461928],[-157.9424433577804,21.50820297434797],[-157.94208951118364,21.508074255488612],[-157.94198903417694,21.507951660273896],[-157.9416074957257,21.50798086124258],[-157.9413898078477,21.507880107632143],[-157.94093584977398,21.507411974230266],[-157.9408661585986,21.507370879350443],[-157.94080106413892,21.507361432491],[-157.94042383108018,21.507462931660466],[-157.94002951348526,21.507424293214857],[-157.9397129139276,21.507318390791205],[-157.93944151826932,21.507135986177726],[-157.93931785261276,21.507049378027407],[-157.93910587342876,21.506993827618913],[-157.93863501442067,21.507026971348388],[-157.93845280765885,21.50702581223306],[-157.93807091048708,21.507104691503482],[-157.9379642987872,21.507162736045153],[-157.93787686238753,21.507238968601737],[-157.93785827032724,21.50730660686922],[-157.93784081929573,21.50738328635382],[-157.93782953088206,21.507441935304254],[-157.93781198140155,21.507532163293757],[-157.9378054559218,21.507599878307026],[-157.93780600638183,21.507690223235528],[-157.9378053173763,21.5077850754528],[-157.93782886013585,21.507866532674672],[-157.9378463039736,21.507956983253358],[-157.93785794413245,21.508015779854073],[-157.9378466247864,21.50807894558398],[-157.9378060181998,21.50818709662513],[-157.93777066384158,21.50823655760658],[-157.93770510791936,21.508290346133453],[-157.9375937669777,21.508334807560168],[-157.9375055148903,21.508356832734037],[-157.93738194203885,21.508423801082326],[-157.93725230383853,21.508495249517612],[-157.93710459633346,21.508562064040216],[-157.9369701949311,21.508624447966422],[-157.93681035666873,21.508700220754424],[-157.93674620491313,21.508726914140507],[-157.93661066418255,21.508780254745343],[-157.93615733866812,21.508890295170232],[-157.9359336754669,21.50894758980567],[-157.93587552493017,21.508978838068895],[-157.93566297572656,21.50916720003919],[-157.9355989889405,21.50917130913082],[-157.93545748792027,21.50904844864167],[-157.93532815450087,21.50891211288395],[-157.9352215169239,21.50880754060628],[-157.93506282709598,21.508725221179645],[-157.9349219743282,21.50867915301084],[-157.93434452622554,21.508765811809862],[-157.93379163920204,21.508793901119827],[-157.93372758667292,21.508807044837013],[-157.93342658540223,21.509044523026596],[-157.93332697801978,21.509134228048687],[-157.93309091714514,21.50923661208108],[-157.9329093552009,21.509312242222858],[-157.9320915428993,21.509428975592787],[-157.93167277913219,21.50959794353354],[-157.93142568934863,21.509722838532607],[-157.93116699748805,21.50978442216507],[-157.93095549712902,21.509828239658695],[-157.9307311885154,21.509808735437346],[-157.9305783024901,21.50975806958564],[-157.93041384734218,21.5096395731005],[-157.93013700516073,21.50954294304061],[-157.92976025716726,21.509246921833054],[-157.92956631207122,21.50920050887276],[-157.92944316408185,21.50920875328315],[-157.92923655702046,21.509243564237632],[-157.92909621971447,21.509292352699955],[-157.92895467372588,21.509341131480745],[-157.92865482230124,21.509420515063056],[-157.92828971068536,21.509513029234313],[-157.92818365454858,21.509494280590328],[-157.9280891227213,21.50938526647243],[-157.9279074281623,21.509149214814215],[-157.9277717373919,21.509058002320828],[-157.92705398433412,21.50885916110332],[-157.9269179960593,21.508808598746935],[-157.92667173472765,21.508820568642598],[-157.92630642553615,21.50894017993065],[-157.92621190515877,21.50899377571887],[-157.92597081520358,21.509123220784435],[-157.92585337068658,21.509176668900935],[-157.92519442538742,21.509185981237817],[-157.92510050408396,21.50915827483538],[-157.92451185757804,21.509289996000202],[-157.92438723691592,21.509334362906138],[-157.92371709950822,21.509388766930705],[-157.92341050343103,21.509400343043144],[-157.92328162304995,21.50936789324788],[-157.92306948127924,21.50933490454733],[-157.92272788409485,21.50918364114865],[-157.9224748480729,21.50913232000318],[-157.92221635392028,21.50916678916561],[-157.92159224540345,21.509361503086154],[-157.9211453087218,21.509421849720326],[-157.92079188862172,21.50940149430628],[-157.9203449122313,21.509303744883386],[-157.91964406595184,21.50910497330635],[-157.91926231831675,21.508998607347525],[-157.91903321904178,21.508974537726665],[-157.91863893791248,21.508931327564113],[-157.91848481937626,21.50888515797904],[-157.91832691387333,21.508861548518627],[-157.9178610388114,21.508872077135038],[-157.91761440949298,21.508933715986647],[-157.91687934879783,21.50895604572967],[-157.9165615934679,21.50900818407946],[-157.91629669701643,21.509092286304345],[-157.91595460802384,21.50933398132718],[-157.91585415388047,21.50937398170982],[-157.9154844099638,21.50943933306128],[-157.91536618867872,21.50943404818204],[-157.91527206927242,21.509433434949212],[-157.91496081411483,21.509259762849823],[-157.91482513182603,21.509168540168297],[-157.91415402436027,21.508866049139645],[-157.9139831819333,21.508797180112488],[-157.91370739239616,21.508723111233248],[-157.91347205819855,21.50872609518609],[-157.91273622631073,21.50885229250259],[-157.91224719168716,21.508894275101305],[-157.9118058199907,21.508855258142454],[-157.9113535905185,21.50881617104021],[-157.91105273165508,21.508705796952704],[-157.91046486171842,21.508408353004324],[-157.9102878518594,21.50835750783112],[-157.9097824257151,21.50849423131654],[-157.9094341978233,21.50858681323887],[-157.90876389365133,21.50866373357555],[-157.908569757779,21.508644395113322],[-157.90822787510794,21.508533749668793],[-157.9081228262017,21.50854209485866],[-157.90792808338594,21.508604058559147],[-157.9077274649022,21.50880601077291],[-157.90763404663667,21.508873153853234],[-157.90764533716555,21.50897711931515],[-157.90749765215082,21.509685321891695],[-157.9072446981318,21.51010826496143],[-157.90723852109934,21.51028890419312],[-157.90737473093978,21.51047047708526],[-157.9076453148469,21.510756822460564],[-157.9079040672448,21.511011469601893],[-157.90806247307685,21.51112994990254],[-157.90839822699238,21.511254106635963],[-157.90904479395573,21.511610665517054],[-157.90922783220978,21.511824163424826],[-157.90931530752707,21.512068653698428],[-157.90936886730313,21.512168378245423],[-157.90940965262197,21.512362877036296],[-157.9095392608157,21.51262119507508],[-157.90969233764892,21.51280739242064],[-157.90991570457535,21.512953397887234],[-157.91019236974904,21.513072648409825],[-157.91053315882183,21.513169734029283],[-157.91121048352787,21.513287083737314],[-157.91128127526937,21.51334174880398],[-157.91133976359978,21.51342795406202],[-157.91143341138326,21.513654417602122],[-157.9116456539714,21.513836482999984],[-157.9118921190914,21.513960050863062],[-157.91205143558255,21.514119186048287],[-157.9122461451335,21.51438696031041],[-157.91266938990373,21.51491821248452],[-157.91285169850167,21.51523107481786],[-157.91298674261978,21.51573334470754],[-157.91310409216746,21.51601868208074],[-157.91327474061762,21.51627726467436],[-157.91363427449753,21.516613866456662],[-157.9138458188995,21.516728170447735],[-157.9146454440231,21.516954711229037],[-157.9147993702768,21.517027985032804],[-157.91489818637868,21.51737192294208],[-157.91488128950752,21.517859651021187],[-157.91489188067382,21.518546304492627],[-157.91495721068904,21.518849370290475],[-157.9149928766158,21.518921875153502],[-157.91507419790528,21.519021778480834],[-157.91519788875223,21.519103889349772],[-157.91544581008813,21.519358456957363],[-157.9160744319886,21.5205143846936],[-157.9161456642868,21.52067294237404],[-157.91619872995977,21.521003029794223],[-157.9162097273531,21.521310258359183],[-157.91633288644897,21.521952474074553],[-157.91642725036368,21.522246688540807],[-157.91655067878636,21.522527542605047],[-157.91653297917478,21.522798444700502],[-157.9164795812502,21.523001360764038],[-157.916508778603,21.523295152064332],[-157.916533317276,21.523403718172972],[-157.91662704605645,21.52378375134668],[-157.9166795420268,21.52386539723113],[-157.91686267332497,21.524069850495483],[-157.91748538079545,21.524561727110708],[-157.91773907952359,21.524852459279217],[-157.91786207418326,21.525029419786975],[-157.91812107187116,21.525256948471124],[-157.91840356522783,21.525407842714397],[-157.91862779784006,21.525440916427446],[-157.91888628809593,21.525410974477367],[-157.91898625141442,21.52543872379477],[-157.91912717931262,21.525475774109797],[-157.91926897996677,21.525557999476074],[-157.91934568100476,21.525630767439527],[-157.91948705183108,21.525934320475717],[-157.9196275623739,21.52668052907629],[-157.91971599733614,21.52679854418063],[-157.91993892814094,21.52700776889481],[-157.92036896630418,21.527281572640888],[-157.920498400795,21.527404369584975],[-157.92050470521917,21.527530885025165],[-157.92048610219535,21.527598518947805],[-157.92033398164764,21.527769177960195],[-157.92010958376645,21.52792130034279],[-157.9200153882376,21.528092333013024],[-157.91998606430388,21.52846705013254],[-157.92000960900683,21.528873729906586],[-157.91995674566152,21.529004379285983],[-157.91970925278665,21.52934154557661],[-157.91970969129505,21.529445438266514],[-157.91980872223985,21.529599655746015],[-157.91990366178007,21.529654475589837],[-157.92000352798246,21.52969577642212],[-157.920103194858,21.529764175801112],[-157.92019776635092,21.52986867955554],[-157.92022683551937,21.53001792704838],[-157.92017347101253,21.53021632747985],[-157.92009204466962,21.5302925886011],[-157.91993817754334,21.53053550607052],[-157.91992081502585,21.530598630964885],[-157.91993241589594,21.530661943361224],[-157.91999145478462,21.530838488397148],[-157.92018522708113,21.53107462585407],[-157.9206030117027,21.531538061894306],[-157.92078511782395,21.53171992072571],[-157.9211322351858,21.532110627172397],[-157.92105593963635,21.532308879558755],[-157.9209729549648,21.532922648003606],[-157.92096213739543,21.53324328144692],[-157.92094428662648,21.533861987121362],[-157.9210266345969,21.534314216475213],[-157.92105000459935,21.534418259264275],[-157.92113807902723,21.53458595782101],[-157.92164954542963,21.535113236477585],[-157.92172082361083,21.535267275323033],[-157.92172063061244,21.535456985938104],[-157.92168452818336,21.535605811877236],[-157.92136099970372,21.536105096890545],[-157.92127300021437,21.53625358710779],[-157.92126720955235,21.536547151283827],[-157.92128487922162,21.536605985879905],[-157.92150843206988,21.536896519762344],[-157.92150800515026,21.53711784745494],[-157.92142509969054,21.537230235073853],[-157.92136084010568,21.537433082179255],[-157.92137238464105,21.537830647316124],[-157.92143097104048,21.538395646402627],[-157.92141309842003,21.539344091490793],[-157.92134797365196,21.539826982689398],[-157.92136575482053,21.54019748909103],[-157.92140649918153,21.540563625237105],[-157.9214185562529,21.541218662175112],[-157.92143029547805,21.54142651759838],[-157.92135905913887,21.541593183854367],[-157.92091223330874,21.54195164252086],[-157.92032268702692,21.542349827544424],[-157.92006960396637,21.542623720582295],[-157.91994660034317,21.542771981309855],[-157.91988756190776,21.542920658056484],[-157.91965244760013,21.543212731823722],[-157.91944043164816,21.543482372889205],[-157.91929892207742,21.54384732637966],[-157.9191926850094,21.544338984505394],[-157.91917424894697,21.54454664432404],[-157.91939845247418,21.545239192160402],[-157.91943339077292,21.545411062347604],[-157.91943949365515,21.545564677901474],[-157.91942169311082,21.545686519960835],[-157.91933938876906,21.545880215036842],[-157.91927481611617,21.545961101465902],[-157.91915667009403,21.5461048759689],[-157.91905656226024,21.546420411054115],[-157.91903316449,21.54680871533138],[-157.91893862183235,21.547024911887444],[-157.91890908346576,21.547101508346433],[-157.91874396506716,21.547231425295646],[-157.9186086185496,21.547578346448162],[-157.91849120882375,21.54811057468793],[-157.9184612076987,21.548900836219175],[-157.91849574463777,21.549452119511262],[-157.9185369538585,21.549755019879587],[-157.9185789312337,21.549954035641058],[-157.9187723905405,21.5503979485433],[-157.9187731289646,21.550461190464695],[-157.91868387902363,21.550614183884452],[-157.91849012259522,21.55086135229554],[-157.91830696075905,21.551144725594515],[-157.91825958524265,21.5513476767467],[-157.91828335874806,21.551560125236488],[-157.9183835761853,21.55188147620246],[-157.91860694501347,21.552361718820816],[-157.91864875480357,21.552420710213056],[-157.91881314405046,21.55255276765164],[-157.91901900961685,21.552626375521488],[-157.91926044962682,21.55278603559036],[-157.9193070889023,21.552845057234965],[-157.91937193406267,21.552890646979222],[-157.91960794469958,21.55313157444167],[-157.91973723318185,21.55327695613856],[-157.9197894043989,21.553403766666918],[-157.91988979251238,21.553702533238674],[-157.9199374052779,21.553793180493958],[-157.92007779209294,21.553907013487223],[-157.92039068486278,21.554035518146122],[-157.92102022935242,21.554437088501253],[-157.92110820909258,21.554455727529394],[-157.92150918111003,21.554426709167064],[-157.92203880335848,21.55446627774517],[-157.92217982659054,21.554494291302223],[-157.92234452368328,21.554585694952863],[-157.92249795721597,21.554731227109404],[-157.92251549387407,21.55480812663913],[-157.922591911053,21.55492154227947],[-157.92282137220266,21.555559906583756],[-157.922932294382,21.555741298257832],[-157.92302091342722,21.555836724804514],[-157.92320958897292,21.555950865481787],[-157.92354538994815,21.556084022141064],[-157.9238336079177,21.556122016984368],[-157.92409212557726,21.556259192320447],[-157.92417498662468,21.556481053652615],[-157.92420433628058,21.556756774665423],[-157.9241630029871,21.556959768395483],[-157.92399791540518,21.557247783281007],[-157.92391514133297,21.557504712662723],[-157.9238564084797,21.55777534532443],[-157.92378020778844,21.55812265403025],[-157.92378618377992,21.55829433451054],[-157.92383816750396,21.558610852318882],[-157.9239560014021,21.558837458299376],[-157.9241678055101,21.55957959286872],[-157.9242322210913,21.55968389737724],[-157.9243508902166,21.559797585013975],[-157.92450939261047,21.559911529634032],[-157.92473838016556,21.560125299758067],[-157.92481486831198,21.5602296810465],[-157.92504457111517,21.560673817500987],[-157.92547966518862,21.561421909461785],[-157.92559226690355,21.561540074092402],[-157.925791679761,21.56167234727808],[-157.925986697955,21.561745875306457],[-157.92608688698385,21.5617465191804],[-157.92634553877923,21.56170301641196],[-157.9267923007795,21.561687824623792],[-157.92714638125304,21.56163590125752],[-157.9273050781682,21.56156013485771],[-157.92737552131945,21.561501868042374],[-157.92749874489925,21.56148911030397],[-157.9275698977591,21.56149860209718],[-157.9276872632953,21.561625829912682],[-157.92781717469882,21.561852509286332],[-157.92801078616867,21.562445466129557],[-157.92812868546588,21.562992769063847],[-157.92816984751792,21.56379704037828],[-157.92819909603986,21.563923701060162],[-157.9282751873189,21.56408228070922],[-157.92835181280552,21.564168593605324],[-157.92857037992414,21.564323573337926],[-157.92880537123565,21.56437928566763],[-157.92899411307306,21.56432177866908],[-157.92947053838589,21.564049309425958],[-157.9297597715199,21.563951794628505],[-157.9300472668513,21.563926539247742],[-157.9301897069882,21.563927451998723],[-157.93035435359522,21.564027879935832],[-157.93074260996934,21.56441882264606],[-157.9309067588084,21.564587001027427],[-157.93103651218138,21.56483626178471],[-157.93150167065937,21.566099458213976],[-157.93163042064756,21.566321609547156],[-157.93171908672298,21.56641251693839],[-157.93179604353156,21.566453661026873],[-157.93217885652,21.566600655276655],[-157.93233133580486,21.566714554233954],[-157.93243154586042,21.56687780454115],[-157.93259030675455,21.567452466418363],[-157.93265469769955,21.5675612837897],[-157.93276640039187,21.567638787404213],[-157.9331724831679,21.567740757296363],[-157.93330282250614,21.56774610878187],[-157.9337495361619,21.56773993435033],[-157.93398554326572,21.567822747783215],[-157.9343438557832,21.56801926506585],[-157.9347328095516,21.568152739380267],[-157.9348567175174,21.568212251896508],[-157.93503911486258,21.568362473519375],[-157.93516810024587,21.56855300790692],[-157.93527395372112,21.568770496049364],[-157.93541623637697,21.56912372350191],[-157.93548683288802,21.56920999477852],[-157.9355622901964,21.569291780137753],[-157.93573918326723,21.569369698348112],[-157.93593930866345,21.569407110436035],[-157.93625107526728,21.5695310571629],[-157.9363051345389,21.569567537907854],[-157.9363750697507,21.569744141740994],[-157.9364048395672,21.569965659495427],[-157.93647503966855,21.57010613121174],[-157.93665143903235,21.570251797744326],[-157.93679890024453,21.570392762469567],[-157.93681044303347,21.57046510548349],[-157.93668056940515,21.570726257689376],[-157.93660496494763,21.57082966487355],[-157.93676331050162,21.571133307394522],[-157.93702224994888,21.571383388333622],[-157.93716399264247,21.57164627203884],[-157.93726975142474,21.571877308348984],[-157.93730441467494,21.572089820564766],[-157.93727554805707,21.5724058154496],[-157.93719882326263,21.572662784671436],[-157.9371924950075,21.573033124856384],[-157.93724599297693,21.57314638803158],[-157.93749360987164,21.57345962882373],[-157.93758691325937,21.57357766093742],[-157.9377985574362,21.573691930740758],[-157.93795861998396,21.573760703753088],[-157.9380233815865,21.573819835154964],[-157.93820569865593,21.574313333777418],[-157.93839948722606,21.574558478685613],[-157.93849912422664,21.5746358999761],[-157.93860571149082,21.57475401621341],[-157.93864710603458,21.574871718795503],[-157.93864079394334,21.57507493485307],[-157.93868184974713,21.57540492633726],[-157.9386286860363,21.575576226115867],[-157.9384285929192,21.57586403006814],[-157.93838723875,21.57607154058072],[-157.93841059172652,21.5761800943224],[-157.93865754326131,21.5767507897921],[-157.93887052090597,21.577014122479074],[-157.93909974960053,21.57720077396159],[-157.93945331674792,21.577555340352145],[-157.93952294052096,21.57760998523926],[-157.93972333048205,21.57777838449345],[-157.93992913375143,21.57803263815243],[-157.9400298392679,21.578295256600764],[-157.94020061486762,21.57938038615973],[-157.94027049445984,21.580062874328863],[-157.94032973882716,21.58021682386565],[-157.94043551744298,21.58028073416517],[-157.94137746768135,21.580413199248856],[-157.94162446175386,21.58048252159514],[-157.94171944135422,21.580537328575296],[-157.94195438948177,21.58076918038049],[-157.94248366618726,21.581368770393514],[-157.94267841507826,21.58165005146845],[-157.9427842539037,21.581872048463573],[-157.94288471213721,21.58200367590168],[-157.94300843666085,21.582090283299546],[-157.94345606713162,21.58229638310776],[-157.9439967858114,21.582652131415223],[-157.9441327154307,21.582720745813095],[-157.94450403393498,21.58279537109409],[-157.94470316937142,21.58280566894737],[-157.94532178952184,21.582741837697654],[-157.94580434606647,21.5826274563262],[-157.94635248750558,21.582459286928373],[-157.94652264556092,21.582636521008272],[-157.94665824867374,21.58291742621721],[-157.9468706945699,21.583090411417107],[-157.94721127646596,21.583241622705543],[-157.9473416306746,21.583246963781214],[-157.94801255910164,21.58312924076834],[-157.94843116323278,21.583009925338757],[-157.94849501936264,21.583028394595992],[-157.94857189395276,21.583083081657687],[-157.94894866256212,21.583740404062656],[-157.94910126945663,21.58400786030036],[-157.94927231613138,21.584230265047946],[-157.94965555043638,21.584661781820422],[-157.94981941805247,21.584875106849484],[-157.95006088060464,21.58504375151583],[-157.95053793039764,21.58519129435769],[-157.95092041940202,21.58539244353415],[-157.95136206795792,21.585593964471997],[-157.95195124086774,21.585931917101654],[-157.9523105966171,21.585992893765322],[-157.95253985739026,21.586012400461502],[-157.9527695728932,21.58596867593367],[-157.95309388124195,21.585866823658403],[-157.95331145829184,21.585832054149698],[-157.95349376145668,21.585833198299635],[-157.9536936886671,21.585902205553616],[-157.9537764411564,21.58597951203521],[-157.95391215676977,21.586246858031917],[-157.95392899945537,21.58642312337229],[-157.95384756616937,21.58683364935876],[-157.95386489549634,21.586942161594646],[-157.95394657109324,21.587001392508657],[-157.95430090657828,21.587089436992006],[-157.95448240170603,21.587203497160857],[-157.95454241059852,21.58725355871825],[-157.95458855432483,21.587384836616508],[-157.9545003053901,21.587903725281596],[-157.9546009081443,21.58801727914063],[-157.95465893098284,21.588175733351438],[-157.95474182082947,21.588402095316063],[-157.954883317676,21.588705614342235],[-157.9549659164088,21.588972627890218],[-157.95503631133607,21.589257632623493],[-157.95525361240917,21.58959776101064],[-157.95550174822094,21.589847742565368],[-157.95572517825772,21.590007232363636],[-157.95589523413227,21.590369648380918],[-157.95612486408095,21.59050659358208],[-157.9563428436688,21.590584744992288],[-157.95662547072894,21.590740087803898],[-157.95679613638976,21.590849560782534],[-157.95699141182092,21.591063075110792],[-157.95709718201175,21.5912986141843],[-157.95725528981865,21.591475762410735],[-157.95741538352272,21.59154451594328],[-157.9587519618193,21.59205424445993],[-157.95892839964145,21.592032761435053],[-157.95907523532247,21.59192978964674],[-157.95926954469883,21.591772911021774],[-157.95949293022676,21.59160266482943],[-157.9598114352749,21.591469144796434],[-157.9601003832722,21.591416744786954],[-157.96032936189295,21.5914768919519],[-157.960547474387,21.591536972762466],[-157.96065884149735,21.59149701549256],[-157.9608007815231,21.5914030454715],[-157.9610183010694,21.591377299691377],[-157.96119500973862,21.591486806004845],[-157.96147179761445,21.59161500259002],[-157.96195443359508,21.591830303006322],[-157.96225455213374,21.59190443936026],[-157.9624607231201,21.591946375409357],[-157.96278498964247,21.592020664045332],[-157.96301397047998,21.592080807594915],[-157.96319676447385,21.59201419178911],[-157.96332072345947,21.591902039732584],[-157.9635978551963,21.591474658324753],[-157.96374520342945,21.591299415839632],[-157.96393255219274,21.591101837349605],[-157.96432706949753,21.5908061726125],[-157.96436895704426,21.590688993909463],[-157.96442177405802,21.590562849251665],[-157.9645862141821,21.590360610467002],[-157.9648985314823,21.590077984753442],[-157.9651229851177,21.589925803360966],[-157.965405359273,21.589778498588934],[-157.96579946959324,21.589708674148277],[-157.96620612297676,21.589742813307947],[-157.96645314619826,21.589812098046252],[-157.96654750060657,21.58995722500334],[-157.9665826616103,21.590106498718683],[-157.96664193685703,21.590260439988594],[-157.96673020139394,21.5902429199918],[-157.9667884771051,21.590198112010594],[-157.96687089707152,21.59015345385045],[-157.96696507014272,21.590154038269432],[-157.96702403851873,21.590181504194057],[-157.96710683275685,21.590254287620326],[-157.96741304028382,21.590491062425674],[-157.96777793777918,21.59062431213998],[-157.96832609944045,21.59079483090242],[-157.9687560064134,21.590955581419657],[-157.96909100026872,21.591219632505105],[-157.96935031748987,21.59142901347867],[-157.96960903733805,21.59155256792632],[-157.96986216813562,21.591612853417026],[-157.97013369633618,21.591632597803674],[-157.97035670804746,21.591683660459328],[-157.97070509330825,21.5917625999345],[-157.9710407668382,21.591931797750867],[-157.97110939479586,21.591959321981783],[-157.97134657391587,21.59205564062882],[-157.971711608791,21.592170814902993],[-157.97204763626058,21.592290325331916],[-157.97227080210544,21.592490446537653],[-157.97249476740328,21.592577648065035],[-157.9728296837287,21.592683603699278],[-157.97307741311138,21.592825156596408],[-157.97324278694288,21.593002335137122],[-157.9733486855594,21.593052673239285],[-157.97353125096222,21.59318930658372],[-157.97378981224108,21.593507082734895],[-157.97391420006934,21.593674974004106],[-157.9740143129881,21.59386078526108],[-157.97411395274122,21.593942703140375],[-157.97436718528743,21.59398943166575],[-157.9746266776597,21.594004581357872],[-157.9749319566669,21.594033561749857],[-157.97523230988102,21.594076063991544],[-157.97557377929013,21.594109783001368],[-157.97593980605527,21.59425657499816],[-157.97615176437426,21.594506308109096],[-157.97636270656395,21.594728933764504],[-157.97659836898873,21.594870407402393],[-157.9767931100591,21.59499355944506],[-157.9769291620923,21.595220242796096],[-157.97703490436228,21.595464803145035],[-157.97719396285217,21.595510950443433],[-157.97742276576273,21.59542653378405],[-157.9777942970792,21.595306859435315],[-157.97806561280743,21.59535821047913],[-157.9783891642298,21.59553635709962],[-157.97866585221047,21.595682594891016],[-157.9788599913016,21.595891563486678],[-157.9790832689895,21.59624977088855],[-157.97929628367228,21.59635044821617],[-157.979442856184,21.596455235752927],[-157.9795725935888,21.59672252936331],[-157.97974935562326,21.596999145116534],[-157.97991944448756,21.59719441598821],[-157.98011975299508,21.59738535491052],[-157.98023166277574,21.597440244413683],[-157.98050307839915,21.5974780404021],[-157.9807559363505,21.597407317509422],[-157.98109772742038,21.59722421693563],[-157.9813450849139,21.59707667078642],[-157.98182884373128,21.59696670650585],[-157.9820992114265,21.596981911271698],[-157.98224613697033,21.597037011787734],[-157.9824456179857,21.5971737400771],[-157.9828765961893,21.597876501248333],[-157.9830882498607,21.597999751359215],[-157.98345368839875,21.59806070289553],[-157.9838422280689,21.598099211590522],[-157.98404209041757,21.59818173478177],[-157.98431335300342,21.59824211131685],[-157.98461879393068,21.598076846812805],[-157.98489605087218,21.59797013150003],[-157.98504933066607,21.597980100333444],[-157.98533744153693,21.59822125458408],[-157.98549123550328,21.598330599794537],[-157.98570317642955,21.598413195564007],[-157.98607383548654,21.598591614816325],[-157.9864971396679,21.598666465056542],[-157.98672742303262,21.598889197782118],[-157.98699266099814,21.599121176051906],[-157.98735728534783,21.599299555806383],[-157.98762875177277,21.599504470001655],[-157.98772904330954,21.599667691560455],[-157.98778174200424,21.599902893536033],[-157.9878172214613,21.600183159706145],[-157.98783449692525,21.60047686699822],[-157.9879352918806,21.600567819747315],[-157.98811129557492,21.60060954114446],[-157.9884056004536,21.600656500352592],[-157.98870051375837,21.600789285470334],[-157.9888768144066,21.60096200046294],[-157.9888833668376,21.60106141305859],[-157.98885306785968,21.60125094053747],[-157.98881855011163,21.601526265089348],[-157.9888245042741,21.601711497668102],[-157.98880085351686,21.60198688823282],[-157.98876550268272,21.602208002956175],[-157.98885947746268,21.602411836553955],[-157.98898897316613,21.602543615978814],[-157.9892007330837,21.602653310136656],[-157.98947181632474,21.602740777589034],[-157.9898191265181,21.602806124283184],[-157.9901549742392,21.60295722342928],[-157.99036686105657,21.603048847164764],[-157.99054335533924,21.603194460661594],[-157.99068563236082,21.603398586341324],[-157.9908201636886,21.603674936708686],[-157.99095702894306,21.604136496659468],[-157.99099711247288,21.60427676631192],[-157.991144392226,21.604629982508953],[-157.99130376416724,21.60480710943757],[-157.9915632027521,21.605007427693476],[-157.9918339466772,21.605144577160825],[-157.99215178340344,21.605282012380556],[-157.9924585959373,21.60544196518568],[-157.99272896633715,21.60563331392383],[-157.99294137652632,21.60582431142089],[-157.9931883180973,21.605911628726908],[-157.99343014874822,21.606039566739376],[-157.99361798589067,21.606117491853706],[-157.99386543009217,21.606132539412787],[-157.9947426322362,21.606580505052616],[-157.99513721313954,21.60697134710399],[-157.99532021154215,21.607225403701104],[-157.99553829085994,21.607470636137624],[-157.99562620959847,21.60767894844012],[-157.99575562262436,21.60782427062774],[-157.99598566416387,21.60791148190775],[-157.99623920979522,21.607917528883043],[-157.99644479941082,21.607873599304074],[-157.99660432665408,21.607680332790746],[-157.99675768938198,21.60750509598959],[-157.99686361613576,21.607379260811094],[-157.99694597522515,21.607343621469166],[-157.99701693826268,21.607384702221342],[-157.99703414698516,21.60751579869501],[-157.99709231691577,21.607660690363264],[-157.99715212938483,21.607742356756813],[-157.9973045802568,21.607874268400774],[-157.99742318974626,21.608010492960943],[-157.99761167711074,21.608169725259096],[-157.99772843221203,21.608224632605385],[-157.99794702267764,21.608221434222667],[-157.99820047573914,21.608241030450856],[-157.99845918813588,21.60837358274683],[-157.9986355407045,21.608541772146353],[-157.99883654248796,21.60863784055579],[-157.99905995729128,21.608810830642415],[-157.99923083370783,21.608897683346513],[-157.99951339311474,21.608899384743236],[-157.99972535693354,21.60898196705881],[-157.99986056449717,21.609163459693352],[-157.99991396887614,21.609299289630467],[-157.9999204668817,21.60940773651485],[-157.99994916277723,21.609624724663007],[-158.00004411697034,21.609864696067213],[-158.00016201467312,21.610104805324262],[-158.00030929723735,21.610286370198704],[-158.00047354779377,21.610459004729282],[-158.00065052775867,21.6105368569306],[-158.00086890560183,21.610565272491012],[-158.00115673470413,21.610503764948778],[-158.0014928651944,21.61044254954988],[-158.00167498587925,21.610475263405835],[-158.00183391542492,21.610543972050724],[-158.00212325871072,21.61061346654168],[-158.00242276116973,21.6106107477467],[-158.00278279269125,21.610585807215706],[-158.00312344346312,21.61056978465085],[-158.00332952895155,21.610629742297412],[-158.0035011217023,21.610788865157872],[-158.00367674157695,21.610889292837136],[-158.00386075265794,21.610998804579417],[-158.00401863097935,21.61104491991009],[-158.00438974960753,21.611164587088428],[-158.0045668872347,21.611219852980184],[-158.00469061277303,21.611315450262463],[-158.00487332493114,21.611438505041203],[-158.00510244933835,21.611661209347677],[-158.00531451520604,21.61190639723391],[-158.00556773037792,21.612138279889898],[-158.005798437886,21.612306789695058],[-158.00610441488143,21.61241702890995],[-158.00652287957013,21.612500838397597],[-158.0068047381764,21.612606414394666],[-158.0068753356127,21.612701694684603],[-158.00694674076547,21.613031861841545],[-158.00701749662343,21.61328071913357],[-158.00711711003612,21.613547817555556],[-158.00719464643024,21.61386447021276],[-158.00726481404547,21.614022983942974],[-158.00731156733806,21.614072951769757],[-158.0078007297701,21.61423848610089],[-158.00807218856357,21.614276243054803],[-158.00828314264268,21.614331707711823],[-158.00853713949897,21.614450667575667],[-158.0087722505978,21.61468243766898],[-158.0089434795466,21.614719595857988],[-158.0091321090234,21.614684585556763],[-158.0092088326959,21.614590185646527],[-158.0093258072546,21.61443730626732],[-158.00958519114968,21.614474988851626],[-158.01023320388688,21.614722770708937],[-158.0102983814757,21.614727675565845],[-158.01052807359162,21.61486907282943],[-158.01081678503746,21.615033405819016],[-158.01092872059638,21.615088275527267],[-158.0114640554929,21.615213422677247],[-158.01161110541614,21.61525495144563],[-158.0117591443054,21.615328103164632],[-158.01231233806334,21.615846334693035],[-158.01280149186425,21.61619253467396],[-158.01317189588056,21.616420588448154],[-158.0134084599157,21.61644006269131],[-158.01353788800878,21.616409213230348],[-158.0137736130686,21.61637447704312],[-158.01384356164596,21.61638844464113],[-158.01407936018057,21.616520837561794],[-158.01422637970614,21.616566880899708],[-158.0144391931207,21.616527490962106],[-158.01453248410925,21.61648287375101],[-158.01479176641158,21.616357936532932],[-158.01518096627547,21.616129879871465],[-158.01552245541495,21.615991877223646],[-158.01567464353224,21.615988262823837],[-158.01589260538142,21.616079894598688],[-158.01615877860846,21.616185364126412],[-158.01654051477522,21.61634572071214],[-158.01669381731526,21.616355662997332],[-158.01699408089112,21.616063835348196],[-158.01714204735381,21.615969854529382],[-158.0172945101771,21.61592558721039],[-158.01777476476695,21.615982631924304],[-158.01819262040226,21.615980586717917],[-158.01807489013837,21.61624639418537],[-158.01786856084212,21.616398754090493],[-158.0177273803683,21.616560530730407],[-158.01755117921363,21.616722100359993],[-158.01741018022042,21.616856776642386],[-158.01825796351028,21.617390284045605],[-158.02008400084918,21.618453539127785],[-158.02173908388068,21.619262815857283],[-158.02259734907227,21.6196789249581],[-158.02308042020505,21.61985793873773],[-158.0234105211051,21.619977327191354],[-158.02355763839398,21.620009812006234],[-158.02381721585405,21.62002037548082],[-158.02408168741854,21.620021933252076],[-158.0242764119072,21.6201585916985],[-158.02472400675657,21.620585829167062],[-158.02510581833118,21.62091781897048],[-158.02551163594686,21.621272535493823],[-158.02593064784799,21.621640881210425],[-158.02615037371072,21.621831888162696],[-158.02753901711827,21.623303550157278],[-158.02769268797337,21.62343996105845],[-158.0278633277158,21.623567438821222],[-158.0279812545176,21.623631368268402],[-158.0281346575037,21.6236277516171],[-158.02831112776335,21.623606201581882],[-158.02851172000226,21.62358931202681],[-158.02865784585734,21.6235901675774],[-158.02881212355803,21.62363624255999],[-158.02905329451386,21.623691860692297],[-158.02927631866535,21.62375188774014],[-158.02939439707305,21.623793232021733],[-158.0295247029357,21.62381206432777],[-158.0298069340568,21.62386792104337],[-158.03005459429917,21.623855820389842],[-158.0302067908501,21.62385219569725],[-158.03039050714497,21.62383068571826],[-158.0305427318715,21.62382254296253],[-158.03071995608224,21.62386874999454],[-158.03083187626336,21.623928125431338],[-158.03094986496876,21.623983019149378],[-158.0310786023171,21.624056043488327],[-158.03122047358846,21.624151731145872],[-158.0314678042056,21.624369992486034],[-158.0316564441147,21.62451563940011],[-158.0318437544775,21.624679344625044],[-158.03195054426686,21.62478385962363],[-158.03206249575254,21.624838717429334],[-158.03220337129179,21.624902779371947],[-158.0325102734537,21.625062666580096],[-158.0329924741795,21.625377153313895],[-158.03318150656028,21.625464079630607],[-158.03340423495783,21.625569271524558],[-158.0336523239902,21.625674608732343],[-158.03441117646364,21.625977155465648],[-158.03470017819578,21.626105313856087],[-158.03482429859838,21.6261466912652],[-158.03497121512916,21.62621078419412],[-158.03508917831982,21.626270191936428],[-158.03517682858757,21.62634749175462],[-158.0352953991014,21.626497243251457],[-158.03535397327244,21.626587923505518],[-158.0354246572685,21.626674156983828],[-158.03548960166816,21.626715188755544],[-158.03559587822105,21.626715807108635],[-158.035719273137,21.626684907360847],[-158.03590770144908,21.626681486783774],[-158.0360961616429,21.626673550061778],[-158.0363085330935,21.62670188879282],[-158.0364966938888,21.62673911917368],[-158.03675583710339,21.626817413813672],[-158.03693756775314,21.626913327705324],[-158.03707373653842,21.626959288481036],[-158.037244838688,21.62701900432328],[-158.03740380423497,21.62708768376076],[-158.03757982912748,21.627133874901887],[-158.03779217267956,21.62716672862452],[-158.03808664043933,21.627200057280955],[-158.03826278331888,21.62722818301788],[-158.03839306381437,21.627251523563015],[-158.03851006165476,21.627274787186145],[-158.03871014949124,21.62733466918716],[-158.03891123514865,21.627426175871587],[-158.0390523553297,21.62745409740295],[-158.03926461212936,21.627500498025178],[-158.03946484988143,21.62753779489156],[-158.03963598363543,21.627592991480146],[-158.0398301841075,21.627630253035907],[-158.03999431063306,21.627649270803815],[-158.04014795667072,21.62760951021786],[-158.0402654025303,21.627565020770408],[-158.04035981261856,21.627533948429733],[-158.04045434097455,21.627484810431437],[-158.04058371452876,21.627462973810285],[-158.04080810656774,21.627500408464144],[-158.0409376128388,21.627641185176255],[-158.0410551894503,21.627759307861005],[-158.0411078206147,21.62783640084946],[-158.04119067509188,21.62790915292476],[-158.0413787168513,21.627964445268464],[-158.04176181266024,21.62811120413521],[-158.04203285888568,21.62821666326139],[-158.0421966887699,21.628280847415883],[-158.04240879622125,21.62834983015502],[-158.04261501704633,21.628396191797318],[-158.04283340237816,21.628429072154837],[-158.04311022091923,21.628575214216912],[-158.04355808763984,21.628790099047706],[-158.04367593678964,21.628867568296926],[-158.04376910772118,21.62884100482788],[-158.04419349071696,21.628771183890066],[-158.04453559883208,21.62872346869885],[-158.04503603612872,21.628658600632434],[-158.0455366806998,21.628562112139786],[-158.04619079326537,21.628452956166353],[-158.04654992653838,21.62838726996602],[-158.04774558427727,21.628204410793188],[-158.048622883989,21.628498498513405],[-158.05010705537103,21.62907156871528],[-158.05209746553328,21.629801068241747],[-158.054012016569,21.630498490828273],[-158.05591925044976,21.631209393280287],[-158.0578216709047,21.63192024164801],[-158.05975424307854,21.63264026525876],[-158.06166753939337,21.633355634728566],[-158.06394706860584,21.634217562134634]]]},"properties":{"moku":"Waialua","mokupuni":"O'ahu","other":"O'ahu","gisacres":73386.91717929}},{"type":"Feature","geometry":{"type":"Polygon","coordinates":[[[-158.28022691059894,21.574310875223862],[-158.28021564199608,21.57415278044239],[-158.28032737179856,21.574026755661077],[-158.2804162160334,21.574126436862553],[-158.28066309977763,21.574253802899577],[-158.28070472751847,21.574141063929925],[-158.2806458163279,21.57409117123036],[-158.28063450077286,21.573942107156412],[-158.28066888446634,21.57382934052085],[-158.28061610114693,21.57376140705981],[-158.2798215784286,21.573762946600286],[-158.27972189119527,21.573658708181775],[-158.2796561955168,21.573518473239737],[-158.27964497413896,21.573351346826087],[-158.27955696851095,21.57332392324552],[-158.27940385382092,21.573278188722146],[-158.27934494342978,21.573228295579444],[-158.27933941252567,21.57312892638393],[-158.2793155650298,21.57307013233464],[-158.27925038422023,21.5730653710263],[-158.2791737646825,21.573173463550766],[-158.27915600585118,21.573340481751163],[-158.2790737621552,21.573367268218604],[-158.27890265232298,21.57329888715691],[-158.27855599252575,21.573085343589657],[-158.2784378479809,21.573048772459135],[-158.27803808878986,21.572830512199133],[-158.27792614261418,21.57276235493018],[-158.2778793771327,21.5726989576461],[-158.27784958320063,21.572622077642503],[-158.27772572750771,21.57252226319849],[-158.27765539572448,21.572580705131802],[-158.27754940078214,21.572765452886376],[-158.27749606566752,21.572805894021936],[-158.27733141040667,21.57265625320175],[-158.2772490266458,21.5727101326489],[-158.27719016300435,21.572651205363268],[-158.27700703044297,21.57280856873205],[-158.27692524923015,21.57274503999621],[-158.2769077850803,21.57261853170081],[-158.2767895488307,21.572600023514298],[-158.27674220631604,21.572649518602997],[-158.27664191909867,21.572662688228547],[-158.27640702909864,21.57278824515642],[-158.27629441226318,21.572851041756635],[-158.27625988246757,21.572756079132553],[-158.27622407715364,21.57267466000676],[-158.27622447092642,21.572597891914153],[-158.27618272071237,21.57249838787819],[-158.27621831668935,21.572385627482518],[-158.27615966123696,21.572286057218722],[-158.27594764219936,21.572425248378035],[-158.2758294072198,21.572406738618138],[-158.2757713790949,21.57218524488752],[-158.27572466154896,21.572112817241333],[-158.27557744650338,21.572094197574014],[-158.2754708683767,21.572157016272204],[-158.27540590117766,21.572346433001112],[-158.27527603138557,21.572242079690533],[-158.27515865555662,21.572056489079355],[-158.27507648043525,21.571834901805136],[-158.27500549333638,21.57178494196775],[-158.27475813859624,21.571987237425574],[-158.27456413758432,21.571909734987834],[-158.27453441497067,21.571819298467254],[-158.27452915736168,21.571665684494235],[-158.27445810308362,21.571629275891752],[-158.27438176017404,21.571683197390055],[-158.2741878470044,21.571587595184447],[-158.27398121842566,21.57161843574483],[-158.27388157629838,21.571505121686226],[-158.27378755705234,21.571473142606184],[-158.27359855673947,21.571598914584804],[-158.2735043309893,21.571607593318603],[-158.27338708374623,21.571394827192055],[-158.27336943322862,21.571304409702417],[-158.27338087355582,21.571191515672286],[-158.27332214735932,21.571105458856053],[-158.27296906373564,21.570968594183242],[-158.27286921617502,21.57089593480556],[-158.2728214246851,21.5707963683707],[-158.2727624011511,21.570769038847313],[-158.27259153300938,21.57089036075172],[-158.27243935424488,21.570898819274714],[-158.2722732142927,21.57080331991084],[-158.27215037514918,21.570735063379182],[-158.27203254390162,21.570630680699278],[-158.27197847172323,21.570576248255275],[-158.27184958679726,21.570507960571263],[-158.27149004487646,21.570434213945582],[-158.2713901009025,21.57037507702492],[-158.27121936279974,21.57022530073723],[-158.27110135000626,21.570157055528114],[-158.27090093156932,21.570142682830262],[-158.2707710042547,21.570042765404384],[-158.27057739162086,21.56987934202504],[-158.2705184194194,21.569838442128567],[-158.27038821455514,21.569792733809138],[-158.27028211905898,21.569756159163386],[-158.2700582899544,21.56959712732722],[-158.26997551254374,21.569488366008674],[-158.26995203155,21.56935726017029],[-158.26988825321038,21.569311823554965],[-158.26976376478493,21.569329384015248],[-158.26969371604838,21.569329095953016],[-158.26961665378607,21.569283604620786],[-158.26948164225337,21.56923335638379],[-158.26922184249835,21.56902448231482],[-158.26879821358162,21.568733614596866],[-158.26836209935297,21.568289096408552],[-158.2683204823592,21.5681624315845],[-158.26830898898174,21.568049442656005],[-158.26813273287522,21.568035163771373],[-158.26783234217933,21.56797068114275],[-158.26773716631575,21.567925112980724],[-158.26766740026375,21.567870612918984],[-158.26756663193552,21.567739185127273],[-158.26752014033232,21.567621534991694],[-158.26749569117922,21.56744524667253],[-158.26741349871295,21.56745845964594],[-158.26732533604803,21.567458096386552],[-158.26718954589145,21.56732652340534],[-158.26704831707968,21.56731238840994],[-158.26687800944538,21.567316202477986],[-158.26669465099062,21.567274787354776],[-158.26667089672932,21.56719788868383],[-158.2666179935212,21.5671524951008],[-158.2664708896608,21.567106708506657],[-158.26638317459367,21.567020509972807],[-158.26636509790524,21.56678099905551],[-158.26627610472445,21.56670834839274],[-158.26621221696627,21.566685496170674],[-158.26614704699534,21.566676190022257],[-158.2660646443925,21.56673006116445],[-158.2659703282863,21.566752259948597],[-158.26583513747104,21.566738148732004],[-158.26574024864507,21.566638366517797],[-158.2657115483106,21.566584034873593],[-158.26571135126835,21.566389773365916],[-158.26559330647345,21.56633055329378],[-158.26544045025886,21.566230530773115],[-158.2653876901682,21.566158028534026],[-158.26536301232164,21.566026912314907],[-158.2653052106938,21.565995050283316],[-158.26517478236798,21.56599450857992],[-158.26511582101605,21.565953605066767],[-158.26511619692724,21.56588132353018],[-158.26517487275487,21.56574603594549],[-158.26513925576282,21.5656284268105],[-158.26506942348195,21.56558747714767],[-158.2649982207091,21.56557814576119],[-158.26490373997967,21.565631967581638],[-158.2648396876883,21.565640735759523],[-158.26460338829588,21.565562954961717],[-158.26437383956255,21.565580072159545],[-158.2642567694725,21.565566034265487],[-158.26412721802305,21.56539833759228],[-158.2639913463215,21.565284829813493],[-158.2639676908121,21.565189858613554],[-158.26386781079052,21.56512167766887],[-158.26369059515213,21.565062210234956],[-158.2636729304923,21.564976299059083],[-158.26363826345153,21.564908388062154],[-158.26345489203393,21.56487148303219],[-158.26334959164586,21.564916221654485],[-158.26322534720595,21.56488859868909],[-158.2631906575746,21.564825203847573],[-158.263177968849,21.564712208433285],[-158.26313129812513,21.564630694324045],[-158.26307245594302,21.56456719988226],[-158.26299047995184,21.564539751020195],[-158.2627312895206,21.564452831885436],[-158.26274857863496,21.564380619778053],[-158.26270077147615,21.564285546977615],[-158.2625249342088,21.564194458283318],[-158.26233041104615,21.564211718683776],[-158.2622945166524,21.564148318330698],[-158.26229515983064,21.564026341962574],[-158.2622125478683,21.5638904633395],[-158.26223580189964,21.563831827627716],[-158.26236551730207,21.56373749540094],[-158.26241905712382,21.563660916596035],[-158.26241830145187,21.563575074714187],[-158.26230064531345,21.563443568204356],[-158.26211166978757,21.563325315645535],[-158.26201823286877,21.563410763010907],[-158.2618890418878,21.563405705216585],[-158.26161161226173,21.563115404915756],[-158.26152369561848,21.563069860044227],[-158.2613761541265,21.563109902041617],[-158.26117545303018,21.5631542408376],[-158.26100542147537,21.563108350593236],[-158.26095745172523,21.56304490093308],[-158.26096427919435,21.56289584039706],[-158.260987558374,21.56283268772592],[-158.26107032032746,21.562711052922168],[-158.26106954351292,21.562629728196754],[-158.26100457144418,21.56258427937437],[-158.26082838418088,21.562560950609534],[-158.26074013494048,21.562578652538356],[-158.26068678369313,21.562619090053623],[-158.26048702865538,21.56271312736003],[-158.26033955988143,21.562739615220586],[-158.26023935277124,21.5627346775752],[-158.26018641125424,21.562698312721068],[-158.26004468305584,21.562553145163484],[-158.25998615848277,21.562430918750618],[-158.2599679170284,21.562227537285207],[-158.25990912885382,21.562155004802165],[-158.25979820052945,21.56212291400603],[-158.25977436090488,21.562064083017532],[-158.25975703926025,21.56191491889107],[-158.2597443075387,21.561810954837657],[-158.2597157595667,21.561729513082163],[-158.25962702249015,21.561611675006407],[-158.2595324904248,21.561448635966137],[-158.25950922667522,21.561281376424887],[-158.25934393497252,21.561253572777673],[-158.2592562163225,21.56117188242756],[-158.25924358259147,21.561049847077605],[-158.25914982708503,21.56096812984167],[-158.2590850515788,21.560886535971573],[-158.25902648352294,21.560773340821804],[-158.2589082863621,21.5607457352903],[-158.2587202468902,21.560681691918795],[-158.25864334984306,21.560609082074212],[-158.2585318678188,21.560455002486382],[-158.25847296234366,21.56040505883749],[-158.25831887965265,21.560314049980757],[-158.25820196591954,21.56027289522276],[-158.25809572651985,21.560267927673635],[-158.2579952587312,21.560312684488967],[-158.2578895040289,21.560443256206156],[-158.2577772265289,21.56043826517882],[-158.25767154200125,21.560329387826915],[-158.25765985328783,21.56025705261116],[-158.25767151853645,21.560108010173405],[-158.2575426500223,21.560044214582778],[-158.25746519977412,21.560075511941857],[-158.2573472700529,21.560224105276138],[-158.257259046819,21.560237286453976],[-158.25715326885356,21.56014648005784],[-158.25712375907582,21.560019853919837],[-158.2571594778674,21.559888985911535],[-158.25719490696164,21.5598123307718],[-158.25707091957358,21.55973951757202],[-158.25688885115574,21.55968905052855],[-158.25679406051202,21.559575700352113],[-158.25681140373732,21.55949445101358],[-158.25693563609013,21.559296187410723],[-158.2569882134803,21.55917442546416],[-158.2570115186593,21.559106756218487],[-158.25698304756128,21.559011758107438],[-158.25689999540367,21.558961708081462],[-158.25666439004243,21.558761921270857],[-158.25651702745373,21.55877033281565],[-158.256441366617,21.558693206644815],[-158.25635807290456,21.558688334054732],[-158.25614030881638,21.558764215118046],[-158.25603404757285,21.558763766139727],[-158.25591117474207,21.558709027865095],[-158.25574019477196,21.55861794305901],[-158.25560507531003,21.558594779625118],[-158.2554809706048,21.55854455368589],[-158.25546346725218,21.558431529927564],[-158.25537433193816,21.558390490088144],[-158.25525109337192,21.55840352011749],[-158.25518588855653,21.55840324320862],[-158.2551451507037,21.558344336079067],[-158.25513947820838,21.558276541220167],[-158.25510352108822,21.558226691741357],[-158.2550096293697,21.55817207691411],[-158.2547212327404,21.558134706593084],[-158.25447356377424,21.557934859215564],[-158.25431444386487,21.557884483033757],[-158.2541851225516,21.557906522268986],[-158.25409093773357,21.557906121585898],[-158.25389032479976,21.557936893189524],[-158.25379628637657,21.557909384111824],[-158.25372070452931,21.557818701752417],[-158.25367937196418,21.557646840646814],[-158.2536024116505,21.557587778190836],[-158.25337816322028,21.557523568582035],[-158.25340277911948,21.557437831338024],[-158.2535023560264,21.557334340069],[-158.25356085387202,21.557235193769497],[-158.2534789899306,21.557189664646085],[-158.25333773993538,21.557184543639398],[-158.2531078065247,21.557278440651118],[-158.25303757587253,21.55731428556884],[-158.25296675122866,21.557237175929025],[-158.25291921313678,21.557096912962322],[-158.25288352900677,21.55699736372678],[-158.2528018390157,21.556920207125554],[-158.25263673605903,21.55686076806977],[-158.2525364427482,21.556873892672833],[-158.25244186596285,21.556945776952798],[-158.25232469424623,21.556954313002365],[-158.25224775995449,21.556890731004998],[-158.25212486896345,21.556840507161034],[-158.2519002796615,21.556839544507007],[-158.2518830051934,21.556685856325608],[-158.25184234640662,21.556613393433224],[-158.25169437066972,21.55651336159499],[-158.25142895140175,21.55647156254242],[-158.25114036985363,21.556470325037477],[-158.25095900554263,21.55651472954569],[-158.2507173896783,21.5565362840421],[-158.25069923226465,21.556323854998006],[-158.25064026352035,21.556287456490253],[-158.25001007372245,21.556266679758107],[-158.2499392289606,21.556194084217946],[-158.2499340844639,21.55603140964864],[-158.24988132804236,21.55596341000892],[-158.24981026182127,21.55593147672685],[-158.24951569306057,21.55592117229608],[-158.24946884973716,21.55587578897416],[-158.24942783064765,21.555649705160775],[-158.24934543586033,21.555482178131047],[-158.24931562185395,21.55541427801798],[-158.24931611775543,21.55532391554179],[-158.24932146844472,21.55522905858893],[-158.24924552369345,21.555206138492427],[-158.2491039571548,21.55525974569616],[-158.24894521018496,21.555362979480744],[-158.24883843506484,21.555457399278517],[-158.2487619920959,21.55552484231939],[-158.2486503609312,21.555623760055536],[-158.2485499683506,21.55565495259666],[-158.24855010390084,21.555410972503616],[-158.24860920622118,21.555203392526302],[-158.24863289356864,21.55506794953426],[-158.2486214526829,21.55473355614998],[-158.2485735531092,21.554661058955695],[-158.24840842158136,21.554389253826194],[-158.24827310486518,21.554185351549982],[-158.24815550011203,21.554053815757257],[-158.2479437425684,21.55391735236956],[-158.24759068589825,21.553567921723467],[-158.24743698818392,21.553413636329964],[-158.2473491731875,21.55335451936149],[-158.24721933145065,21.553254550179744],[-158.24693135975656,21.552941484952527],[-158.24687864854218,21.552868952907236],[-158.24683084074329,21.55278288946844],[-158.2466608310254,21.552312220716157],[-158.24660814542162,21.552235171463284],[-158.24652530864472,21.55215346687909],[-158.24644865731443,21.552044679538447],[-158.24628441689404,21.551840611547988],[-158.24588336175054,21.55145925209614],[-158.245230863689,21.550927640367988],[-158.24488249788902,21.550623326472042],[-158.2447531392714,21.550442006637],[-158.2445128076547,21.550246622229423],[-158.2439884201003,21.549905352832138],[-158.24362899445205,21.549637129598423],[-158.243346671283,21.54939636620404],[-158.24312907741182,21.549237230911388],[-158.24232810378675,21.548492556993693],[-158.24194062001033,21.548061538734306],[-158.2417985423294,21.547780752490237],[-158.24162264396583,21.54750432683989],[-158.24148126912087,21.54731390820819],[-158.24113990790653,21.5468379147279],[-158.2410872743776,21.54674732587004],[-158.2410515372718,21.546656814803928],[-158.2409339392655,21.54652527052677],[-158.24087522258012,21.5464436874897],[-158.24058029199276,21.54606287382859],[-158.2404688233664,21.54591328819087],[-158.24044513318236,21.54582735091839],[-158.2406573414392,21.545182348404577],[-158.24068659523354,21.54512827472513],[-158.24060354870028,21.54508272054252],[-158.24049167729845,21.5450099279815],[-158.2404443897694,21.54505036595858],[-158.24037426565255,21.54507263093516],[-158.24031538140403,21.54502266762813],[-158.24030426173377,21.544841923743412],[-158.24012134275503,21.544737182963132],[-158.2400569240056,21.544592333206097],[-158.2399971639851,21.5447095082077],[-158.23992727713946,21.54468659987226],[-158.23987973216185,21.544546344198633],[-158.23980345329096,21.5445911661833],[-158.23975573834232,21.544712914145244],[-158.23964457573564,21.544734988107717],[-158.23956143466305,21.54470750194607],[-158.23947976057258,21.54463033098858],[-158.23943292687892,21.544584943189488],[-158.2393385417695,21.54462968147353],[-158.2392795167965,21.544606822414696],[-158.23927393358315,21.5445209675833],[-158.23926148850637,21.54436280380448],[-158.2392026049208,21.54431284192675],[-158.23906148062997,21.544294123656943],[-158.23899123701108,21.54433897190367],[-158.2389201679525,21.544311542325747],[-158.2389327116527,21.54422125297301],[-158.23897301789893,21.544131093024987],[-158.23894440637608,21.544063202050843],[-158.23896783911377,21.543968446952327],[-158.23882664260185,21.543963278074738],[-158.2388028123316,21.543904443380118],[-158.23872630103912,21.543764054276426],[-158.2386850303393,21.54357865633317],[-158.23856085092473,21.5435509805325],[-158.2385023497784,21.54342874432715],[-158.23844943143845,21.54339236115133],[-158.23835530899427,21.54338741045999],[-158.23822597057062,21.543422951303693],[-158.23807237803496,21.543250588219877],[-158.23790816010097,21.54303300134017],[-158.23768986483827,21.5427699929267],[-158.23726008929464,21.542325317657646],[-158.23696604020603,21.542007753180275],[-158.23684858448794,21.541849107866685],[-158.23680137684377,21.541645612460826],[-158.23660076029014,21.54146399749997],[-158.2363417619809,21.541137560631615],[-158.23627088115165,21.541073992912995],[-158.23620594202637,21.541028521332862],[-158.2360596574394,21.541073018319796],[-158.2359243572557,21.5410949802072],[-158.2357416068691,21.540958619388114],[-158.23558254629395,21.540908196298837],[-158.23554073046088,21.54082669343742],[-158.23539414269592,21.540699533378895],[-158.23535223046164,21.540636098082196],[-158.23534667232016,21.54054572782356],[-158.2352530270395,21.540450434646093],[-158.23517012496237,21.540377775070223],[-158.23511129267658,21.540318779363755],[-158.23484017200204,21.54023170102107],[-158.23472278372245,21.54028988293422],[-158.23468106325575,21.54019031225465],[-158.23456955190224,21.540049762533698],[-158.23451718242939,21.53990948870056],[-158.2344458984121,21.53992270872562],[-158.2343996521688,21.53999477226716],[-158.2342634290892,21.539962522635822],[-158.23413374078598,21.539835440897477],[-158.23411024382156,21.539713368471972],[-158.23391608459607,21.539680849806587],[-158.2338572531034,21.53962185367617],[-158.23381068158332,21.5395267786494],[-158.23379305220254,21.539436352900577],[-158.23368698080648,21.539408760364378],[-158.2335163266883,21.539267938231003],[-158.2334156794128,21.539127439499882],[-158.2333693218141,21.538991707485046],[-158.23326876683996,21.53883314285098],[-158.23312691624005,21.53872407340415],[-158.23290935673248,21.538551414346568],[-158.23267989564627,21.53834708140596],[-158.23253825867945,21.538197359123487],[-158.23239738384066,21.53790309132909],[-158.23226192516552,21.53772629382586],[-158.2321207880726,21.537481714217755],[-158.23199136418944,21.53730494609169],[-158.23187379587253,21.53716888760489],[-158.23171407853386,21.537014565961655],[-158.23162062417057,21.53688313560398],[-158.23159102240442,21.536774586438753],[-158.23154939817152,21.536656948311595],[-158.23154374543617,21.536584646463],[-158.23150269474263,21.536358598155815],[-158.23116688815287,21.53595050116029],[-158.23086097917638,21.53536637359923],[-158.2307907221477,21.535185362839997],[-158.2307370528579,21.53506315173716],[-158.23071326996347,21.53499528529868],[-158.23065439209083,21.53494532415517],[-158.2306141188744,21.53480058860259],[-158.23057833759063,21.534719115093356],[-158.23056106865772,21.534560934814888],[-158.23053125195273,21.534493040520747],[-158.23037250107103,21.533927663354714],[-158.23028351772982,21.533864011483626],[-158.23011350296522,21.533831606306556],[-158.23010787384243,21.533754789083382],[-158.23016635654477,21.533651165189404],[-158.2301898158734,21.533551896000134],[-158.2301721874031,21.53346147169055],[-158.23014249014693,21.53337099168643],[-158.22994823660912,21.5329003104863],[-158.22986576723784,21.532746347310802],[-158.22982443128026,21.53257450593689],[-158.22981268199806,21.532285354733922],[-158.22977198842716,21.531991551757486],[-158.22977121313494,21.531910239681526],[-158.22972504770732,21.531738375979312],[-158.22963060390293,21.531566288448197],[-158.22960691831167,21.53148035334379],[-158.22957752882954,21.53087492201771],[-158.2295473640754,21.530644408930996],[-158.22953025882393,21.52999837911138],[-158.22951859631087,21.529921533984737],[-158.22947086543695,21.52981742066319],[-158.22935325280952,21.529690398379778],[-158.22940068213617,21.529622859738218],[-158.22942958855668,21.529406171132397],[-158.2294535571989,21.52898166936472],[-158.22944186999587,21.528909341353046],[-158.22944222739986,21.528841587106886],[-158.2294177166145,21.52868337410963],[-158.22935899203694,21.52837593867183],[-158.22933559301595,21.528235799755603],[-158.22935297696063,21.527915164076077],[-158.22939496865362,21.527734670172606],[-158.22940634059415,21.527409489458684],[-158.22935376095634,21.527309870945277],[-158.22929408087919,21.52718311707774],[-158.22912944707605,21.527046846607114],[-158.22902376117582,21.52694698265675],[-158.2291061199534,21.526893156256104],[-158.2292241611035,21.526938870329136],[-158.22935337441504,21.52692591177791],[-158.22940073229057,21.526871923582828],[-158.22940629954607,21.526731919321435],[-158.22944168438715,21.526659806854536],[-158.22955355685065,21.52650222084662],[-158.2296237983489,21.526457372714866],[-158.22967125124046,21.526385315904452],[-158.22967703255912,21.52620465742862],[-158.22968816838159,21.52592464524026],[-158.22976525476528,21.525726245104373],[-158.2298177493028,21.525613556325837],[-158.22989426487507,21.525523565496336],[-158.23004703100318,21.525393268556346],[-158.2303593032524,21.5252275647101],[-158.2302713624979,21.525195542024726],[-158.22982955148066,21.52520706709115],[-158.22975954974922,21.525206745819897],[-158.22966467922916,21.525115968486674],[-158.22961832526144,21.524980241746054],[-158.22959398150797,21.524790410593145],[-158.22956466535646,21.52462765812879],[-158.22952942078985,21.524216436250107],[-158.22948183647543,21.524085222837417],[-158.22940002833212,21.52403515905257],[-158.22902299785792,21.52389339854048],[-158.2288640638248,21.523820395584178],[-158.22880528246552,21.523752368940876],[-158.2287876558284,21.523661945344152],[-158.22878240907326,21.523512855701174],[-158.22880569865518,21.52344520648651],[-158.22881732358056,21.52330071294819],[-158.2287525795064,21.523219107006543],[-158.22878813064327,21.52311537470256],[-158.22881762052535,21.52301613343095],[-158.22878773432683,21.522961790221064],[-158.22854602387798,21.522793549583618],[-158.2285054417909,21.522707538894338],[-158.22855178244532,21.52261740823996],[-158.22860507822068,21.522581514827873],[-158.2286054607134,21.522509242511813],[-158.22856963563834,21.522436804649093],[-158.22855811427365,21.522332859318258],[-158.22858145241952,21.52225617405431],[-158.22858221644856,21.52211162941228],[-158.22857538149125,21.522034806489845],[-158.2285407137916,21.521971409359924],[-158.2284639712294,21.52187619792877],[-158.2284112490692,21.521803681921725],[-158.22842859857468,21.5217179326949],[-158.22853412569862,21.521619035720413],[-158.22855154760688,21.521519735983635],[-158.22847698150892,21.52146970524869],[-158.22850536072798,21.52135238628725],[-158.22857583847647,21.521262363555135],[-158.22860513927472,21.52119925666057],[-158.2285873553335,21.520910069047172],[-158.2285045550717,21.520819345075832],[-158.22842790852934,21.52070606148509],[-158.22858788910696,21.520580311790006],[-158.22867574039824,21.520400023500997],[-158.22871640344147,21.52024210423728],[-158.22873408726545,21.520093115074705],[-158.2287341299059,21.519627837260416],[-158.22885780780848,21.519519989391263],[-158.228952516991,21.51941200761076],[-158.22899929560324,21.519010185248824],[-158.22911689717617,21.51868096135197],[-158.22915230294115,21.518604329876588],[-158.22913993190792,21.518432617408873],[-158.229158466446,21.51835139076961],[-158.22922263119347,21.51808516503623],[-158.22922850577007,21.517886432430743],[-158.2292518666074,21.517805228057803],[-158.22945200551428,21.517616417745355],[-158.2294874803456,21.51752623295068],[-158.2294762053201,21.517146731287216],[-158.22951750281953,21.517097228575196],[-158.22958182649376,21.517029763135522],[-158.22964612436553,21.516966815700354],[-158.22962832931094,21.516908009369125],[-158.22955166000847,21.51679924522105],[-158.22955204192994,21.516726971031954],[-158.22956932056942,21.516654773017336],[-158.22960581144136,21.51660073265266],[-158.22967010910807,21.5165377851991],[-158.2297463818257,21.516492959251906],[-158.2298467436422,21.516457278899217],[-158.2300293407724,21.516390354361505],[-158.2301470026201,21.51627795859975],[-158.2301235806091,21.516142333152462],[-158.23007571635495,21.515834938653054],[-158.23006412388705,21.51574454023025],[-158.2300165872627,21.51560428900707],[-158.2299989597314,21.515513862743113],[-158.22989290447754,21.5152558940194],[-158.2298522987787,21.515174398043072],[-158.2297933536954,21.515137989928995],[-158.22946960858158,21.514964856841402],[-158.22925798556645,21.514814821632797],[-158.22910419615744,21.514683119507858],[-158.2290278618892,21.514511115208506],[-158.2289872101988,21.514438651508264],[-158.22883976626684,21.514248253330685],[-158.22875689701817,21.51417108092952],[-158.228734349738,21.51409870261148],[-158.2287574317963,21.513841323404975],[-158.22880490464595,21.51376474587181],[-158.2288104458032,21.513629254930084],[-158.22882767769696,21.513566091246258],[-158.22882804258495,21.513267951840323],[-158.22873997582536,21.513032651738488],[-158.22871641061826,21.51292413072377],[-158.2287392064932,21.512720957140438],[-158.22879246027554,21.51246371725472],[-158.2288512713618,21.51229684527347],[-158.22893902075717,21.512134623254624],[-158.22902736931186,21.511859473623005],[-158.22905695180052,21.511742159029634],[-158.22921053928616,21.5114537542286],[-158.22925197807405,21.51137714866541],[-158.2294343869045,21.51111597835908],[-158.22952840883363,21.510908612420565],[-158.2296688784652,21.51081890650881],[-158.22971630318148,21.510751362930925],[-158.22969879433856,21.51063835180239],[-158.22965715071365,21.510525230228577],[-158.2294990152064,21.51030316254441],[-158.2294046026693,21.510126559508873],[-158.22936887429572,21.510036050513254],[-158.22935712528508,21.50974689045073],[-158.22937440114666,21.509674692365838],[-158.22938136445913,21.50949855262989],[-158.22936849362716,21.509421699967508],[-158.22929783737558,21.509317480712674],[-158.2292572821347,21.50922695031616],[-158.22923996523645,21.50907780201231],[-158.22926920113784,21.508797861980057],[-158.22925756002647,21.508716498634147],[-158.22933319425252,21.508563255760276],[-158.22951008099,21.508433059998072],[-158.22960468898964,21.50834314424539],[-158.22963424737463,21.508230347515376],[-158.22964552065864,21.507923223698377],[-158.2296281082861,21.50779214397263],[-158.22965719935922,21.507539308455502],[-158.22965760291254,21.50746251703335],[-158.2296748088608,21.50740387122453],[-158.22967450533267,21.50723221243782],[-158.22965688077787,21.50714178609332],[-158.2296507978388,21.50646416656616],[-158.22963300391658,21.506405360200304],[-158.2296335283625,21.506305983062944],[-158.22963320104208,21.506138842301695],[-158.22962766696446,21.506043954466126],[-158.22919199490232,21.505816108628277],[-158.22959859179258,21.50583602671282],[-158.2295983606394,21.50565081737528],[-158.22977518709445,21.505073410132752],[-158.22982168851084,21.504951655131393],[-158.22990431141304,21.504387369489848],[-158.22999257876617,21.504125767610155],[-158.23002204174216,21.50403103839964],[-158.23016265472876,21.503683846278733],[-158.23022212700985,21.503390491626348],[-158.2302098504823,21.503200711251953],[-158.2301743133463,21.50307406432532],[-158.23016286420457,21.502956562929736],[-158.2301864586213,21.502830187641592],[-158.23020993511165,21.502726395368136],[-158.23022177124636,21.502541241560813],[-158.23022156294314,21.50235151407934],[-158.2302156547956,21.502098519653938],[-158.2302269193831,21.502021776422367],[-158.23022103402567,21.501764264837018],[-158.23020906853137,21.50151575883037],[-158.23022672971837,21.501140905291102],[-158.23021599470349,21.500887888586],[-158.2302274027581,21.50078404246637],[-158.2302506392246,21.500725421607612],[-158.23036814723793,21.500640127085394],[-158.23059204117942,21.500519174562985],[-158.23063354626083,21.500429017901247],[-158.23066220417653,21.500257490533738],[-158.23065120711027,21.500054162430008],[-158.2305447591675,21.4996426044622],[-158.23043331963706,21.499262645127896],[-158.23036276039477,21.499140357723192],[-158.23024516492708,21.499013340810073],[-158.2301974656821,21.49890470864164],[-158.23014458125428,21.498863813224805],[-158.2301150300412,21.498746230156804],[-158.23010932937765,21.498682961381913],[-158.23007381609023,21.49855179905639],[-158.23006175294552,21.49832136063354],[-158.23005624248378,21.498221955577115],[-158.23001450573074,21.49812690260949],[-158.23001462839676,21.497873934055384],[-158.2299972869392,21.49772930188637],[-158.23002104788415,21.497571303780855],[-158.2300556669686,21.497413354809115],[-158.23007410189368,21.49735019635911],[-158.23011511271625,21.497124517055337],[-158.23014795994817,21.496844592112677],[-158.23013648931743,21.49673160599429],[-158.23016039253602,21.49654650043179],[-158.2301839886519,21.496420120513356],[-158.23020762935658,21.496284706277425],[-158.23018401975187,21.496185215091973],[-158.230089078597,21.49588212036321],[-158.23000099747006,21.495651336044613],[-158.23000112390116,21.495398362014154],[-158.22997759442163,21.49505493377102],[-158.22993615531448,21.49467528670052],[-158.22991240057794,21.494602901064738],[-158.22994162665373,21.4938666990273],[-158.22995445091138,21.49326594363309],[-158.23016591144676,21.492526049478542],[-158.2302074618953,21.492426853958364],[-158.23030706147784,21.492074947503017],[-158.23033685608814,21.49191697339606],[-158.23047731711864,21.491596874035125],[-158.23048929696384,21.491384610706096],[-158.23051311112573,21.490987187828814],[-158.230478031449,21.490774712281617],[-158.23043095399072,21.49054862787717],[-158.23034784424726,21.490290762990007],[-158.23033625311092,21.490200361657475],[-158.23020670326514,21.489824833081176],[-158.230106534378,21.489598512125276],[-158.2300951097597,21.48947648890093],[-158.23011231222182,21.48941784013882],[-158.2300656116168,21.489349869657197],[-158.23000667375985,21.489313463609744],[-158.22998888347453,21.489254657229214],[-158.22997159417497,21.489100987943605],[-158.22994815110027,21.488969877510794],[-158.22997138757032,21.488911256565007],[-158.23024190349557,21.48864143370761],[-158.2303002758655,21.48855586917039],[-158.23036598186042,21.488452265721264],[-158.23031865349267,21.488045485966328],[-158.2303424587173,21.487878449651127],[-158.2303890022003,21.487747655246277],[-158.23041271519,21.487598687539805],[-158.230429868277,21.486862430922923],[-158.23045985147309,21.486668317619426],[-158.2305004564517,21.486519426752672],[-158.2305649153856,21.48619446607813],[-158.23055366486406,21.48581043508813],[-158.23061244139112,21.485648074230493],[-158.23060650950674,21.485399591960487],[-158.23066523833072,21.48524626357345],[-158.23069510212295,21.485074737755447],[-158.23062356002887,21.48491178871107],[-158.23060610425006,21.484789739495998],[-158.23062351856834,21.484690436221662],[-158.23068321626835,21.484582287627898],[-158.23075973181602,21.484487768209323],[-158.23085960222278,21.484312039132366],[-158.2309414687129,21.484118160793415],[-158.23101214273302,21.48398747443388],[-158.23098279787865,21.483372975026807],[-158.23098325059215,21.4832871472518],[-158.23101824821637,21.483056915962063],[-158.23107666525627,21.482962314896124],[-158.2310830795546,21.482890064531972],[-158.2309354753364,21.48273580833572],[-158.23073613082573,21.48255421481806],[-158.23060657819883,21.48240907414572],[-158.23049415790135,21.4822188368793],[-158.23046446881793,21.482128353972552],[-158.23038897625102,21.482028631965967],[-158.23034140264863,21.481897414007207],[-158.2303359634872,21.48178445279169],[-158.23014743438253,21.48161194293485],[-158.22979421853242,21.481321236045147],[-158.22947653684093,21.481157177486725],[-158.2292347750504,21.481011531163567],[-158.22918208934766,21.480934498317232],[-158.2291002801755,21.48088895561933],[-158.2288058357425,21.480666274015263],[-158.22871669146508,21.48063876545265],[-158.22853429268304,21.480448213061994],[-158.22834032982556,21.480162741813324],[-158.2282410679884,21.479995149264756],[-158.22821140450685,21.479900151543877],[-158.22816953094076,21.479832201034842],[-158.22812319034253,21.47969647000323],[-158.22812878029782,21.479551939702116],[-158.2280281706589,21.47941144530564],[-158.22796365898068,21.479289183919544],[-158.2278701192338,21.47918034474922],[-158.22756983804464,21.47892149778117],[-158.22728698846106,21.478789214298363],[-158.22698080620887,21.478733622288797],[-158.22685720078567,21.478606575385633],[-158.2268456859475,21.47850262503276],[-158.2267690627194,21.47838934262682],[-158.22658737288185,21.47829365675304],[-158.22634547749385,21.478175110269277],[-158.22622163249898,21.47809323626104],[-158.225828116425,21.47789720724467],[-158.22560432009075,21.47777874352797],[-158.22535169329325,21.47786343005572],[-158.22523299467483,21.477948720666713],[-158.22515070852828,21.477993520972117],[-158.224957443513,21.478033302147356],[-158.22459849479108,21.478144608078374],[-158.22420356622712,21.478215093598372],[-158.22400320228226,21.478227737132855],[-158.22362728489443,21.478126647213127],[-158.2235032489553,21.47808091115566],[-158.22335616753338,21.478057656067737],[-158.22312692208664,21.478056613494672],[-158.22290957213292,21.47808724764173],[-158.22279709826327,21.4781364273171],[-158.2226510086236,21.47815383157962],[-158.22221454578295,21.478093117745185],[-158.22197348297098,21.47804682159897],[-158.22185073106888,21.47798752587256],[-158.22155638560443,21.47775125342255],[-158.22124452177317,21.477406480983035],[-158.22107901182355,21.477220499499794],[-158.22100830816981,21.477129823032556],[-158.22093186328115,21.476984911743475],[-158.22084965129437,21.476790282765325],[-158.2206439154788,21.47645504015613],[-158.2204787198788,21.476210333365625],[-158.22041991378865,21.476151334769916],[-158.22024965146028,21.47595177675046],[-158.22009654610773,21.47570260872469],[-158.22000222185451,21.475516959175923],[-158.21994993177353,21.475367641979787],[-158.21994937864966,21.475245670630137],[-158.21983244329812,21.47500118928716],[-158.2197557113518,21.474684618396516],[-158.2196548008849,21.474376967340003],[-158.21964954234826,21.474232388615246],[-158.21953164437238,21.473942729052112],[-158.21951991721204,21.47365356503281],[-158.21950816720798,21.4735947839724],[-158.2194139402949,21.473391064602573],[-158.21936162935364,21.47324626619163],[-158.2192433465258,21.473028880823428],[-158.21923794202135,21.472911404965828],[-158.2192082395006,21.472825438288933],[-158.21929614466677,21.472631601951228],[-158.21930789552067,21.472464516300693],[-158.21930835484343,21.472152821007704],[-158.21926065266007,21.47204869943925],[-158.21921422825673,21.471931033843134],[-158.21911346288667,21.47182214448022],[-158.21869580489596,21.471634980328723],[-158.2185897566395,21.47138602361565],[-158.21845513695368,21.47129052925943],[-158.21849080097252,21.471164207173906],[-158.21851427792762,21.471060414435236],[-158.21849070294792,21.470956401798137],[-158.2184492017364,21.47082068363328],[-158.21838451088837,21.470734551474127],[-158.21832503253066,21.470576162033996],[-158.2182846865178,21.470223611582373],[-158.21821336183433,21.470024510454504],[-158.21813202222444,21.46989312412561],[-158.21811428706218,21.469825280453875],[-158.21813190053774,21.469689836787563],[-158.21809032764835,21.46956767269546],[-158.21800761221274,21.469467902523295],[-158.21789024850492,21.469304725878416],[-158.21777800022156,21.46908736321596],[-158.21771326323915,21.469010265119586],[-158.2176317316611,21.46891501666707],[-158.21758383580206,21.468847031836223],[-158.21749019174132,21.46876076207695],[-158.21741949234772,21.468670081473277],[-158.21741305180478,21.4685209762353],[-158.21740147091455,21.46843057316688],[-158.21748963834332,21.46841291487455],[-158.2176427372762,21.46843621748481],[-158.21776697531737,21.468441314103156],[-158.2178552160149,21.46841010416953],[-158.21790730983884,21.468369690621106],[-158.21795474858357,21.46829763263527],[-158.21796058883578,21.468107927646233],[-158.21779038351394,21.46767345716559],[-158.21776618375193,21.467461022640883],[-158.21773763938856,21.467384092029338],[-158.21763704600926,21.46724358178454],[-158.21746076247953,21.467043992008936],[-158.21736120811,21.466935107313756],[-158.2171312383959,21.466848201172567],[-158.2170723871246,21.466798235781553],[-158.21705472712392,21.466716838748983],[-158.21700123553603,21.466567512299324],[-158.21697780705705,21.466436398350538],[-158.2165370298136,21.46606390858872],[-158.2163130940588,21.46597703052984],[-158.21599028267266,21.465654781986885],[-158.21584227943922,21.46558181193222],[-158.21572549709558,21.46553609173113],[-158.21557189825202,21.465381779949247],[-158.21545410610318,21.46529991491565],[-158.21524834091224,21.465199569815745],[-158.2151484971983,21.465144893266704],[-158.21501866461765,21.46505845417197],[-158.21469561025384,21.465007251399317],[-158.2145594787549,21.464970474981392],[-158.21439531465234,21.46476190448632],[-158.21406575046896,21.46457514574475],[-158.2138831280053,21.46443425058226],[-158.21376565069107,21.464293658753185],[-158.21372425248893,21.464139873616],[-158.2137005122172,21.464067484009327],[-158.21364168942213,21.464012997614695],[-158.21357695391566,21.463935899798855],[-158.21354242888083,21.463849905869644],[-158.21349490207515,21.463714160910804],[-158.21339475356228,21.46349233778407],[-158.21334249646668,21.463338501487527],[-158.21325349597558,21.463062519942596],[-158.21324804595602,21.462954076391718],[-158.2131720998066,21.46271881517994],[-158.21313641834982,21.46262378120305],[-158.21309531031787,21.462415787410425],[-158.21309500316536,21.462248641819077],[-158.21307756217732,21.4621265900581],[-158.21310061284126,21.461878239090442],[-158.2130539276978,21.461810258715033],[-158.21304850209165,21.46169729799846],[-158.21302481101444,21.461615873999097],[-158.2130123896916,21.46145770502474],[-158.21298908865194,21.461304004834865],[-158.2130124948891,21.461213766072863],[-158.21305993355338,21.46114170941717],[-158.2131423784364,21.461065298341577],[-158.21348885560081,21.461021746067757],[-158.21383677929995,21.460933025420065],[-158.21406042179564,21.460848241054617],[-158.21413649604696,21.460835044854328],[-158.21433618023997,21.460718524898066],[-158.21438950277982,21.460673599062723],[-158.2144308119045,21.46061958226491],[-158.2144420565851,21.460547356121644],[-158.2143712921966,21.46047022849253],[-158.2142124608668,21.460392690796574],[-158.21424204332817,21.46027537544478],[-158.2143488856342,21.460149386610794],[-158.2144605513009,21.460023419447776],[-158.2145128840475,21.4599378335269],[-158.21456041837365,21.45984770598597],[-158.2145597444794,21.45974831937007],[-158.21445988335478,21.45969816237155],[-158.21436583335424,21.459688687992873],[-158.21430179916402,21.459706457225025],[-158.21421346621355,21.459755736768564],[-158.21404191913305,21.459800109869953],[-158.21397819779733,21.459759155098297],[-158.213919376564,21.459704669726726],[-158.21383022763393,21.459681666282727],[-158.213772176746,21.45970850066853],[-158.2136369630667,21.459725937810216],[-158.2134838768352,21.45970263362662],[-158.21340167241024,21.45973387158632],[-158.2130831406,21.45974141710574],[-158.21281872542758,21.459780834809823],[-158.21245932368194,21.45976108142983],[-158.21231829838197,21.459737834768394],[-158.2121120818537,21.459723315496458],[-158.2118769611934,21.459699626179773],[-158.21176558509464,21.459771383971287],[-158.21164194895937,21.459879222917085],[-158.21155349648177,21.459951085876583],[-158.21145391641863,21.460072589838735],[-158.2113474139225,21.460135333073083],[-158.21128342877753,21.46014406774364],[-158.21092385335643,21.460155932871107],[-158.21081262238351,21.460200584404323],[-158.21068901241628,21.460303905474056],[-158.21064159915935,21.46037144249212],[-158.2105298813742,21.46050644038231],[-158.21034782784056,21.460708868727103],[-158.2100711031713,21.460793399234422],[-158.20975975865076,21.460810005013034],[-158.20896558289672,21.460652676352794],[-158.2086943414894,21.46061526266069],[-158.20860642273027,21.4605877431935],[-158.20835950607082,21.460514301440533],[-158.20801159436877,21.46037714228541],[-158.2077236843465,21.46029899007476],[-158.20742986685846,21.46019822218681],[-158.20722896250626,21.460093374161563],[-158.2071292738689,21.460011592849366],[-158.20688883071574,21.459856868077555],[-158.20659402840013,21.459715437850438],[-158.20638820205212,21.45962863724461],[-158.20591706690553,21.459301163449343],[-158.20574731382723,21.459237116882807],[-158.20564730649207,21.459214057563926],[-158.20546999527647,21.4592087037093],[-158.20524044139898,21.459270862165344],[-158.20523497479115,21.459166937449485],[-158.2052527454013,21.45900439696],[-158.20522300281195,21.45892745956039],[-158.20517629779093,21.458863996052862],[-158.2049119275305,21.45867301858293],[-158.20474111340727,21.458581864236358],[-158.20446463169628,21.458399863024457],[-158.20442270354917,21.458345456546436],[-158.20437629420957,21.45822778442467],[-158.20434042240623,21.458168889471043],[-158.20421759347337,21.458127653555547],[-158.20410572082582,21.4580683970287],[-158.20410522756782,21.45793739149183],[-158.20407669211687,21.457860462353196],[-158.20399384464562,21.45778779387189],[-158.20389391412937,21.45775118031871],[-158.20359944008518,21.45777237412766],[-158.2035118931261,21.457677095852034],[-158.20346420184055,21.457572971872928],[-158.20334095472035,21.457387177482325],[-158.20321738973527,21.457260106743767],[-158.20321182446355,21.45717425053758],[-158.2030706282817,21.456961266928158],[-158.20305895773942,21.456888935215215],[-158.20302948872794,21.45676230891631],[-158.20282298008428,21.456580638396737],[-158.20279321465662,21.456508220448722],[-158.20268732465266,21.456236677695287],[-158.20268739565068,21.45600177611179],[-158.20270531787423,21.455812133071504],[-158.20269357390558,21.45575335094764],[-158.20265900794564,21.45567639284073],[-158.2025522087785,21.45557198782499],[-158.20251178520542,21.45546338096509],[-158.2024993509482,21.45530973311915],[-158.2025002108461,21.45515163137741],[-158.2026288920929,21.454781817741026],[-158.20266978338458,21.454583249615837],[-158.2026815490692,21.45441616259523],[-158.2027056008596,21.454208479687583],[-158.20262908436504,21.45408163182546],[-158.20261143178766,21.45400023433376],[-158.20251696719396,21.45384619914396],[-158.20231775116747,21.453655528302065],[-158.20217082589954,21.453609659747304],[-158.20154144523732,21.45354795315806],[-158.20138826738375,21.453542710314785],[-158.2012114544897,21.453447008441728],[-158.20105854747777,21.453392076755687],[-158.20081147463546,21.453350248790265],[-158.2006405461643,21.45328167888149],[-158.2003695918691,21.453194564513243],[-158.2002997984602,21.45316261197839],[-158.20011154064852,21.45295392193507],[-158.2000641754876,21.45279107334216],[-158.20005871370518,21.45246580107846],[-158.20007634111903,21.452330364905695],[-158.20009943622287,21.452077505258767],[-158.20011191805685,21.452000769733182],[-158.20008813704302,21.45193741444621],[-158.19998245011394,21.451851084018934],[-158.19987659175726,21.45179637441566],[-158.19972947100777,21.451786641806095],[-158.19930017789864,21.45153615082425],[-158.1991228517511,21.451535309479507],[-158.19897654093603,21.451597858013816],[-158.19886425687986,21.451615393137786],[-158.1987932079463,21.4515924685002],[-158.19859401938615,21.451618627265],[-158.19844702334726,21.45158630784798],[-158.19838188347927,21.451585997625187],[-158.19830492566433,21.451540460000565],[-158.19825825161018,21.45147247663535],[-158.19825288689105,21.451350485002422],[-158.19828240680957,21.451246727719603],[-158.19835798890435,21.45110253216614],[-158.19834632106225,21.451030200161213],[-158.19814617293957,21.451011178537613],[-158.19800525749784,21.450969853371372],[-158.19760595398245,21.450751125385437],[-158.19727018824238,21.45060497465306],[-158.19717046219117,21.450532220156486],[-158.19704104806016,21.450373493482164],[-158.19697074299248,21.450215049455867],[-158.19689923178603,21.45005660051638],[-158.1968638843638,21.449902844168708],[-158.19682922384686,21.449843950782764],[-158.19678255099845,21.449775967933963],[-158.1965467371556,21.449661902749813],[-158.1964818941856,21.449607382547452],[-158.19645220746474,21.44952141214123],[-158.1964466957846,21.449426522392603],[-158.1965582679333,21.449318643918563],[-158.1960762176381,21.44879231913655],[-158.19572299864984,21.448749964922722],[-158.19542275855537,21.448725932793096],[-158.19524686534314,21.44868442998381],[-158.19519406214778,21.4486344862563],[-158.19507616913813,21.44857519315402],[-158.19492324391052,21.448524767771218],[-158.194852222903,21.448497322579637],[-158.19475848028526,21.448433627283],[-158.19463443323656,21.44839689235076],[-158.19457054880976,21.44838754859868],[-158.19450523775862,21.448418855059966],[-158.19440552808257,21.448562929102795],[-158.19434717870564,21.448643959717128],[-158.1942528922359,21.4486796438413],[-158.19415872692113,21.448692740413613],[-158.1940053551347,21.4487236217277],[-158.19382911479127,21.44874535913661],[-158.19367636465472,21.44866331087767],[-158.1935403772937,21.448603929530858],[-158.19341770865375,21.448535579564048],[-158.19335885095407,21.44849012154224],[-158.19330848586583,21.448435671734394],[-158.19299967697057,21.447996002991566],[-158.19291709106926,21.447878155241906],[-158.1928705191328,21.447792101013846],[-158.19284681646968,21.447715193382496],[-158.19277646841186,21.447565782903048],[-158.19267061404702,21.447511062561144],[-158.1925468896625,21.447415603364895],[-158.19211172731417,21.44735929271523],[-158.19194671797172,21.44731332358821],[-158.19174699821093,21.44721749418091],[-158.19135218009077,21.446845165957953],[-158.19128246648222,21.446799654781252],[-158.1909403528972,21.446495338177517],[-158.19069962344994,21.446399307510305],[-158.19058796573128,21.44630390345094],[-158.19039377612296,21.446081613425704],[-158.19030538463713,21.445923077471594],[-158.19021091514176,21.44577354747653],[-158.18999988832402,21.445542141951076],[-158.18997013233098,21.445469720093744],[-158.1899114006918,21.445401675249194],[-158.18985894975472,21.445288488254253],[-158.18978862985242,21.445134557664655],[-158.18961765895725,21.44485817123022],[-158.1894995911632,21.444613663381585],[-158.1894761403155,21.444491580379143],[-158.18942984596265,21.44435583680112],[-158.1893524652262,21.444170251070666],[-158.18930599636224,21.44406612648315],[-158.18924749023665,21.443957427230735],[-158.18918184668743,21.44383062437283],[-158.1891298481551,21.4436361269838],[-158.1890878481209,21.443378433757076],[-158.1890936177564,21.44298996977318],[-158.1891120845686,21.44292230042595],[-158.1891418017286,21.442565574100758],[-158.1892055503636,21.4423806727585],[-158.1892302756701,21.44227237480212],[-158.18925856771895,21.442173130429357],[-158.18938903939213,21.44213762423936],[-158.1895063184821,21.44208850230891],[-158.1895645429909,21.442030058086882],[-158.18954752268385,21.441835730125614],[-158.18957096657073,21.44174097856647],[-158.18960632089514,21.44167338909285],[-158.18967665621213,21.441605968941616],[-158.18982992151257,21.441593158996486],[-158.18995283110576,21.441616340065163],[-158.19005304620563,21.441598755946657],[-158.19014738176645,21.44155403798548],[-158.19027108907252,21.44143266870103],[-158.19032941271826,21.441356155650844],[-158.1903181233527,21.441216064319647],[-158.19022363080927,21.441071051474083],[-158.19023609363296,21.440998835669124],[-158.19037138983316,21.440963350203948],[-158.19040599396868,21.441031278199404],[-158.1904710561804,21.441045144601414],[-158.19055300237713,21.441059092617166],[-158.19095909781308,21.441133331786205],[-158.19108233095713,21.441097789253543],[-158.1915413677244,21.440978037178123],[-158.19164816168922,21.440861100593644],[-158.19169429602422,21.440807114463944],[-158.19174218584163,21.44065375714159],[-158.19180663702105,21.44055920138583],[-158.19191288317663,21.440541646145395],[-158.1919183420345,21.440645571218102],[-158.19200031401053,21.44065500139076],[-158.19203566888456,21.440587411361165],[-158.19204234656863,21.440469992187918],[-158.19199459602316,21.440379414772167],[-158.19198865417894,21.440144483285803],[-158.19192989873667,21.44008095808865],[-158.19180088443642,21.44007130079504],[-158.19157155673034,21.44009729708071],[-158.1914304546189,21.44009209929031],[-158.19131207208636,21.44012314828235],[-158.1912477931464,21.44018608207615],[-158.19111234845695,21.440248671100836],[-158.1910012546653,21.44027072057119],[-158.19088887701884,21.440306317338372],[-158.19059464467475,21.4405081769816],[-158.19032368025054,21.44064690522987],[-158.19021884044903,21.440628329113988],[-158.1900128284382,21.44058215992107],[-158.18957273599173,21.440548408323668],[-158.1894824456246,21.440516350417916],[-158.18930701327992,21.44039353327054],[-158.1891532169479,21.440284372504944],[-158.18905965869553,21.440189056978173],[-158.18879441068924,21.4399483528813],[-158.18861236879,21.43971256982419],[-158.18856585180166,21.439617479305387],[-158.18839449150585,21.43941336857879],[-158.18835993669808,21.43933640772582],[-158.1882772343066,21.439241142602985],[-158.18810056864965,21.43890600456962],[-158.1879475515757,21.43865680890847],[-158.18792387879284,21.43857538168897],[-158.18783037144578,21.43847103124349],[-158.18768331115595,21.43823541691704],[-158.1875890240878,21.438054266514936],[-158.18737775646352,21.437651199216784],[-158.18730731846085,21.437519855123632],[-158.1870364973057,21.436980980681422],[-158.18697146109253,21.436745764006233],[-158.18694788824524,21.43664626992462],[-158.1869132847723,21.436578340349616],[-158.18681857321948,21.43647398352011],[-158.18655969466505,21.43617458538347],[-158.18647822542206,21.43607480724787],[-158.18641266463274,21.435934451982174],[-158.18630151835836,21.43574870442338],[-158.18608430462692,21.435548886766846],[-158.1860608847836,21.435422287973832],[-158.1859721552482,21.435326994276384],[-158.1858958892209,21.435159483243154],[-158.18577245711853,21.435014330008723],[-158.18548440806265,21.434755445538592],[-158.1854545801469,21.434696576127447],[-158.18527177195782,21.43438399345182],[-158.1851963362604,21.43428424498148],[-158.18499561057104,21.43393995404633],[-158.18491359056262,21.433722724776814],[-158.18481338122135,21.433523476844805],[-158.18474862590745,21.433455402768505],[-158.18467801558728,21.433355677568418],[-158.18462607452602,21.43315214637803],[-158.18454282712986,21.43293942911567],[-158.18452023676505,21.432880592982816],[-158.1844725183247,21.432785498239333],[-158.18440233514528,21.432608981670363],[-158.18419668855904,21.432282736682843],[-158.1841079369887,21.432191959193762],[-158.1840081545984,21.43213275050332],[-158.18394950720818,21.432051152322916],[-158.18390231866138,21.431861196744567],[-158.18386764231767,21.431806820691104],[-158.18370182379343,21.431693081118997],[-158.18368496459817,21.431471651627966],[-158.18354344585987,21.43132641047276],[-158.18345575064095,21.431262741335306],[-158.1832904124286,21.43106317586846],[-158.1831853796357,21.430863904388854],[-158.18316161104974,21.43080054598332],[-158.183119649213,21.43075516875753],[-158.18301406192325,21.43065527408397],[-158.183002605973,21.430546804074016],[-158.1830261525249,21.430433985754785],[-158.18287945706402,21.43035196128798],[-158.18279658813313,21.430288315369314],[-158.18280297070683,21.43022510403794],[-158.18293258081144,21.430126353195313],[-158.1829149416259,21.430044956541124],[-158.1827789265757,21.429994604889167],[-158.18267884445703,21.429989601045868],[-158.18259700492064,21.429957580843315],[-158.182550191962,21.42991669886654],[-158.18252652439,21.42983527275129],[-158.1824497357911,21.429762621837515],[-158.18226213523354,21.42966232724132],[-158.18216225466344,21.429621186040126],[-158.1821386105828,21.42953524273405],[-158.18206184749843,21.429458074518887],[-158.18200910690993,21.429399094427424],[-158.18194422884574,21.42935360499276],[-158.18187324478362,21.429321637471215],[-158.1817976125285,21.429258028235232],[-158.18167976571758,21.42919421180534],[-158.18144949949078,21.42917502114759],[-158.18115636475758,21.429182628144204],[-158.18063839335605,21.42906265351022],[-158.1805325840079,21.42900341333644],[-158.18015580433072,21.42887057624787],[-158.1801029881056,21.428825145162193],[-158.17986229677072,21.428729107093673],[-158.17969123337696,21.428692134924894],[-158.17952628179418,21.428424810797278],[-158.17968543719914,21.42843462128215],[-158.17988564849034,21.42843559814974],[-158.18011553493068,21.428522547871584],[-158.18060337764584,21.42863785760797],[-158.18084409455793,21.428729377492],[-158.18086751447936,21.428639146045445],[-158.180726379314,21.428426144766828],[-158.18069783817361,21.428353729081923],[-158.18062643116735,21.42818172409299],[-158.18054437211592,21.427973528019322],[-158.1805147491735,21.427878520738865],[-158.18045628088046,21.427765305101037],[-158.18037374321216,21.427642935344206],[-158.18019183055884,21.427389081504398],[-158.18012750881675,21.427244214518456],[-158.1800390179061,21.427108263700063],[-158.1798975641687,21.42673715719154],[-158.1798623655773,21.426560810109837],[-158.17979202389526,21.426199084392742],[-158.17979852905555,21.425467316421173],[-158.17981591961708,21.425377056470623],[-158.17982145030535,21.425250598596627],[-158.1799628094058,21.424560142451885],[-158.1799869877012,21.424334395309753],[-158.17996888457589,21.423905165558526],[-158.17994569852527,21.42373791267216],[-158.1799102482218,21.42360673869401],[-158.17977530357405,21.423366665232262],[-158.17967490312657,21.423203554187694],[-158.17963930179872,21.42309948204889],[-158.1795925451696,21.42304956505716],[-158.17955707009492,21.422922908141743],[-158.1794808698125,21.422746361931097],[-158.17945232835618,21.422673947837716],[-158.1793927577333,21.422542655606193],[-158.17922822652602,21.421986227936454],[-158.17918161991219,21.421909208032616],[-158.17912815771416,21.421764391158938],[-158.1790879348942,21.421624157304088],[-158.17903444764084,21.42148385663141],[-158.17893405815937,21.421103906957754],[-158.17888193675276,21.420719675639695],[-158.1788700359112,21.42047567910968],[-158.17885854105685,21.42015940573749],[-158.17883497601346,21.420059908772277],[-158.17876468088954,21.41990597475954],[-158.17871124308488,21.41975664151555],[-158.1786940648041,21.41959393242855],[-158.17867060097353,21.419476366905663],[-158.17864637071028,21.419065165944502],[-158.1786004069652,21.418658377481254],[-158.1785708646652,21.41854981665355],[-158.17854717374445,21.418472905313504],[-158.178518035673,21.41829206852498],[-158.17847072976514,21.418124694424147],[-158.17842365421197,21.417916665213593],[-158.1784231659613,21.417573342168417],[-158.17847111062457,21.41741094962942],[-158.17848880495168,21.41726648050268],[-158.17855896362468,21.4170138471504],[-158.17856552595723,21.416919015083405],[-158.1785888188487,21.416851368585352],[-158.17861840436652,21.416521741978478],[-158.17868828463196,21.416318800633505],[-158.17869422162846,21.416120064910896],[-158.17862954329817,21.41560928583551],[-158.17858299949873,21.41530639316742],[-158.17854257671263,21.415202296234167],[-158.17854207978354,21.41507580872279],[-158.17851276352562,21.414926591824337],[-158.17844780008807,21.414682336798293],[-158.17840740570657,21.414573722711573],[-158.17835447713182,21.414334044816428],[-158.17834795044757,21.41420752592426],[-158.17827233584202,21.413927080521137],[-158.17817204424102,21.41374589649608],[-158.17808331895267,21.413438283150807],[-158.17770799380494,21.412623328773098],[-158.17766048818396,21.412492093316317],[-158.17760112812317,21.412324661591107],[-158.17748998664024,21.412143424835797],[-158.17737203952336,21.411885360275665],[-158.17731901327286,21.411663750612533],[-158.17732553524345,21.4113611180444],[-158.17735531170499,21.411212189186248],[-158.1774730340892,21.41086492435555],[-158.17754863935065,21.410716218551876],[-158.17759630536455,21.41060351550793],[-158.1777143451019,21.410414360678782],[-158.17777871726028,21.41033336036716],[-158.17790170667865,21.410121640651234],[-158.17800804083674,21.40986918469266],[-158.17806706687668,21.409666190152414],[-158.17809068714067,21.409539816321566],[-158.17813111667218,21.40942707940845],[-158.17811471344385,21.409341169182632],[-158.1779735852304,21.408915848095152],[-158.17801378730064,21.408843765446623],[-158.17800796833563,21.408590764786837],[-158.1779438603829,21.40840975806646],[-158.17791464688224,21.40824247154957],[-158.17791395690256,21.407935287068668],[-158.17797875728374,21.40777749344693],[-158.17799119549514,21.407709793693805],[-158.17805586939423,21.407574584825298],[-158.17810820606167,21.407489009846028],[-158.1781909423895,21.40735840764888],[-158.17833771780815,21.40720552940314],[-158.17846153086657,21.407061574810754],[-158.17855622584847,21.40694909736806],[-158.17860841054505,21.4068906250516],[-158.17863202979785,21.40676425378413],[-158.1786737144847,21.40664248648665],[-158.17862613400771,21.406524802666933],[-158.17857352991066,21.40644323594391],[-158.17853185294248,21.406348166445703],[-158.17850942984842,21.40604539262225],[-158.17849079158444,21.40592785059956],[-158.17847325828134,21.405828383047076],[-158.1784329670518,21.405701701270946],[-158.17843257095137,21.405557141444493],[-158.17835032452965,21.40538508227453],[-158.17833871991917,21.405303712824058],[-158.1783091296311,21.40520418796001],[-158.17826237702067,21.40515426887229],[-158.17813317551307,21.40496842852808],[-158.17807951785784,21.40485975109777],[-158.1778857810359,21.40456969795597],[-158.17778640051935,21.404442730752763],[-158.17769787136126,21.404315812205144],[-158.17765122029624,21.404247826201757],[-158.17752774848964,21.404116221598922],[-158.1772918831924,21.403812412926875],[-158.17719860901133,21.4036719217584],[-158.17704476125868,21.40358082581485],[-158.1769504992665,21.40361650749392],[-158.17690995411155,21.403534996767977],[-158.17687420920177,21.4034580277698],[-158.17692772366334,21.40337697614432],[-158.17699819834235,21.403282452354542],[-158.17699777634672,21.40314241146684],[-158.17698614925283,21.40306556088777],[-158.17701064633246,21.402997918564502],[-158.17702210812521,21.40288955596004],[-158.17698643722923,21.402799035551634],[-158.17699782314696,21.402704227078846],[-158.17700425716194,21.402631978812263],[-158.17688684099045,21.4024958880345],[-158.17687516148612,21.402428071717377],[-158.17688056861186,21.402324197558073],[-158.17692209969178,21.402229532571052],[-158.17687510550044,21.402007954051776],[-158.17685756023891,21.40169617118964],[-158.17682794439128,21.401601161402066],[-158.17672856770403,21.4014741909155],[-158.17641648508211,21.401215186678456],[-158.1760107769006,21.400878930069727],[-158.17564674510803,21.40063773909386],[-158.1753761602658,21.400505420435668],[-158.1752812514304,21.400441715518756],[-158.17507051885258,21.400174165617514],[-158.17495287635583,21.40007872962238],[-158.17467044028703,21.399910213428296],[-158.17442354281556,21.399854803372122],[-158.17407581373863,21.39971758915082],[-158.17385328879354,21.399617124783862],[-158.1734595489388,21.399298992049832],[-158.17308859308983,21.399003557110234],[-158.17296535835288,21.39883129690194],[-158.1727894241006,21.39859553583824],[-158.1727297160111,21.398491346006338],[-158.17269523112537,21.39840534785453],[-158.17259490554898,21.398233200419764],[-158.17249530600213,21.398146884517544],[-158.17236530328208,21.398105594741857],[-158.17221821634394,21.39810035863321],[-158.17191870758145,21.39818019410154],[-158.17183068073203,21.398179761156666],[-158.17169459907555,21.398147468138667],[-158.1711893683264,21.397928144786622],[-158.1708834167433,21.397867909618473],[-158.1705130687116,21.397893186938703],[-158.17037208782222,21.397874420410556],[-158.17031923455565,21.39783802080255],[-158.17021858086122,21.39772459118708],[-158.1700308546685,21.397655903166516],[-158.16993082074507,21.397646375277038],[-158.16962541013967,21.397703591120482],[-158.16953161046305,21.397657955775816],[-158.16937874916118,21.397607508752568],[-158.1692434661983,21.397647495711574],[-158.16916049278294,21.397606429254953],[-158.16911382225706,21.397542956345905],[-158.1690661756321,21.397438823238904],[-158.16898391998313,21.397271275141865],[-158.16893119684823,21.39721228944916],[-158.16880848217576,21.397161991332336],[-158.1685781917103,21.39715633598817],[-158.16832586604497,21.39720929542488],[-158.16799590462225,21.397343181769095],[-158.167749529036,21.397409721625365],[-158.167526192058,21.397453787388198],[-158.16741422893253,21.397421610675405],[-158.16735534738498,21.397385182030074],[-158.16721369976884,21.397271547109618],[-158.16699711038953,21.397189162420702],[-158.16690790399426,21.39718420378841],[-158.16676179195125,21.3972196176772],[-158.166596797932,21.397182661447292],[-158.16655007939775,21.397128222134903],[-158.16650256275184,21.39700150089196],[-158.16639113885202,21.39687446555861],[-158.1663144529314,21.39678825277704],[-158.16614955908133,21.39673322577721],[-158.16589779704213,21.39668680105626],[-158.1655677566444,21.396621917418297],[-158.16549102008474,21.39654473853926],[-158.165309272771,21.396485109595037],[-158.16482134723316,21.396405888561997],[-158.16433360386532,21.396295046227568],[-158.16425063267067,21.396253975597276],[-158.16396290078686,21.39617123067258],[-158.1638511706434,21.396098393856292],[-158.16342759295682,21.395942692684017],[-158.16272247037622,21.39567717079194],[-158.16248112968836,21.395495269935424],[-158.16215199435882,21.395272273908514],[-158.16201014605835,21.395194769970427],[-158.16168719763027,21.39494469953851],[-158.16106423836555,21.394440156178945],[-158.16089373543267,21.39431281635716],[-158.16071758844043,21.394117687480865],[-158.16055906596483,21.39400396086334],[-158.16047043004207,21.393899615773496],[-158.1601826360205,21.39361809774936],[-158.1597759499004,21.393462474005748],[-158.1594703475771,21.393343495798216],[-158.15927665113026,21.39326573156118],[-158.15915299665048,21.39317024746995],[-158.1590941189307,21.393133814221066],[-158.15891184536565,21.392956721825826],[-158.15878934454574,21.392870279578744],[-158.15836602533545,21.39246159378775],[-158.15817164091897,21.39229347796763],[-158.15804203657896,21.392184410557245],[-158.15785465781286,21.392056984842778],[-158.15775976227343,21.391993266755982],[-158.15754811295946,21.391892824156248],[-158.1574245115403,21.391788306403722],[-158.1573371884637,21.391665898212437],[-158.15724257807082,21.39155248967519],[-158.1570960393931,21.39145237187938],[-158.15676125787053,21.39116610023154],[-158.15650790011463,21.390979617034112],[-158.156284635738,21.39080231936074],[-158.1561793560458,21.390657235803946],[-158.15585589572794,21.390289704299278],[-158.15572018628652,21.390194158910106],[-158.15561482981036,21.39006262458308],[-158.155220815816,21.389803158913644],[-158.15509124084588,21.38968957311134],[-158.15495589763663,21.389530785620956],[-158.1549032069686,21.389467278607125],[-158.1548264268965,21.38939913294263],[-158.15468587185475,21.38930807958473],[-158.1545033737214,21.389171642163767],[-158.15417968807031,21.38884476532375],[-158.1536744274089,21.388431146745614],[-158.15356909997894,21.38829509770053],[-158.15342136420742,21.388194972582166],[-158.15333378564458,21.388117737256554],[-158.15318138219337,21.38799048666654],[-158.15309896589326,21.387854549389846],[-158.15259260804558,21.387422856750494],[-158.15244046617306,21.38725043070134],[-158.1523699262933,21.387146177471454],[-158.15205266998842,21.386751570413278],[-158.15159916338172,21.386356278265485],[-158.15113585789112,21.38598804248119],[-158.15071252948047,21.385588383488145],[-158.15055910867517,21.385429504703975],[-158.1502355172556,21.385089073825743],[-158.15017687979423,21.385011983518663],[-158.15013627619683,21.384944019055226],[-158.149765638242,21.38460786712237],[-158.14952448849027,21.38439885663987],[-158.14884324269994,21.38377203009333],[-158.14867881752207,21.383640199146857],[-158.14829589274834,21.38334464152584],[-158.14815534757616,21.38325358657025],[-158.14811466694528,21.38319917300394],[-158.1480430822448,21.383067809237392],[-158.14796756767797,21.382990632490298],[-158.1478491715094,21.382822894707587],[-158.1477618083174,21.382709521493105],[-158.147443681114,21.38226069831428],[-158.14731435430477,21.38210645638003],[-158.14725564101664,21.382042918274234],[-158.14718510912638,21.381938672049227],[-158.14709177265004,21.381816244481733],[-158.14706199647634,21.381752855219215],[-158.14700236562018,21.381224033757608],[-158.14694918437846,21.381038559716266],[-158.1466560196593,21.380445346155966],[-158.1466558876818,21.380260134589527],[-158.146690354156,21.380138335069034],[-158.1466846923093,21.380075064762067],[-158.14664894054985,21.38000261234358],[-158.14649692265272,21.379812134475845],[-158.1464611186605,21.379748716255687],[-158.14643173799098,21.3796175683264],[-158.14643784424536,21.37939624776495],[-158.14640809500162,21.379328341276196],[-158.14634327612922,21.37927833079364],[-158.14607355001112,21.379218277443933],[-158.14599059456998,21.37917721535486],[-158.14572587504446,21.379085564374947],[-158.14556722491537,21.37899895231592],[-158.14534936830967,21.378934635654183],[-158.1451609991308,21.37877560126404],[-158.14510834267287,21.378707581472455],[-158.1450314939528,21.378652995573503],[-158.14489662006736,21.37862522648903],[-158.1448317233075,21.378588766795005],[-158.14463753673044,21.378393564191054],[-158.14450881991968,21.37834323813175],[-158.14444403128803,21.378288709844394],[-158.14433190739894,21.378080360893495],[-158.1440440210868,21.377825968205634],[-158.1436906150257,21.377435734060384],[-158.14356176799834,21.3774079928854],[-158.14348458081534,21.377412128822062],[-158.14327922561597,21.3774788754002],[-158.14315016926392,21.377487272642433],[-158.14293831713462,21.37742749903364],[-158.14287355385815,21.377368454849222],[-158.14270901679123,21.377051428594015],[-158.14254421635874,21.376779573330953],[-158.14182098655758,21.37592222290536],[-158.14175619902804,21.375867693628745],[-158.14147931010444,21.375382968758874],[-158.14128555372534,21.375115486861095],[-158.14117286336017,21.37479871723891],[-158.14114364538733,21.37464046580848],[-158.14114933749852,21.37449142210722],[-158.14120276009177,21.374220647893384],[-158.14132044310284,21.374094744489327],[-158.14140198496622,21.373964145177293],[-158.141443791329,21.373824315278526],[-158.14142529920687,21.373480906084176],[-158.14151331361785,21.373273544751065],[-158.14149005053264,21.372921077538344],[-158.14143169355003,21.372591025174355],[-158.14136011966758,21.372459667798914],[-158.14123151552198,21.372391270945155],[-158.14116672971272,21.372336743284635],[-158.14112527048923,21.37221005173932],[-158.14112571837646,21.372133260776998],[-158.14110800285846,21.37206993042451],[-158.14106014867494,21.372006451255594],[-158.14090135176613,21.37194693956434],[-158.14077248375366,21.37192371352373],[-158.1404372998503,21.37192657234983],[-158.14023208400127,21.371970728078125],[-158.14009668773494,21.372033302143254],[-158.13989621403726,21.37209103168955],[-158.13968454839716,21.372207433281275],[-158.13927909343946,21.37226866463441],[-158.1392140707892,21.37225479026364],[-158.1391734492009,21.37219134767281],[-158.13912025529277,21.372010390318085],[-158.13901508673467,21.371851761614234],[-158.1389359647173,21.371774569720788],[-158.1388185280551,21.371652012336007],[-158.1387657713648,21.371602057325944],[-158.13868879856503,21.37157005064067],[-158.1386359636371,21.37153364874205],[-158.13857120371912,21.3714745975759],[-158.13846553402794,21.37140179188533],[-158.13839477353565,21.371338194411674],[-158.13834212284556,21.371270167211094],[-158.13827120482816,21.371233674175425],[-158.13818954011796,21.371179056938644],[-158.13810675206005,21.371110882150585],[-158.13803614955728,21.37102017824058],[-158.13796567934813,21.370906888741125],[-158.13791903062778,21.370843409487545],[-158.1379061929666,21.37077106396729],[-158.13797664449228,21.370681062769126],[-158.13800720787532,21.370608932916973],[-158.13804135968988,21.370541338733993],[-158.13805397105787,21.370446530438144],[-158.13809420373912,21.37036993116387],[-158.13813585347953,21.37025719935831],[-158.1381470740827,21.37019400826339],[-158.13815952671652,21.370126306244167],[-158.13820020865506,21.36997290878661],[-158.1381655632934,21.369918525725716],[-158.1381005682405,21.369900132038296],[-158.1380006351462,21.36987704707988],[-158.13790660079158,21.36987657860192],[-158.1378294420213,21.369876194945828],[-158.13775973040165,21.369839707907474],[-158.1377710549919,21.3697584465713],[-158.13782454925976,21.36968191366855],[-158.13785382754747,21.369623330784446],[-158.1378472550736,21.369510355869707],[-158.13787661265306,21.369438219833086],[-158.13789396514164,21.369356989441677],[-158.13787145537876,21.36928911329043],[-158.137800800956,21.36920744532932],[-158.1377238825078,21.369166404015736],[-158.13764798358486,21.369156990454112],[-158.137570851648,21.369152089579046],[-158.13747060360282,21.36918321420254],[-158.13736542823918,21.369232385147356],[-158.13729510842256,21.369299798741245],[-158.13722360940343,21.369362688993945],[-158.13715947529482,21.369403029024326],[-158.13707725809292,21.36944327787446],[-158.1369895403441,21.36939314621365],[-158.13698891711178,21.369293756323284],[-158.13694824436158,21.369239342035183],[-158.13685428794176,21.369225319828914],[-158.13676022658035,21.369229369636518],[-158.1366949936998,21.369251633038896],[-158.136630938955,21.369278419722825],[-158.13655378245292,21.36927803550086],[-158.13645355869144,21.3693046414815],[-158.13634165265626,21.369267943117542],[-158.13628887117915,21.369222502676447],[-158.13621929274328,21.36916342765592],[-158.13616535873234,21.369108946751744],[-158.13611273731684,21.369036401789444],[-158.13605392799874,21.36899093206212],[-158.13579588186047,21.36899867979037],[-158.1326625922447,21.371851749486833],[-158.13138295985897,21.37315536327634],[-158.13010769560532,21.374327987348053],[-158.12937281779855,21.375047065799837],[-158.1289027119037,21.375437710019188],[-158.1284142490643,21.375670153286872],[-158.12755056712422,21.376149158729692],[-158.12748007894552,21.37624366685886],[-158.12712160689165,21.37691945574749],[-158.12677508011248,21.377206815554516],[-158.1260566519019,21.377587164173864],[-158.12599240494276,21.377645564440286],[-158.12592754105827,21.377807859653732],[-158.125569005081,21.378289399807592],[-158.12508767875408,21.37873869724548],[-158.12464602939858,21.379206264597208],[-158.1242405772775,21.37946621702378],[-158.1235709720233,21.37994617924676],[-158.12332426409125,21.380071414423735],[-158.12241895915582,21.380649558951834],[-158.12130697081446,21.381312492162756],[-158.12110141420447,21.381410832459558],[-158.120995182029,21.381432880146175],[-158.11998472863158,21.381445835606307],[-158.11979072367282,21.381426783350683],[-158.11900819601433,21.38143185250899],[-158.11840260402937,21.38148750567258],[-158.11824438933732,21.381531875419476],[-158.11774377060001,21.381574505380527],[-158.11762038636755,21.38164163838228],[-158.1175443482231,21.381654802786898],[-158.11727352248366,21.38177991098689],[-158.11692115762597,21.38203108449033],[-158.1166744841375,21.381948519301115],[-158.1164208459984,21.38182074665213],[-158.116345241581,21.381761639026408],[-158.11573332259863,21.381464906685544],[-158.1154919621757,21.381301055985396],[-158.1153211921448,21.381227910785856],[-158.11482749693386,21.38112149932052],[-158.11468649030172,21.381111746198904],[-158.1143689927763,21.38117788764793],[-158.11415148774591,21.381258089149167],[-158.1135286405209,21.38157563419537],[-158.112523008429,21.382189358545777],[-158.1118822066202,21.382484217960627],[-158.11169382414803,21.38253294527847],[-158.11080585196197,21.382627779177092],[-158.11061267156637,21.382671961713612],[-158.10995920424287,21.382867370385586],[-158.10941284779224,21.383094946619938],[-158.10915428683842,21.38318396517184],[-158.10884212940405,21.383363051071107],[-158.1087839027572,21.38342147641228],[-158.10856598013586,21.383768180328804],[-158.10824853589492,21.3842227879622],[-158.1081247347153,21.384357667958863],[-158.1076847167175,21.38454512877853],[-158.10761328104877,21.384594449894017],[-158.10737880355285,21.38488686288185],[-158.1071968279021,21.38507113097113],[-158.10711404601844,21.385201704019764],[-158.10691357354585,21.385453635127664],[-158.1067792495343,21.385534253278603],[-158.1066197138948,21.385596671816458],[-158.1060680255789,21.385905517142966],[-158.10554431389173,21.386173848526973],[-158.10525587591812,21.386416290278405],[-158.10500914119103,21.386740252952578],[-158.10475067619274,21.387208707850334],[-158.10452682247467,21.38753730542503],[-158.1043922193704,21.387663092152785],[-158.10425660087188,21.387757251070592],[-158.1039446764659,21.3878956727565],[-158.10389847504,21.387958674093074],[-158.1038860049486,21.388026367411424],[-158.104004458345,21.388374801769835],[-158.1040216616602,21.388718196091972],[-158.10389781669915,21.389255100348674],[-158.10389192069792,21.389431239960803],[-158.10390956683025,21.3895036059495],[-158.10426283354164,21.390101699329087],[-158.1043386518309,21.39032343295565],[-158.10436829669388,21.390603650918685],[-158.10433365719248,21.390748020200384],[-158.1042398278909,21.390910154836938],[-158.10407466450533,21.391103540567034],[-158.10393931574387,21.391351285570178],[-158.1039276658992,21.39148222232931],[-158.10396849128816,21.391708291755986],[-158.10391556791103,21.392082944380693],[-158.10392845998834,21.39273800096558],[-158.10405694162253,21.39342075843051],[-158.10420392827953,21.393638342419198],[-158.1044691359976,21.39384750334636],[-158.10449892327932,21.393906380668742],[-158.1044394563695,21.393969314838376],[-158.1035510758916,21.394317058479675],[-158.10341054767815,21.394424743618224],[-158.10331714866786,21.394713357987293],[-158.10326962876692,21.39479442079736],[-158.1031871966706,21.394866269706984],[-158.10297530603003,21.395009722172897],[-158.10276971857627,21.395108035138527],[-158.10244675846184,21.395273495782966],[-158.10212302744935,21.395565433340916],[-158.10198794686994,21.395768004020898],[-158.1019469436104,21.395966546777565],[-158.10195268906105,21.396210502878542],[-158.10192889602737,21.39635492954821],[-158.1018461323468,21.396480980585878],[-158.10177600406632,21.39651223620604],[-158.1016289806317,21.396497922278883],[-158.1015876262403,21.396556429764985],[-158.10123490725013,21.397051444433792],[-158.10110530425416,21.39714561094289],[-158.10092399185206,21.39721692854373],[-158.10078836135366,21.39731106338024],[-158.10075305932253,21.397365073246046],[-158.1006585465097,21.397635553228426],[-158.10040638410143,21.398442633043167],[-158.1004114386116,21.39860072421705],[-158.10054689791474,21.39892659175766],[-158.1005474921821,21.399025951660487],[-158.10042344457813,21.399196918069606],[-158.1003411163303,21.399250682732085],[-158.0999711112577,21.399415853211252],[-158.09992360989813,21.399492379760098],[-158.0999005702541,21.39970903464631],[-158.09985310771802,21.399975238553626],[-158.09986469422503,21.40005207326151],[-158.09988862501808,21.400278003851255],[-158.0998591280264,21.400368173198242],[-158.09948875718044,21.400592046033704],[-158.09882971325294,21.40069698995256],[-158.09870677622484,21.400687316400816],[-158.09844741353731,21.400704025037886],[-158.09837730931895,21.40073075484413],[-158.09831309487876,21.400780095053406],[-158.09827779107525,21.400834104314658],[-158.09807128273474,21.40146979263079],[-158.0980074348651,21.401654619846795],[-158.09810089612262,21.40233703857475],[-158.0980951804214,21.402481523761733],[-158.0978950239139,21.40286885699127],[-158.0978074219832,21.402994848974835],[-158.09779458354268,21.403121230631854],[-158.09786578965605,21.40330676462592],[-158.09785976689926,21.403500924625693],[-158.09773658075633,21.403726081656558],[-158.09772396580968,21.40381633777988],[-158.09773655941976,21.40392479113251],[-158.09788977543022,21.40449913681596],[-158.09790748025713,21.404756647131407],[-158.09810670835728,21.405105432895635],[-158.09825988805866,21.405295914096225],[-158.09831917632914,21.405458805043363],[-158.09830145810994,21.405594194849545],[-158.09810120866646,21.405800881372727],[-158.09798890249021,21.406021579827755],[-158.09796605260382,21.40620661844693],[-158.0979715239561,21.40629697008159],[-158.0981534283238,21.406717923211296],[-158.09827764450478,21.407106961728168],[-158.09851917630053,21.408417901888466],[-158.0986890605708,21.409028470352514],[-158.09877174414746,21.409308905041808],[-158.09854780865066,21.410030299769385],[-158.09853586927255,21.410206364488722],[-158.0985710143784,21.410373646265388],[-158.09911812851547,21.411022338786985],[-158.0992775951229,21.411172212668223],[-158.09941232346432,21.4112271177258],[-158.09969529568625,21.411296352624433],[-158.09981240847344,21.411274390334068],[-158.0999365069321,21.411293109372593],[-158.10004190317983,21.411411086259257],[-158.10008307991654,21.411578400144865],[-158.1000123477052,21.412097381826616],[-158.1000354631145,21.412260085140066],[-158.10019488776,21.412613186457545],[-158.1002884201942,21.412699488191294],[-158.1005301724173,21.412804636191538],[-158.10118846393567,21.41322359817636],[-158.10131803676288,21.413332671395917],[-158.10105928218363,21.413638402068354],[-158.1007892840828,21.414007300008386],[-158.10041891170408,21.414420826946294],[-158.10034738039187,21.414677868636048],[-158.1002592743598,21.41488514482881],[-158.0999003453911,21.415398083004703],[-158.09973046126711,21.415762988702834],[-158.09969549650057,21.415956996657947],[-158.09968317473664,21.41639047770681],[-158.09960090613814,21.416823590097984],[-158.09954204564423,21.416981341091304],[-158.09939458998358,21.417228943403593],[-158.09918916453026,21.417489787284115],[-158.09911829982084,21.417638440985275],[-158.09909480069336,21.41773315572194],[-158.09907209565333,21.41808980661245],[-158.09908400415003,21.41850535259999],[-158.09912484719092,21.418726858425995],[-158.09907220822527,21.418853029545193],[-158.09890699612865,21.419046342205696],[-158.09867811610115,21.419198670142748],[-158.09850153886453,21.4192790186467],[-158.097989028562,21.419465962128484],[-158.0979127723685,21.419510716196562],[-158.09781873219643,21.41950569805971],[-158.09767737971384,21.419545589702],[-158.0975902426242,21.419594800395934],[-158.09756079539656,21.419675933066824],[-158.09754786955128,21.41981586188402],[-158.09758935783623,21.4201276917007],[-158.09755385272896,21.420213307110902],[-158.09748954411415,21.420276188646696],[-158.09720740027373,21.42045983696523],[-158.0970078512211,21.4205490727103],[-158.09687819192257,21.420647719352317],[-158.09648958371932,21.420884957107102],[-158.09609533232245,21.42105893915148],[-158.09603110614088,21.421108265370034],[-158.09578356720425,21.421156595025323],[-158.09558393103288,21.421259378286255],[-158.09533684094376,21.421429646538783],[-158.0950491401146,21.42173065901188],[-158.09479001807495,21.421896367716716],[-158.0946963500666,21.42202689056616],[-158.09453170123433,21.4223242052061],[-158.09450761886092,21.42251384546772],[-158.09440753005688,21.422707590227603],[-158.09426710197658,21.422792671932278],[-158.0941256349181,21.42285063757892],[-158.0937430555975,21.423088020448212],[-158.09359631972708,21.423218251895058],[-158.09351325115765,21.423389493210834],[-158.0934256102333,21.4235200460725],[-158.0933312416678,21.423763520884965],[-158.09308985751352,21.424182402280778],[-158.09289675844727,21.424398223795592],[-158.0928143861076,21.424456510072783],[-158.0926841696963,21.424645566077128],[-158.09255543721196,21.424789445567193],[-158.0924312224551,21.42498305104092],[-158.09237841519973,21.425136383319227],[-158.0923960311332,21.425213290683168],[-158.0925605954592,21.42551691998584],[-158.09257824136796,21.425589310315235],[-158.09257271920106,21.425702238773045],[-158.09245523829236,21.425977209787096],[-158.09240169933997,21.42605372617617],[-158.0922016397484,21.426224321884412],[-158.091890791486,21.426367197383623],[-158.09140770557977,21.426667264543873],[-158.09115502596265,21.426765275159674],[-158.09099639041244,21.426868322009526],[-158.0908605867755,21.426985047776054],[-158.09061410731806,21.427250266460074],[-158.09057837801635,21.4273720615082],[-158.0906201703942,21.427440065937315],[-158.09067312903485,21.42765271493649],[-158.0906493204041,21.427797166011306],[-158.09058444858377,21.42795042846966],[-158.09055531181852,21.428176179623545],[-158.0905609830282,21.428429231862],[-158.09066097861813,21.428642141677695],[-158.09070198984887,21.428836651662234],[-158.09069016257934,21.42918901021803],[-158.0906381661702,21.429405597463624],[-158.09064950409072,21.429717418163342],[-158.0907312974664,21.429948301411603],[-158.09073775528697,21.43026913084905],[-158.0907735759749,21.4303280666655],[-158.09077904678483,21.43041846153813],[-158.09082572035837,21.430477458072602],[-158.09094341917285,21.430753723244404],[-158.0909727899956,21.430880395176047],[-158.09095534523124,21.430970663844768],[-158.0908556074826,21.43110565932401],[-158.09058505498064,21.431361698136236],[-158.09050884722961,21.431397421661572],[-158.0904493567869,21.431460348024615],[-158.0903785094854,21.431604538060487],[-158.09032597968553,21.431906968378133],[-158.09039714366807,21.432101645784392],[-158.09039652970876,21.43220104374765],[-158.09036172306455,21.432368026220693],[-158.09036677982536,21.432720474484128],[-158.09047925873332,21.432865683758465],[-158.09054952319937,21.43301065647049],[-158.09057362175315,21.43320959354431],[-158.09059074697606,21.433950678115462],[-158.09066166123446,21.43418602124591],[-158.09067277074783,21.43433970337872],[-158.090649380625,21.434416382737233],[-158.09066702454587,21.43448877318616],[-158.09084396385103,21.434742778750103],[-158.0911264308894,21.435096774518087],[-158.09146106840242,21.43540136041617],[-158.0916726224601,21.43552001430814],[-158.09206711510652,21.435702940200446],[-158.09223146338954,21.435848441367607],[-158.09229637085855,21.435884948708395],[-158.0927024318871,21.436343557505104],[-158.09303797643247,21.43669785408518],[-158.09320835555198,21.436843387910603],[-158.0933442045068,21.43691643813152],[-158.09422018711487,21.43726018971921],[-158.0943969631607,21.43734702107606],[-158.0949314992931,21.43770694807045],[-158.09524406948316,21.43787586689898],[-158.0954847986579,21.43795853639881],[-158.09614367409654,21.438106790694693],[-158.0964493991449,21.438212413657435],[-158.09688461045678,21.438445271545827],[-158.09716666934054,21.43867276184086],[-158.09770212451178,21.439276542278513],[-158.0981556618969,21.439667495743645],[-158.09837908965088,21.43981776963003],[-158.09856080160003,21.43988649317137],[-158.09878543629358,21.44003677122572],[-158.09883806375413,21.440109340194592],[-158.09893140899712,21.440426113674786],[-158.09893172925035,21.440570704800525],[-158.0989083552943,21.44084168727116],[-158.09875004481788,21.44128366648104],[-158.0986847334969,21.44150924591829],[-158.09873178927882,21.44170378300052],[-158.09874389167143,21.441893618324855],[-158.0987147378528,21.442123904170575],[-158.09864344868888,21.442340417020397],[-158.09833235701907,21.442912639668798],[-158.0981200283826,21.443114864429358],[-158.0980207076874,21.443182124831953],[-158.097850345034,21.443425235336278],[-158.09769125536974,21.44360062892888],[-158.09762007699072,21.44379906952811],[-158.09764407326273,21.444016079236874],[-158.0976381109868,21.44420130360766],[-158.09757361357364,21.444490148941053],[-158.09746704049363,21.444756185109533],[-158.09746165973542,21.444846524851553],[-158.09751407776557,21.445149532157323],[-158.09752073129295,21.445637558201582],[-158.0975442699301,21.44612567164951],[-158.0975148759264,21.446197815016713],[-158.09752655089724,21.446261132836057],[-158.09745571528666,21.446599648999122],[-158.09728580315019,21.446964735592907],[-158.09719680165932,21.447117841167177],[-158.09663173788675,21.4483749897084],[-158.09622646461077,21.44914968977229],[-158.0962030430926,21.44923087052925],[-158.09615563784416,21.449289328675572],[-158.0960618678544,21.449627599062655],[-158.09604361239383,21.449848845353728],[-158.09596168147223,21.45022332055896],[-158.09584392744927,21.450538871729698],[-158.09563825933205,21.45102558563424],[-158.0956145288053,21.45115645525685],[-158.0956143941264,21.45137328400811],[-158.09573811898335,21.451848295007856],[-158.09575641455407,21.452011020944227],[-158.09592090675176,21.45272115926383],[-158.09586780789616,21.45291962411181],[-158.09579105695164,21.453041160249228],[-158.0957146161388,21.45311300918503],[-158.09559130126124,21.453351734485533],[-158.0955026883847,21.45363582796637],[-158.09547980553847,21.454019672447796],[-158.095525956921,21.45416448389964],[-158.0957791979929,21.454373698301566],[-158.0963847619567,21.454765572590365],[-158.0964446865691,21.45482915099864],[-158.0966679657886,21.455006573103805],[-158.09713301445757,21.455298278606428],[-158.0975797124301,21.45563041823527],[-158.09772124253598,21.45576215951867],[-158.0981211191137,21.456057876294967],[-158.09817380348633,21.456121393401215],[-158.0983970556263,21.456303254425478],[-158.09865607895966,21.45655306178583],[-158.09877943303326,21.45669826121639],[-158.0989150457221,21.45681190279523],[-158.09914466443797,21.45693958933094],[-158.09944467693762,21.45719413068559],[-158.0996854405666,21.457470948472743],[-158.10026245322538,21.457799216502156],[-158.10035088508502,21.457935199903357],[-158.10039114659997,21.45805737996151],[-158.1005153506108,21.458261312262387],[-158.10066804949423,21.45834342416582],[-158.1009271225031,21.458389954028654],[-158.1012916280623,21.458554485472717],[-158.10138648250492,21.45862726068176],[-158.1015685317269,21.458840530963695],[-158.10166285862047,21.458999133925182],[-158.10177432049346,21.459117169798176],[-158.10190418476705,21.459185610110364],[-158.10212134646372,21.45918222791527],[-158.10218623720368,21.45922322348426],[-158.10232132639982,21.459422696671883],[-158.10244461762102,21.45977570287436],[-158.10252707533172,21.459902622409217],[-158.10260383431975,21.4599753034921],[-158.10311600189746,21.46065108415231],[-158.10355676420883,21.461168380638334],[-158.10358650648234,21.461236299380996],[-158.10359854385496,21.461633900128216],[-158.10352706676568,21.46207623763672],[-158.1035152531558,21.462428539729554],[-158.10336909706177,21.463638455143343],[-158.1033628724581,21.46406306450958],[-158.1034213734111,21.464555774733793],[-158.10353407578742,21.465062323335385],[-158.1036048643362,21.465518961986835],[-158.1035804338545,21.465961544183717],[-158.1035922061308,21.46620555058093],[-158.10368066053715,21.466928812967147],[-158.10379234065812,21.467209484862625],[-158.10399811713566,21.46749065452431],[-158.10416940884969,21.467690327509676],[-158.09553212874337,21.475390392499033],[-158.08544132598846,21.484221977731064],[-158.08454120900922,21.4857659725842],[-158.0815221349668,21.487338719519553],[-158.0803925363373,21.487951081879817],[-158.07487880102724,21.487703216640625],[-158.07030103669908,21.487510141261914],[-158.05821039731651,21.482928709666336],[-158.05564548421543,21.482335661032863],[-158.05382178303483,21.482243724831786],[-158.051490949249,21.48128156132702],[-158.05017393568747,21.478414636267072],[-158.05005131670447,21.478346159366495],[-158.04983756335847,21.478191326659356],[-158.04948565370435,21.477945337085128],[-158.04742230462378,21.476496749743827],[-158.04580736846864,21.476410691512612],[-158.0447918906676,21.476350671882745],[-158.04448518877217,21.47638956775834],[-158.04421514587108,21.476541599402722],[-158.0438208105031,21.47669743594669],[-158.04373750647835,21.476705990968394],[-158.04349624500406,21.476700090056635],[-158.042679572025,21.47649665477171],[-158.0425115062568,21.473970667559133],[-158.02620415373352,21.478424919469983],[-158.02607955716348,21.478473881573933],[-158.02425024866298,21.479596986073442],[-158.02337824785025,21.480093282820146],[-158.02224862970675,21.480502241708965],[-158.02129313923132,21.480853507491407],[-158.0201576712993,21.481235333167668],[-158.01363958015205,21.483460093434157],[-158.0127218489395,21.48375280969797],[-158.0085967169861,21.485178396642965],[-158.0075205793115,21.485519830637482],[-158.00354921598606,21.487384358282817],[-157.99936609424603,21.48932431250214],[-157.99617569984034,21.485307570860275],[-157.99611880927344,21.48533433326658],[-157.9913815458627,21.48783990850309],[-157.98944467564812,21.488063102189706],[-157.98815062760087,21.48727833901164],[-157.98612641131766,21.487744890214536],[-157.98586138026684,21.487336744608992],[-157.98389082398208,21.48719830439735],[-157.98376658527803,21.487193031883464],[-157.9831314127803,21.48744212679033],[-157.98277229458782,21.487552868930525],[-157.98221914822935,21.487630811189604],[-157.98180214941817,21.487736682531985],[-157.98100709008287,21.487727322859424],[-157.98035487112818,21.48765107188275],[-157.97991842956802,21.48760323971633],[-157.97958365153517,21.487510856883247],[-157.97900128540297,21.487453097150148],[-157.97876522003796,21.487392933224175],[-157.97871851261866,21.48734296039767],[-157.9783830721275,21.487345427069616],[-157.97751817187583,21.487489203928106],[-157.97683615632928,21.487706368634026],[-157.976323875941,21.487978775637714],[-157.97605320699444,21.488035839636904],[-157.97591798305518,21.48804856208456],[-157.9754177252174,21.48798225894395],[-157.97508193090135,21.48786275693603],[-157.97482907041794,21.487788933379715],[-157.97439999562712,21.487723063914814],[-157.97391113810176,21.487751683909725],[-157.9736821554111,21.487714143299474],[-157.97346428394016,21.487640532595087],[-157.97259972347726,21.487219651880483],[-157.9725045686179,21.487196481695474],[-157.97221024540838,21.48718563951015],[-157.97210511849545,21.4872075780485],[-157.97189331489653,21.48730113359741],[-157.9715050410146,21.487438774027336],[-157.97141052044918,21.48749691542009],[-157.9708635909187,21.487719402088377],[-157.9707451600376,21.487745774842306],[-157.97053999098347,21.487753546885653],[-157.97022197963503,21.487679313257956],[-157.9701100598828,21.487637970297573],[-157.9695333183581,21.487295636126916],[-157.96932145057863,21.48722657415284],[-157.96899845597449,21.487174894446504],[-157.96879185751783,21.48721427472011],[-157.96859821135916,21.487298903112556],[-157.96837983089853,21.487469205650484],[-157.96817456046475,21.48766217124044],[-157.96786267322776,21.487917719101976],[-157.9676266054713,21.488029189133538],[-157.96741505296848,21.48808660332454],[-157.96683877879033,21.48819145351821],[-157.96626195785132,21.488544735385002],[-157.96561423570054,21.48885692308727],[-157.9653504177157,21.48896821709344],[-157.96502055086688,21.48920557903703],[-157.9647145569196,21.489479225254698],[-157.96453255734644,21.489622643037183],[-157.96440294562453,21.489694113904044],[-157.964014188811,21.489727842016723],[-157.9637850453688,21.489712870114378],[-157.96336129911484,21.48974637971413],[-157.96325493267474,21.489772822799182],[-157.96264331896327,21.489755475833338],[-157.96224960658984,21.4898072371191],[-157.96213679187676,21.489892361549536],[-157.96198462937303,21.490081133736062],[-157.961760129517,21.49043207157408],[-157.96166002028116,21.4904269324835],[-157.96136065136267,21.49027600855276],[-157.9612606374633,21.490257318774262],[-157.96099615055195,21.490291812276816],[-157.96085466662416,21.49033610258676],[-157.96034864751763,21.490400712776825],[-157.9602542171194,21.4904452953332],[-157.96013047781497,21.490539384392363],[-157.96005379318274,21.4906337662248],[-157.96000723683656,21.49073285165569],[-157.9599485395843,21.49101254474163],[-157.95977797459884,21.491413501621594],[-157.95962460093057,21.491602264829798],[-157.95951895837644,21.49169646515547],[-157.95942449477684,21.491745564004415],[-157.95931225319256,21.491749381943748],[-157.95898319017886,21.491702163697656],[-157.95876601157116,21.491700810407032],[-157.9586656766831,21.491727287170942],[-157.95827129802797,21.4917022454955],[-157.95808288353797,21.49172817271972],[-157.95788913109155,21.49182634041345],[-157.95763611017378,21.492113855267966],[-157.9569996169794,21.492200226942607],[-157.95630548321287,21.49241723026506],[-157.95615894230534,21.492493105743574],[-157.9560581553738,21.492582816196578],[-157.95599356382766,21.49267275366527],[-157.95577052639788,21.492815907689078],[-157.95562300585019,21.492860157493656],[-157.95529943801378,21.49305688560116],[-157.95519427351323,21.493083330022493],[-157.95488241725076,21.49332981849712],[-157.95457596409923,21.493495034946154],[-157.95379924571887,21.493616652679783],[-157.95361021451225,21.4937283948802],[-157.95333451681373,21.493979625585776],[-157.95309839856617,21.49409559007666],[-157.95291004594122,21.494112476796165],[-157.95271020859394,21.49404798613888],[-157.95224511647436,21.493787599865907],[-157.9520283881034,21.493723002484483],[-157.95193427765173,21.493722413938908],[-157.95173895334017,21.49387025051237],[-157.95160365805594,21.493891986567583],[-157.9515047526763,21.493886850683875],[-157.951398024388,21.493962971690245],[-157.95126310266093,21.494269284577616],[-157.95109164915635,21.494453408005565],[-157.95096809408827,21.494520389059048],[-157.95033367672215,21.494651916951053],[-157.94998628368361,21.494636184704255],[-157.94988039882355,21.49459486616377],[-157.94970916513228,21.494580238741055],[-157.94960396625333,21.494611196349044],[-157.94934485928937,21.494903179267908],[-157.9492322280394,21.49496119098303],[-157.9489149337359,21.49495467979565],[-157.9487202214093,21.495016694422965],[-157.9482964905231,21.49504564822974],[-157.94820247578423,21.49503150535184],[-157.9479969343583,21.494921801384425],[-157.94709119338384,21.49486189321412],[-157.9466382757412,21.494922277844935],[-157.94642611654166,21.494893837109807],[-157.94618418273544,21.494811004333716],[-157.9456792152762,21.494559379862146],[-157.94548427420392,21.494485875750325],[-157.94537291160538,21.49453485974261],[-157.94527870220998,21.494547815985218],[-157.945172165732,21.494596832114755],[-157.94487241749331,21.494667212081243],[-157.94465461651507,21.494751659268257],[-157.9443541508369,21.494921410345007],[-157.94404820581607,21.495014332800185],[-157.94372478158473,21.495188454571775],[-157.94342489914703,21.495276899897775],[-157.94277798406938,21.495299908240536],[-157.9426776432713,21.49532637516511],[-157.94248364503397,21.495456141814476],[-157.9422306872438,21.495730081370112],[-157.94184780679976,21.4961161223827],[-157.94151227923996,21.496294679996197],[-157.94121750821077,21.49667676069962],[-157.940893982214,21.49669729479148],[-157.94059423146012,21.496600535494178],[-157.94038797147118,21.496590193322113],[-157.94027050929807,21.496648170880135],[-157.94016426420816,21.49665653082957],[-157.93947563196775,21.496774120033304],[-157.9392413586406,21.49679973449817],[-157.9389111149983,21.496747950265657],[-157.9386815070313,21.49679617851524],[-157.9384931818092,21.496808532879335],[-157.93789860189545,21.496768617693444],[-157.9375819611793,21.496671745666028],[-157.93738757040327,21.496688577195563],[-157.93727516302246,21.49671496494902],[-157.9369640529153,21.496853013826577],[-157.9368129364331,21.496892704979608],[-157.93664247987252,21.49693679167547],[-157.93650704873346,21.496976582390747],[-157.93592433575813,21.496963836723232],[-157.93527069023193,21.497081630365855],[-157.9346060614506,21.49705029092164],[-157.93397655737058,21.497001105065745],[-157.9335641716339,21.496962337041047],[-157.9331406296042,21.49696414868624],[-157.93287088374956,21.496890152217112],[-157.9326322115819,21.496857008507398],[-157.93144427655767,21.49661001035192],[-157.93110833685628,21.496513002758675],[-157.930925828166,21.496389873703237],[-157.93083844167535,21.49629445606188],[-157.93060881419055,21.496180059962647],[-157.93009104580204,21.496032199531815],[-157.92964410243505,21.495934478097805],[-157.92943207829782,21.495887947887184],[-157.92887252666412,21.495843708269685],[-157.9285437125777,21.49592742401735],[-157.92821332763535,21.49606081486536],[-157.92801341685487,21.49617245836943],[-157.9278189749641,21.496360926220103],[-157.9275839542824,21.49665302647481],[-157.92746059964227,21.496855501132],[-157.92696206631507,21.497046533072588],[-157.92625631234185,21.497358189015706],[-157.9258677616232,21.49736020798716],[-157.92562037937648,21.49736313406274],[-157.92533268342402,21.49743355591849],[-157.92508574534835,21.49754037622976],[-157.92476778287372,21.497624152336563],[-157.92451443375276,21.49761800440528],[-157.92442055409273,21.497585781146174],[-157.92406745873976,21.497524784789547],[-157.9238671327873,21.497528013146376],[-157.92366057555626,21.497558301130674],[-157.92292577977315,21.497716176720132],[-157.9224964366738,21.497686305993632],[-157.9222845106016,21.49762621823775],[-157.9219846054742,21.497552007948947],[-157.92182533839198,21.497550978238312],[-157.9212369032832,21.49766009887289],[-157.92071348831013,21.49778770809926],[-157.92051899506976,21.497818068300084],[-157.91965994029047,21.497645377804925],[-157.91914761173598,21.497578820626735],[-157.91839477217354,21.497402293984283],[-157.91812453311704,21.497396025210726],[-157.9178066363772,21.497470751718396],[-157.9174350131193,21.497630952652003],[-157.9173415730108,21.4977026184877],[-157.91719990126276,21.49776945466379],[-157.91671761397686,21.498208992786445],[-157.91638188404474,21.498410077591878],[-157.91613510476088,21.498494296968307],[-157.9157817122036,21.498473932060843],[-157.91479935182875,21.498332034958345],[-157.91455733392888,21.498262704442865],[-157.914245801899,21.498292295787564],[-157.9139336642757,21.498403188789908],[-157.91311577044783,21.4985378910354],[-157.9127044923634,21.498512625102723],[-157.91250369832625,21.498579070521963],[-157.91239222277693,21.49864158213504],[-157.9122986098095,21.498735830499683],[-157.91223278269047,21.498825740991006],[-157.9121331366032,21.49891994725374],[-157.91205061961014,21.498982649027585],[-157.91196227024383,21.49901820740884],[-157.91187415502787,21.499022150373033],[-157.9118040723439,21.499035244684322],[-157.9116737286074,21.499038910619372],[-157.91157365028027,21.499029224606332],[-157.9114857693591,21.499001548387042],[-157.91136786122053,21.49895560859884],[-157.91121513032738,21.49888685696517],[-157.91115017463852,21.49885933000601],[-157.91108046276744,21.49882273991027],[-157.91095665553087,21.49875869355813],[-157.91085667642557,21.498735455094817],[-157.91078531997036,21.498757574587408],[-157.91065102040545,21.498806385303773],[-157.91053233712242,21.49886433167638],[-157.91037997229574,21.498908505575407],[-157.91019754180385,21.498938934114378],[-157.9096386583422,21.49896689915789],[-157.90932022149232,21.498951267505564],[-157.90872607654399,21.4990151357706],[-157.9083853146198,21.49908066163961],[-157.90818488887982,21.49909741858807],[-157.90756718474975,21.49908434050063],[-157.90727804343575,21.499023725219313],[-157.9071781998048,21.498982417646182],[-157.9070136752018,21.498877447655666],[-157.90671391161905,21.498785144153967],[-157.90644270022455,21.498747230472258],[-157.90591367785035,21.49881603380765],[-157.90513086751722,21.498937373720768],[-157.9050303822761,21.49898188362929],[-157.90485434695532,21.49912527375217],[-157.90481254543454,21.499228889512917],[-157.90480706683684,21.49947728851103],[-157.90481885141162,21.499676115156657],[-157.9048008094611,21.499829574932868],[-157.90473661077135,21.500023385486077],[-157.9046302179296,21.50021240144586],[-157.90449506761684,21.500374125211568],[-157.90435301766095,21.500490635919206],[-157.9042351312837,21.50060278626885],[-157.90410631960918,21.500723900545655],[-157.90396433477542,21.500831375619903],[-157.90382376134764,21.500911758143573],[-157.90367598010695,21.500987576283762],[-157.903570668567,21.50103205355683],[-157.90335303985418,21.501089343270568],[-157.90324065788414,21.501111190075026],[-157.90315854147943,21.501119684722568],[-157.90308245710617,21.501128217138373],[-157.90297634518421,21.501118486316884],[-157.90287013069602,21.501122303786516],[-157.90275801775974,21.501108016461167],[-157.90265318026317,21.501089258109126],[-157.90254720300825,21.50106145831141],[-157.9024231936566,21.50102450605979],[-157.90232931634665,21.50099227050184],[-157.902234301256,21.500950991716362],[-157.9020403095204,21.500913579206973],[-157.90197002277802,21.50095376965329],[-157.90188736389985,21.501034531232555],[-157.90181690557947,21.501097305207367],[-157.90172810380923,21.501674898364765],[-157.90177538442776,21.50180620246742],[-157.9018749550599,21.50188364703553],[-157.9021577281986,21.501989401174505],[-157.90222207127573,21.502098232594946],[-157.9024109873634,21.502329843843253],[-157.90271101283287,21.502548634096712],[-157.90326421080516,21.502958804622736],[-157.90335747999444,21.50307234253748],[-157.90342892961954,21.503199288879088],[-157.90345201215916,21.503339467561222],[-157.90344571607554,21.503696270343493],[-157.90344569104846,21.504021495668997],[-157.90358741865953,21.504270863622303],[-157.9036986180225,21.50440710381183],[-157.9040044129436,21.504662067157213],[-157.9040750953043,21.504730287014887],[-157.90446357291142,21.505062580227033],[-157.9045986027912,21.505239632315952],[-157.90474000542596,21.505371553026677],[-157.90496305169393,21.505558215979423],[-157.9053336706187,21.505858771552585],[-157.90554518450338,21.506135697104074],[-157.90571066568043,21.50659751917868],[-157.9058632255548,21.506851473286154],[-157.9064871831753,21.507646044270697],[-157.90665110903888,21.507832316138305],[-157.90679888696215,21.507919107495933],[-157.90698075337522,21.50796546934628],[-157.90711673513513,21.50801604763767],[-157.90720417968805,21.50810244555954],[-157.9073812706062,21.508464965667116],[-157.9075686925027,21.508737216052918],[-157.90763404663667,21.508873153853234],[-157.9077274649022,21.50880601077291],[-157.90792808338594,21.508604058559147],[-157.9081228262017,21.50854209485866],[-157.90822787510794,21.508533749668793],[-157.908569757779,21.508644395113322],[-157.90876389365133,21.50866373357555],[-157.9094341978233,21.50858681323887],[-157.9097824257151,21.50849423131654],[-157.9102878518594,21.50835750783112],[-157.91046486171842,21.508408353004324],[-157.91105273165508,21.508705796952704],[-157.9113535905185,21.50881617104021],[-157.9118058199907,21.508855258142454],[-157.91224719168716,21.508894275101305],[-157.91273622631073,21.50885229250259],[-157.91347205819855,21.50872609518609],[-157.91370739239616,21.508723111233248],[-157.9139831819333,21.508797180112488],[-157.91415402436027,21.508866049139645],[-157.91482513182603,21.509168540168297],[-157.91496081411483,21.509259762849823],[-157.91527206927242,21.509433434949212],[-157.91536618867872,21.50943404818204],[-157.9154844099638,21.50943933306128],[-157.91585415388047,21.50937398170982],[-157.91595460802384,21.50933398132718],[-157.91629669701643,21.509092286304345],[-157.9165615934679,21.50900818407946],[-157.91687934879783,21.50895604572967],[-157.91761440949298,21.508933715986647],[-157.9178610388114,21.508872077135038],[-157.91832691387333,21.508861548518627],[-157.91848481937626,21.50888515797904],[-157.91863893791248,21.508931327564113],[-157.91903321904178,21.508974537726665],[-157.91926231831675,21.508998607347525],[-157.91964406595184,21.50910497330635],[-157.9203449122313,21.509303744883386],[-157.92079188862172,21.50940149430628],[-157.9211453087218,21.509421849720326],[-157.92159224540345,21.509361503086154],[-157.92221635392028,21.50916678916561],[-157.9224748480729,21.50913232000318],[-157.92272788409485,21.50918364114865],[-157.92306948127924,21.50933490454733],[-157.92328162304995,21.50936789324788],[-157.92341050343103,21.509400343043144],[-157.92371709950822,21.509388766930705],[-157.92438723691592,21.509334362906138],[-157.92451185757804,21.509289996000202],[-157.92510050408396,21.50915827483538],[-157.92519442538742,21.509185981237817],[-157.92585337068658,21.509176668900935],[-157.92597081520358,21.509123220784435],[-157.92621190515877,21.50899377571887],[-157.92630642553615,21.50894017993065],[-157.92667173472765,21.508820568642598],[-157.9269179960593,21.508808598746935],[-157.92705398433412,21.50885916110332],[-157.9277717373919,21.509058002320828],[-157.9279074281623,21.509149214814215],[-157.9280891227213,21.50938526647243],[-157.92818365454858,21.509494280590328],[-157.92828971068536,21.509513029234313],[-157.92865482230124,21.509420515063056],[-157.92895467372588,21.509341131480745],[-157.92909621971447,21.509292352699955],[-157.92923655702046,21.509243564237632],[-157.92944316408185,21.50920875328315],[-157.92956631207122,21.50920050887276],[-157.92976025716726,21.509246921833054],[-157.93013700516073,21.50954294304061],[-157.93041384734218,21.5096395731005],[-157.9305783024901,21.50975806958564],[-157.9307311885154,21.509808735437346],[-157.93095549712902,21.509828239658695],[-157.93116699748805,21.50978442216507],[-157.93142568934863,21.509722838532607],[-157.93167277913219,21.50959794353354],[-157.9320915428993,21.509428975592787],[-157.9329093552009,21.509312242222858],[-157.93309091714514,21.50923661208108],[-157.93332697801978,21.509134228048687],[-157.93342658540223,21.509044523026596],[-157.93372758667292,21.508807044837013],[-157.93379163920204,21.508793901119827],[-157.93434452622554,21.508765811809862],[-157.9349219743282,21.50867915301084],[-157.93506282709598,21.508725221179645],[-157.9352215169239,21.50880754060628],[-157.93532815450087,21.50891211288395],[-157.93545748792027,21.50904844864167],[-157.9355989889405,21.50917130913082],[-157.93566297572656,21.50916720003919],[-157.93587552493017,21.508978838068895],[-157.9359336754669,21.50894758980567],[-157.93615733866812,21.508890295170232],[-157.93661066418255,21.508780254745343],[-157.93674620491313,21.508726914140507],[-157.93681035666873,21.508700220754424],[-157.9369701949311,21.508624447966422],[-157.93710459633346,21.508562064040216],[-157.93725230383853,21.508495249517612],[-157.93738194203885,21.508423801082326],[-157.9375055148903,21.508356832734037],[-157.9375937669777,21.508334807560168],[-157.93770510791936,21.508290346133453],[-157.93777066384158,21.50823655760658],[-157.9378060181998,21.50818709662513],[-157.9378466247864,21.50807894558398],[-157.93785794413245,21.508015779854073],[-157.9378463039736,21.507956983253358],[-157.93782886013585,21.507866532674672],[-157.9378053173763,21.5077850754528],[-157.93780600638183,21.507690223235528],[-157.9378054559218,21.507599878307026],[-157.93781198140155,21.507532163293757],[-157.93782953088206,21.507441935304254],[-157.93784081929573,21.50738328635382],[-157.93785827032724,21.50730660686922],[-157.93787686238753,21.507238968601737],[-157.9379642987872,21.507162736045153],[-157.93807091048708,21.507104691503482],[-157.93845280765885,21.50702581223306],[-157.93863501442067,21.507026971348388],[-157.93910587342876,21.506993827618913],[-157.93931785261276,21.507049378027407],[-157.93944151826932,21.507135986177726],[-157.9397129139276,21.507318390791205],[-157.94002951348526,21.507424293214857],[-157.94042383108018,21.507462931660466],[-157.94080106413892,21.507361432491],[-157.9408661585986,21.507370879350443],[-157.94093584977398,21.507411974230266],[-157.9413898078477,21.507880107632143],[-157.9416074957257,21.50798086124258],[-157.94198903417694,21.507951660273896],[-157.94208951118364,21.508074255488612],[-157.9424433577804,21.50820297434797],[-157.94274310069105,21.5083042461928],[-157.9428484087707,21.508259743081],[-157.9430366501224,21.50809380444595],[-157.94314326355266,21.508035756635046],[-157.9433378639901,21.50799181923606],[-157.9435899612803,21.50800696349517],[-157.94382584893296,21.508094280256834],[-157.94427857835439,21.508399783223012],[-157.94456103935377,21.508555148251737],[-157.94463790704617,21.508605320973285],[-157.94477266461382,21.50866037650299],[-157.94487278620244,21.508665526195035],[-157.94497323466558,21.50862550801091],[-157.94502058835118,21.508585154311728],[-157.94510319534922,21.508508885606002],[-157.94515553858304,21.50844597844518],[-157.94521397935685,21.508374073999942],[-157.9452846851879,21.508275145072236],[-157.94534446376454,21.508185182877096],[-157.94537883603948,21.508104092366548],[-157.94542645197305,21.50802760428463],[-157.9455029273663,21.50796484760054],[-157.9455911772292,21.507942819939526],[-157.9456854288217,21.50792534711528],[-157.94584966537857,21.507908316972063],[-157.9462909499662,21.50796078912008],[-157.94673318228539,21.508049402013015],[-157.94715115208763,21.508323059197497],[-157.94722136687852,21.50829188297485],[-157.9480211281086,21.5081659234902],[-157.94859237314452,21.508101762904793],[-157.94915699915418,21.508118865467537],[-157.94941598073757,21.508183733010913],[-157.94972224905374,21.50821727683491],[-157.94995771097354,21.50819617092609],[-157.95018743422744,21.50813437385053],[-157.95042204786049,21.508063575009263],[-157.9511346985018,21.50796867366685],[-157.9512108475608,21.50795108399023],[-157.95128194604797,21.507965081525004],[-157.9513998752003,21.508010992091112],[-157.9518995775916,21.508163188433],[-157.95211766219305,21.508209726231186],[-157.9522525186288,21.508251225440578],[-157.95237064250946,21.50827003458209],[-157.95267003740554,21.508420971810942],[-157.95284706422595,21.508471769044387],[-157.95308262525884,21.508437108356947],[-157.9532825992118,21.50831640130884],[-157.95340018699144,21.508073216906105],[-157.95351836492532,21.50791586086135],[-157.95368925031946,21.50781303716425],[-157.95377743442418,21.507800038712613],[-157.95403575944667,21.50778810515364],[-157.95420104235052,21.507793657396405],[-157.9543414354016,21.50773581382698],[-157.9546011488325,21.507529654416835],[-157.9547067750025,21.50743997386836],[-157.95496586175085,21.507152503933],[-157.95503075121366,21.50702191521686],[-157.95525399158566,21.50668453254663],[-157.95540709703383,21.506536427548998],[-157.95573618039805,21.506416523157785],[-157.95581331005138,21.506430556469596],[-157.95592488376238,21.506521594121622],[-157.95618353792847,21.50697039783887],[-157.95623128879083,21.5070429683342],[-157.95630777504957,21.507147337428325],[-157.95633749046007,21.507210761167343],[-157.95640791031494,21.507319611111434],[-157.95645442249347,21.507396690807397],[-157.9564781359243,21.507455560013536],[-157.9565315981333,21.50757333613127],[-157.95658395043415,21.50767755519813],[-157.95663059076116,21.50773656764549],[-157.95669057189235,21.50778662943329],[-157.95679539047413,21.507809869319168],[-157.95692596908526,21.507774548135988],[-157.95700234491656,21.507725338195836],[-157.9570605229972,21.507689563757573],[-157.957219369334,21.50758214596015],[-157.9574672203139,21.507515936730304],[-157.95771367221155,21.507476820405284],[-157.95800232435914,21.50744248405437],[-157.95816773593953,21.507429963345846],[-157.95859718154895,21.507450708366736],[-157.95866145682982,21.507405939177747],[-157.95905629484426,21.507372262246196],[-157.95917318222726,21.507395575876654],[-157.95924402225805,21.507445704458117],[-157.95934412816217,21.507622490609663],[-157.95942077866908,21.507704274360183],[-157.959749897332,21.507918624202166],[-157.95990879214528,21.507973818056744],[-157.96015606460023,21.507988908201547],[-157.96039762583158,21.507958791472042],[-157.96067985989077,21.50797861460728],[-157.96076283075638,21.508019784062043],[-157.96091511690415,21.50815624194044],[-157.96100910948851,21.508174894836664],[-157.96114444914105,21.50814863306319],[-157.9620986029657,21.507860953912864],[-157.96226848896583,21.507898144032573],[-157.96243336532063,21.50779075862703],[-157.9626513361271,21.507683703801245],[-157.96288076567728,21.507662542091087],[-157.96366317083442,21.507599639191714],[-157.9638751616618,21.50765515883025],[-157.9639990032211,21.507719163537256],[-157.96398107629255,21.508035246535748],[-157.96403396786047,21.5082343248767],[-157.9641104914709,21.508334173815047],[-157.96427539191376,21.50839391784733],[-157.96452819432375,21.508309658945542],[-157.96459322912813,21.50832813026542],[-157.96513470964504,21.50837665531638],[-157.96579964835888,21.508543383785277],[-157.9659824884464,21.50862582051774],[-157.96607673857736,21.508608336102085],[-157.96638806985317,21.50843861355632],[-157.9666587490207,21.508386083836218],[-157.9668645493013,21.50846414649682],[-157.96699499976728,21.50844688372576],[-157.96710049174692,21.508375264130372],[-157.96725371516007,21.50820907882127],[-157.9675827383101,21.507754891599205],[-157.96768340377156,21.507683239954765],[-157.96795954170662,21.507712047134586],[-157.96804188269968,21.507671902005395],[-157.96827731666605,21.507483640462805],[-157.96854231252806,21.507381384430136],[-157.96863011606666,21.507250931558428],[-157.96865955410613,21.50718335636148],[-157.96865381514957,21.506799372914315],[-157.96873095026737,21.50664175289306],[-157.96884279098836,21.506524999364466],[-157.9690423699251,21.506458474613055],[-157.96937159933822,21.506487607158018],[-157.9696313513203,21.506444038133477],[-157.969965664348,21.506265416345073],[-157.97019540622517,21.506199078038197],[-157.97049592976396,21.506191896100542],[-157.97079613638581,21.506229880931244],[-157.9714314468556,21.5061479665242],[-157.97250280721644,21.506177141681803],[-157.97326729385367,21.5064302762437],[-157.97580932019315,21.50633294372005],[-157.97834657242237,21.50674597053126],[-157.97911157251835,21.507446269153103],[-157.98072362687967,21.507465138364044],[-157.98189480070224,21.507025089266914],[-157.98532587733868,21.508017114801657],[-157.98640319383418,21.50805978766655],[-157.9871436593824,21.508127513794257],[-157.98869795117474,21.50829953685555],[-157.99418331763397,21.508892745393627],[-157.9943243779574,21.508911663201445],[-157.99437075768822,21.508835151054786],[-157.99475312547196,21.508860036856035],[-157.99478253996014,21.50932095110561],[-157.99538920480848,21.50901744080568],[-158.00391035667178,21.509845364883436],[-158.00419893991054,21.50981998212675],[-158.00968984155128,21.50925183574291],[-158.0125723561032,21.507520792650396],[-158.01623261117507,21.5053290231506],[-158.0222464662258,21.50448348419773],[-158.02339865173542,21.504336641852262],[-158.02582405229168,21.502900819383196],[-158.02618374775867,21.50252348187993],[-158.02958078740642,21.49885730237169],[-158.0304274491503,21.49892093374753],[-158.0356236668143,21.49942526934585],[-158.03624810055643,21.498787439808765],[-158.0371900113516,21.497762965613123],[-158.03804670448642,21.496850921205844],[-158.0385177316432,21.496234794272908],[-158.0395828089853,21.496846193912102],[-158.04004928245945,21.497106346604287],[-158.04136137713604,21.497773368704877],[-158.0477114578089,21.49767867017469],[-158.04777605230936,21.496838855333326],[-158.04769762251837,21.49646801156371],[-158.04760971757827,21.496070009334744],[-158.04752066542073,21.49584816196402],[-158.0474976799743,21.49567186585031],[-158.0475334375954,21.495184238343686],[-158.04763329104148,21.49485959087802],[-158.0476748171199,21.494783043221727],[-158.04793929496603,21.494563238004226],[-158.04816295539365,21.494496774887928],[-158.0482571287783,21.494488284423944],[-158.04846330916908,21.49451206062227],[-158.04875674724366,21.494662814051992],[-158.04899824340578,21.49482230009849],[-158.04911557845006,21.49496300262902],[-158.049221616403,21.49535658761148],[-158.04931567734198,21.495921746072877],[-158.0492399590377,21.496246530152366],[-158.04889237121213,21.49662846805691],[-158.04882156338684,21.49675453647582],[-158.0488354848931,21.496840437930892],[-158.04885929695087,21.497075464510527],[-158.0488823722501,21.497238215099035],[-158.0489585967444,21.49739223407979],[-158.04905306848562,21.497523775018955],[-158.0492711153557,21.497764436888914],[-158.0494466687972,21.49804550697643],[-158.04971169872223,21.498855593843306],[-158.04982969153937,21.49926733016754],[-158.05005201749216,21.49977904140767],[-158.050206088774,21.500023849975143],[-158.0503993899623,21.50017402235003],[-158.05058265254414,21.500197660463463],[-158.0507407505379,21.500194049152828],[-158.05101736449748,21.500150465304603],[-158.05141802846234,21.50014372955502],[-158.05174691186656,21.5002269210506],[-158.0518528039977,21.500272698606327],[-158.05207092002905,21.50050431959102],[-158.05242329395074,21.500687021136745],[-158.05255302612966,21.500778107233693],[-158.05263558300746,21.500886989555724],[-158.05271829074672,21.501158487442698],[-158.05291168382226,21.501295106232778],[-158.052970517522,21.50134061355486],[-158.05311240491812,21.50141821595037],[-158.0537001976799,21.50158419179357],[-158.05378319414518,21.501625319537105],[-158.05387190161508,21.501716167715916],[-158.05395402179727,21.501892803480242],[-158.05403023180017,21.502236536704114],[-158.05406512527588,21.502625205103516],[-158.05407170146088,21.502914335962657],[-158.05408265813838,21.503086046076454],[-158.0541243648712,21.50316759192306],[-158.05418920384264,21.50321765085664],[-158.0543650830461,21.503263825030132],[-158.05497188958603,21.503289873214033],[-158.05524818755023,21.503295967049425],[-158.05557749169122,21.503315912388167],[-158.0558604739061,21.503407867068425],[-158.05605384381028,21.503548998435214],[-158.05644878545655,21.503682242444278],[-158.05664906369316,21.5036878999658],[-158.0567833223415,21.503638976446876],[-158.05705449147615,21.503505009020824],[-158.05729634963197,21.503425078237843],[-158.05747249312043,21.503430598530795],[-158.05805521194478,21.50363718020104],[-158.05857317791526,21.503780150890616],[-158.05891956395257,21.503958282871825],[-158.05902011137235,21.504085331997068],[-158.05912596306484,21.50432533498137],[-158.05902012502438,21.50464544414913],[-158.0589674528579,21.504767104692675],[-158.05874285150728,21.504978130253328],[-158.05838372434994,21.50527873099454],[-158.05828369958314,21.505445294430054],[-158.05824903867074,21.505580607586513],[-158.05832562717796,21.505680417576208],[-158.05914278527194,21.506023834285035],[-158.05943755357845,21.50616101694507],[-158.06012638680377,21.506381740695772],[-158.06059656085262,21.506452161832044],[-158.06090236390574,21.506562301404042],[-158.0611792374875,21.50666776068432],[-158.06156174782424,21.506859639128834],[-158.06173222952324,21.506996113920938],[-158.06187888391122,21.50727248139142],[-158.06190855903054,21.507349438918048],[-158.06182658661996,21.507900050055547],[-158.06183186673417,21.508017522683275],[-158.06189047318773,21.508099159860546],[-158.06204449620677,21.508167785303108],[-158.0623739286526,21.50816964627012],[-158.06263851502413,21.508121455308924],[-158.0636090069645,21.507892051393817],[-158.0637918560053,21.50779371020096],[-158.06389167393317,21.50765876377447],[-158.06399798780345,21.507451582661325],[-158.06413871779944,21.50733493382052],[-158.06452153765863,21.507102209933056],[-158.06489849897218,21.506842351464705],[-158.06499885673438,21.506811299059297],[-158.0651579149421,21.50665861956174],[-158.0653515938718,21.506564853400608],[-158.06552205561223,21.506516126387524],[-158.06573463640257,21.50648570780347],[-158.06591052656435,21.506531866476845],[-158.0668518775059,21.507083720669307],[-158.06786406486378,21.507504972520834],[-158.06835930037693,21.507620676706935],[-158.06922930358743,21.507819790404277],[-158.06938853252328,21.50782971751528],[-158.06947047130703,21.507848245307837],[-158.06961809294822,21.507785835502393],[-158.0696885421943,21.50771395960138],[-158.07004753903266,21.50724169385516],[-158.07026000471686,21.507039623926723],[-158.0705657030434,21.506788389794274],[-158.07075354630788,21.50666296678383],[-158.07098896590603,21.506646219917272],[-158.071084179978,21.50666481985536],[-158.07124886767951,21.506765114231257],[-158.07133034721215,21.506855909695084],[-158.07148934714058,21.507091680275504],[-158.07173037493416,21.50752213638858],[-158.0718717914947,21.507676502598088],[-158.07203636332142,21.507794864960726],[-158.07213632014168,21.50782704202814],[-158.07241980962252,21.507842182821065],[-158.07396740651026,21.507756029419422],[-158.07405541002527,21.507770074202433],[-158.0744375931624,21.507826421905683],[-158.0746435387034,21.50789081559977],[-158.07485511797523,21.508018475403368],[-158.0749501972836,21.508249368881106],[-158.0749498876858,21.50848876180764],[-158.0747726374119,21.509228533863432],[-158.07468493555493,21.509738448767155],[-158.07466192613865,21.509941578899568],[-158.0747089940639,21.510131550544727],[-158.07474956576752,21.510204049254035],[-158.07486107491934,21.510317595074415],[-158.0749496305191,21.510435530774625],[-158.0753030062173,21.51065883419567],[-158.0754966031303,21.510768323414247],[-158.07566727223858,21.510877682777455],[-158.07593232451683,21.510946919331715],[-158.07620343933525,21.511011670090152],[-158.07638534283728,21.511062372874466],[-158.07675624425048,21.511186400875786],[-158.07688013786037,21.51125032919024],[-158.07702150646287,21.51141372341007],[-158.07735027592048,21.5119033767642],[-158.07759176507474,21.512455775244497],[-158.0777387115707,21.512691470000956],[-158.07808568259802,21.513357375726777],[-158.07833280020682,21.513783333079264],[-158.07852224236237,21.51397860952291],[-158.07899220333414,21.51427933273373],[-158.07922790173762,21.514411631149333],[-158.07944510173775,21.514607059687563],[-158.07972781909027,21.514938355499666],[-158.0799157274904,21.515377528376096],[-158.0799220574777,21.515522099346196],[-158.07994510113988,21.516461717606013],[-158.0800226427375,21.51679638828576],[-158.08014029220158,21.517086115082783],[-158.08028132698783,21.51730370126429],[-158.08036368468865,21.517448693786164],[-158.080475033192,21.517589330659884],[-158.08063442666625,21.51776636723337],[-158.08100507605505,21.51812524441356],[-158.08111070692593,21.518216162902455],[-158.0812869384272,21.518402325814336],[-158.0815527608517,21.518159892218396],[-158.08203436986088,21.5175708610556],[-158.08216994135748,21.517314156870018],[-158.08228776646183,21.517192856872303],[-158.0824294134635,21.51712137335136],[-158.08252371274307,21.51709479436506],[-158.0828703702524,21.517047027248235],[-158.08301214039548,21.51849316293156],[-158.0841950841817,21.519800498961597],[-158.0854422139203,21.519342146601286],[-158.08669585992564,21.521119570580844],[-158.08685498266436,21.521341760387493],[-158.0872612918776,21.52121300708165],[-158.08881510568264,21.521311854153318],[-158.08926836618292,21.52120142072488],[-158.09016862711974,21.521016648475474],[-158.09099787528248,21.521188294221112],[-158.09151627142703,21.52127694127769],[-158.09203964137615,21.520954603955058],[-158.0938469200519,21.521827115295054],[-158.09401775630215,21.521913864582245],[-158.09409998945213,21.52188720998432],[-158.09646010033745,21.52119094498501],[-158.10133890461495,21.51970903793147],[-158.1047290019922,21.51871574985708],[-158.10681230186862,21.51807664271234],[-158.10997276699436,21.517127145856907],[-158.11019632658162,21.51707866623544],[-158.11030291034757,21.51701600693633],[-158.11071978661056,21.516534972139223],[-158.1108616132668,21.516431854007248],[-158.11118555468352,21.516347778601798],[-158.11137279891554,21.51631716897124],[-158.1117976140169,21.516314936167262],[-158.112349824943,21.516399201053634],[-158.1126149891352,21.516454823845024],[-158.11296190971342,21.516560570219976],[-158.1133507382407,21.516720737955048],[-158.11372703703304,21.51675888969343],[-158.11396257993408,21.516724020043387],[-158.11420467874237,21.51660336712058],[-158.11450975070977,21.516446918810765],[-158.11522784081617,21.516242997022196],[-158.11544056274582,21.516189934783725],[-158.11574044924654,21.516092172424603],[-158.11610506137146,21.515868287329045],[-158.11631652106863,21.515824250665187],[-158.11658206620015,21.515816636274224],[-158.11691700525418,21.51590875960862],[-158.1170824700882,21.515887059901903],[-158.1171997477047,21.515851551943648],[-158.1173059985167,21.515843084903594],[-158.11745259270936,21.51574901871656],[-158.11775282895806,21.515393800226764],[-158.117812207185,21.51535346686018],[-158.11801159873485,21.515309363331756],[-158.1183469180729,21.515338251058242],[-158.11868871012666,21.51529490593644],[-158.1190006043866,21.515206233487323],[-158.11918304590463,21.515171071595002],[-158.11950728646647,21.515236032166115],[-158.11978904574826,21.51534141621275],[-158.1200419239348,21.515433096091908],[-158.12027807040118,21.51549758629399],[-158.12070126760568,21.515563073252043],[-158.12100115756505,21.515664035438576],[-158.1214078771058,21.515860416063905],[-158.1215371112491,21.515843035679268],[-158.1216485438521,21.51577587731597],[-158.1219021232753,21.515551386892408],[-158.12249046155708,21.515247368862436],[-158.12298488833196,21.51510545139008],[-158.12322041915706,21.51507056394496],[-158.12339668641835,21.51505794807064],[-158.12406178902057,21.515029848867012],[-158.12427332379136,21.514972248215695],[-158.1245624399248,21.514856339186494],[-158.12493215305255,21.514582764142226],[-158.12529745778866,21.514440153779248],[-158.1255099520015,21.51442320557854],[-158.12595625448915,21.514457178284886],[-158.12606247409283,21.51445322262333],[-158.12640395393805,21.514459537880775],[-158.12655750916187,21.514410662488583],[-158.12672761792635,21.514217328852617],[-158.127009480728,21.51390262777825],[-158.1274214234945,21.513629258769427],[-158.12767438996033,21.513504113686196],[-158.12793419157228,21.513446756854883],[-158.12828092929155,21.51338082374954],[-158.12918146285273,21.51313259279492],[-158.13021669926084,21.512758581649774],[-158.13029417286782,21.512718332549316],[-158.13038725391593,21.51269171620577],[-158.13065282519887,21.512476285172735],[-158.13084059930165,21.512355305610708],[-158.13092281906842,21.512328632415542],[-158.1315818282788,21.51230948738711],[-158.1319416219079,21.51227974547522],[-158.13218814736294,21.512222308360762],[-158.13258833086533,21.512097913523256],[-158.1328769549775,21.512063280834415],[-158.13297105251516,21.512068288487566],[-158.1330942723201,21.512046345187912],[-158.1334828134693,21.512052884740054],[-158.13388967033848,21.512023381944616],[-158.13417703381901,21.511997772988916],[-158.1348603097285,21.51195615313817],[-158.13531313036307,21.511908814527107],[-158.13567810066493,21.51182036537469],[-158.13590778271836,21.511753796643216],[-158.13624330756753,21.511746502942948],[-158.1364492277491,21.511819848296422],[-158.13660821937285,21.511870363060535],[-158.1369195271426,21.51187649610035],[-158.1371201958584,21.511818810052],[-158.13733223370676,21.511675353495683],[-158.13756722737875,21.511527495349064],[-158.13776786680938,21.511474326425],[-158.13793809623903,21.511461653910057],[-158.13803238202854,21.511435037650195],[-158.138326881831,21.511224242438484],[-158.13859644180044,21.510945556775276],[-158.13910930565464,21.51054163443349],[-158.1392620262543,21.51042948516386],[-158.1395146074947,21.5103675429566],[-158.14012732839308,21.510217106448625],[-158.14061511388235,21.510174443251152],[-158.14157475183902,21.51012968614752],[-158.14167992353907,21.5100986029537],[-158.1417864914109,21.51003590571783],[-158.14202142763799,21.50969377770733],[-158.14212799547545,21.509427788223125],[-158.14213298382205,21.50919741695146],[-158.1420975334746,21.508867451844388],[-158.1422622382577,21.50856561895525],[-158.14239248248333,21.50837654922404],[-158.14248639147075,21.50800658662614],[-158.14250956161445,21.507762755306985],[-158.1428334431876,21.50788638562317],[-158.1429804999305,21.507914243503247],[-158.14375751505418,21.507936285618637],[-158.14429251480473,21.507866734158842],[-158.14472889138204,21.507945761846933],[-158.14515212538763,21.5080021325058],[-158.1456987906276,21.508000402116707],[-158.14579996840268,21.508032542700832],[-158.1458935559956,21.508123373198675],[-158.14597027759305,21.50820960110819],[-158.14607636295304,21.5084315108917],[-158.1461171542664,21.50867567626189],[-158.14615279212663,21.50877073017335],[-158.1462467300387,21.508802834384255],[-158.14657613752655,21.50880903184673],[-158.14724776556326,21.508694991953966],[-158.14738383551816,21.508745378519148],[-158.14751869689545,21.50879575790222],[-158.14767195603963,21.508796534837767],[-158.14780735283537,21.508756560395707],[-158.14788367246456,21.508707251816848],[-158.1480190954384,21.50866276105145],[-158.14815446569997,21.508627305177015],[-158.14835779428864,21.508732242981694],[-158.14850486350318,21.508963394712467],[-158.1486282520261,21.509117624410067],[-158.1487637891845,21.509258360786138],[-158.14894017027981,21.50943092914417],[-158.14914052436504,21.50963072620685],[-158.1493337221366,21.509816930509814],[-158.1494815666513,21.50991706894477],[-158.1496404881812,21.509981123476216],[-158.1498346705382,21.51000017560904],[-158.15000487820748,21.509992000555062],[-158.1502053083578,21.50997494115892],[-158.15043504676316,21.509899300905737],[-158.1506225211696,21.509827963432915],[-158.15085239226005,21.50972973372201],[-158.1510640014237,21.50965851666765],[-158.15127663261214,21.509618931163725],[-158.15148805597786,21.509579338344455],[-158.15172959381525,21.509548933520882],[-158.15198797473712,21.509527647356435],[-158.15215914993234,21.509560133300592],[-158.1523302446989,21.509606173839174],[-158.15254102975965,21.50967500249296],[-158.15278324504055,21.509734955083164],[-158.15299515877513,21.509817341367647],[-158.15324204264803,21.509904421920584],[-158.15340613690702,21.50990976575927],[-158.15359444485463,21.509901677904107],[-158.1538007767323,21.5099072336484],[-158.15412515827174,21.509949524717676],[-158.1543891506411,21.51000054823731],[-158.15462444404972,21.510006247829466],[-158.15481878687433,21.509998190052176],[-158.15513115548873,21.51003138489689],[-158.15548463345888,21.510051229193987],[-158.15585487388097,21.510093747958134],[-158.15610774078735,21.510189888958408],[-158.1563545491077,21.510290517969647],[-158.15658422466475,21.510431720220176],[-158.15666720200807,21.510481830245066],[-158.15694979072268,21.510654921394718],[-158.15738482601228,21.51096882343812],[-158.15767324026226,21.51117808394541],[-158.15791462006857,21.51138258957037],[-158.15812013640792,21.511528185121207],[-158.1582497312283,21.511655328919403],[-158.1584083428675,21.5117735845026],[-158.15864319367225,21.51185607847801],[-158.15890821424156,21.511938721405865],[-158.15907902639302,21.51203444825873],[-158.15924994269727,21.51211210308428],[-158.15940267954596,21.51220321959524],[-158.15957934254922,21.512330597560645],[-158.15973800988738,21.512439816009625],[-158.1599435036182,21.512589926467015],[-158.16010941223945,21.512699179202812],[-158.16031503936082,21.512826700312957],[-158.16048572186716,21.51294501288863],[-158.16078524485866,21.513113662095556],[-158.16103835859352,21.51316913690839],[-158.16127344842974,21.513210968313555],[-158.16159789565978,21.51324420743523],[-158.161767925584,21.513267643551966],[-158.1618860865546,21.513286301927106],[-158.16203940276287,21.51327803079821],[-158.1621974953204,21.513278816981142],[-158.16232166539453,21.513302024205185],[-158.16245661803356,21.513338837012853],[-158.16259857474512,21.513416343206252],[-158.1628099784629,21.513589067657684],[-158.16296854524154,21.513716351396724],[-158.16307419622746,21.513811749369964],[-158.16313380322762,21.513938540456394],[-158.16317995452042,21.514096889858546],[-158.1632218007209,21.514164862941392],[-158.16324549228463,21.51424178121851],[-158.16328613175017,21.514309749141223],[-158.16336289674987,21.514391448777467],[-158.16345647950516,21.514486784235384],[-158.16360444795683,21.514568838733247],[-158.16373315845925,21.514641760441332],[-158.16388107555102,21.514732849736447],[-158.16399278676906,21.514823757600123],[-158.16413905247862,21.514991638845924],[-158.16418079508864,21.515077681767497],[-158.16429242926776,21.515182143348127],[-158.16441033296203,21.515245976064172],[-158.16451003038705,21.5153277881697],[-158.16456861506543,21.51542295148502],[-158.16461014957517,21.51554513443615],[-158.1646274953059,21.51567623434004],[-158.1646450227593,21.515775709366615],[-158.16470943621334,21.51590704206998],[-158.1647980625511,21.516024941596584],[-158.16489188342402,21.516079619110307],[-158.16502788938314,21.516143540160254],[-158.16518687850777,21.51619853984137],[-158.16535777920885,21.5162807066174],[-158.16555163737286,21.51635846807538],[-158.1657754838127,21.516467999544282],[-158.16590417227647,21.516545438529363],[-158.16612198516836,21.516654941205687],[-158.16624592402192,21.51671880100873],[-158.16639882862674,21.51678280536972],[-158.1665577150003,21.516855873850716],[-158.16674569694902,21.516906497827037],[-158.16689259361453,21.51696595456012],[-158.16700433418376,21.51705234252906],[-158.16714018756613,21.51714336792933],[-158.16729278225705,21.51726158171958],[-158.16741615023022,21.51742482698741],[-158.16750452236718,21.51758790125524],[-158.16755222463894,21.517687524692217],[-158.16763492311017,21.517787322626187],[-158.16772234902527,21.517905212876673],[-158.16791114898265,21.518023604832596],[-158.1680929425658,21.5181013032823],[-158.16828205447325,21.51816548460674],[-158.1684640045901,21.518216076647366],[-158.16863519708426,21.518248544320407],[-158.16885807609853,21.518317408567757],[-158.16899670800515,21.518345199259134],[-158.169176244959,21.51839577671439],[-158.16936399687575,21.51848705686213],[-158.16950593863,21.518569074492977],[-158.16964082111676,21.518619432894116],[-158.16982377194054,21.518706169649917],[-158.17006429019543,21.518856436830642],[-158.1702531190034,21.518970307347548],[-158.17044197664612,21.5190796606027],[-158.1706116000697,21.51917536648545],[-158.17081753541834,21.519253178376374],[-158.17100061588997,21.519317326722174],[-158.17122349871713,21.519386186991685],[-158.17137679648457,21.519382423654292],[-158.17151802677222,21.51937860027976],[-158.17165935852043,21.51935670488029],[-158.1717895991714,21.5193754172488],[-158.17204165346521,21.519408277263135],[-158.17231296720752,21.519450266801435],[-158.17254818293412,21.519473999125196],[-158.17279541798655,21.519506827795176],[-158.1730017207156,21.51952138360068],[-158.1732781266794,21.51951821035709],[-158.17352567147287,21.519496827662287],[-158.17364348360397,21.519578718761267],[-158.1737131988206,21.519628751287318],[-158.17378995183148,21.519714958031493],[-158.17389646370336,21.51987359446325],[-158.17401977056895,21.52005038003392],[-158.174078239583,21.52016812199372],[-158.17416048642298,21.520349226001944],[-158.1742367502352,21.520521265970483],[-158.17434924737697,21.520688963429023],[-158.1744665230933,21.520865719754667],[-158.17457293349634,21.52104242226819],[-158.17461933472165,21.521160106172808],[-158.17466668388016,21.521322970368477],[-158.17469587917157,21.52149478008769],[-158.17468429625572,21.521621217063164],[-158.17469646695432,21.521815533109166],[-158.17471998711852,21.521924072148913],[-158.17475436718306,21.522032665786163],[-158.17478399732704,21.522127682524335],[-158.17482554216087,21.522249864978903],[-158.17486112924237,21.52235846456194],[-158.17486626108428,21.52251661089871],[-158.174866407544,21.5227018403002],[-158.17483712399027,21.522968247334447],[-158.17483627146953,21.52311733057694],[-158.1748658243616,21.523225900318952],[-158.17491343041613,21.52334359370736],[-158.1749898731679,21.523484012923337],[-158.17510737744394,21.523620115157833],[-158.1753188705976,21.523783777754986],[-158.1754664474626,21.523938097146477],[-158.17563638989458,21.52419191251012],[-158.17574888746222,21.524359613591848],[-158.1758540155784,21.52454986691589],[-158.17595413514536,21.524771720358842],[-158.17606624943755,21.525007184563837],[-158.176142512914,21.525179226402276],[-158.17618398422638,21.52531495976412],[-158.17627825148955,21.52550516012036],[-158.1763665344659,21.525686296491237],[-158.17638971952744,21.525853564460817],[-158.1763602368341,21.525943777386594],[-158.17632464318905,21.52604751354656],[-158.1762716582702,21.526237004182075],[-158.17620770917222,21.52644451217228],[-158.17608969978863,21.52681891757153],[-158.17597687609467,21.52713009865303],[-158.1759248423535,21.527364772133623],[-158.17590108393168,21.527509224108837],[-158.17591248177254,21.52762674200076],[-158.17591307126608,21.52773517030967],[-158.17588844004268,21.527820888972556],[-158.1759771373556,21.527929741565377],[-158.17606517165453,21.527943718843137],[-158.1762472974814,21.527967183255114],[-158.17653073578464,21.528004689136036],[-158.17686591803962,21.52806954937803],[-158.17703109642224,21.528101966446123],[-158.17722477908208,21.528215838903836],[-158.17736648425486,21.528343017336397],[-158.1774657889932,21.528497097065905],[-158.1776250576684,21.528719228461757],[-158.177719613451,21.528859731238562],[-158.17790179293704,21.52908649248555],[-158.17807801365157,21.529299668076366],[-158.1781958126951,21.529386069669407],[-158.1783138151862,21.529436329171777],[-158.1784667209793,21.529504827438448],[-158.17857874077623,21.529546023805892],[-158.17864350766425,21.52961861692546],[-158.1787200880127,21.529736442871542],[-158.1788493672273,21.529926805141397],[-158.1789666780167,21.530099039625405],[-158.17912025281407,21.53026241082464],[-158.17929082856753,21.53040779129808],[-158.17947835353286,21.53054421875217],[-158.1796611028059,21.530671586316128],[-158.17983286115782,21.530821489269627],[-158.1799671744195,21.530975731539648],[-158.18013752170518,21.53116176846707],[-158.18027301911755,21.53132053442363],[-158.1805032320356,21.531592691907665],[-158.18072643410778,21.531824154443267],[-158.18102062103696,21.5320966154429],[-158.18117933584207,21.53220579462489],[-158.18135017205256,21.532305995126315],[-158.1816086878755,21.532483412564403],[-158.18183245851267,21.532615489029993],[-158.18202741243476,21.532720320718273],[-158.1822040044588,21.53287024140917],[-158.18233264624038,21.532961203309917],[-158.18253954417384,21.533088680766],[-158.18265717200575,21.53320669527395],[-158.18269759908813,21.533315311565687],[-158.18272705856964,21.533441944728306],[-158.18275058922274,21.53355047823272],[-158.1827983593857,21.533641057152966],[-158.18289795724354,21.533745433385526],[-158.1830568054897,21.5338320218823],[-158.18324582815615,21.53391875254341],[-158.18342177839335,21.533969280499132],[-158.18351939718218,21.5339968470454],[-158.18364588322683,21.534042623602755],[-158.18383981403133,21.534115822406026],[-158.18407490922428,21.534166629091803],[-158.18422232465127,21.534140221519642],[-158.1844279317523,21.534068912745855],[-158.1845815351453,21.534015430085862],[-158.18473480577305,21.53402067108601],[-158.18491063064093,21.534093783788023],[-158.1851525637952,21.5342169012209],[-158.1854763728588,21.5343765466793],[-158.1857171765381,21.534486105288817],[-158.18585935637054,21.534531951376735],[-158.186016352158,21.534519140583747],[-158.186029628879,21.53451920355806],[-158.18611802464048,21.534469927542293],[-158.18617619178127,21.534429543840364],[-158.18627059616347,21.53438481515894],[-158.1864119243502,21.534367412167903],[-158.18657749553557,21.53433205122531],[-158.18670655070957,21.534350731186287],[-158.18682466673175,21.534382911143062],[-158.1869715973637,21.534442331057964],[-158.1871013016363,21.534560397779224],[-158.18724257110688,21.534768870241496],[-158.18740697565448,21.534941308621576],[-158.18759467179856,21.53505061400627],[-158.1878360107141,21.535065302814832],[-158.18821276810138,21.535039969277513],[-158.18848101597416,21.534991538202036],[-158.188636882361,21.534965167842024],[-158.18891370621455,21.534894189039235],[-158.18925576258263,21.534814483366052],[-158.18947316044535,21.53479291760936],[-158.18983196362956,21.534740393532413],[-158.19010277670895,21.534664867233396],[-158.1903682568489,21.534679665955117],[-158.19065646934024,21.534730711292],[-158.19097463225106,21.534822551730056],[-158.19129863035417,21.534950557512534],[-158.19136227606953,21.535009582500095],[-158.19145710807857,21.535104892662595],[-158.19168028906492,21.53534536271202],[-158.19180459221414,21.535567296375007],[-158.19189187814055,21.53571677983738],[-158.19202196689437,21.53598391615151],[-158.19214013423965,21.53622388868315],[-158.19221638109542,21.536404942582333],[-158.19222181341192,21.536513385463127],[-158.19222226685926,21.536648908375525],[-158.19221540044816,21.53679795197566],[-158.1922158529104,21.536933475782067],[-158.19221623136139,21.537082551750522],[-158.19223966870462,21.53720914883248],[-158.192280508502,21.5374623137613],[-158.1923045493767,21.53769732941198],[-158.1923335951749,21.53790074794349],[-158.19237528966107,21.53800032655259],[-158.19240363315038,21.538113393032003],[-158.19242822782837,21.538249030096157],[-158.1924153014702,21.53840256154593],[-158.19238059796413,21.538565024671176],[-158.1923330160955,21.538655151038064],[-158.1922682851241,21.53879037181888],[-158.19222729345512,21.538997980114043],[-158.19220023348623,21.539088202203445],[-158.19230439890885,21.539242278987746],[-158.19244492594373,21.53936942130591],[-158.19259275012442,21.539487562616824],[-158.19278616557546,21.539655605584084],[-158.1929809162406,21.539801067864747],[-158.19306956647313,21.539923450489212],[-158.19315087293467,21.540063866365113],[-158.19321635954714,21.540226797128355],[-158.19331036659003,21.540471172801663],[-158.1933750519708,21.540778653815504],[-158.19343420448845,21.540995763034317],[-158.19348047912067,21.541140533769603],[-158.19349323045913,21.54123545854886],[-158.1934926266842,21.54134387216738],[-158.19347517530252,21.5414431726125],[-158.19344555080457,21.541560487521632],[-158.19337523549814,21.541614370177733],[-158.19331062889017,21.541727003174238],[-158.19334533438973,21.54178137207539],[-158.19342221618263,21.541849489337707],[-158.19353432965386,21.541877114864647],[-158.19366309220052,21.54194998924965],[-158.19378109323583,21.542004746309235],[-158.19386984619115,21.54210905659213],[-158.1938983402442,21.54219501760177],[-158.1938928586707,21.542312445664184],[-158.19388735311605,21.542434389006676],[-158.19389303717074,21.54249765734937],[-158.19393981543573,21.542552081776204],[-158.19404581951898,21.54259322905998],[-158.19418077068795,21.542639028836355],[-158.19426994914355,21.542666546679104],[-158.194322689001,21.5427345505168],[-158.19432822269312,21.542824922255104],[-158.19431029503164,21.543010051891258],[-158.19428768776768,21.54316805387581],[-158.19431085345352,21.543344337685948],[-158.19433962768554,21.54359744377581],[-158.1943932479508,21.543724176410638],[-158.19441638889398,21.543904978188756],[-158.19443943016836,21.544103848297745],[-158.19448704032746,21.544226036471954],[-158.1945460673278,21.544248894954478],[-158.1946103980759,21.544185951241808],[-158.19474589700818,21.543915535358334],[-158.19496348371422,21.543645502077815],[-158.19505208349182,21.543560082077775],[-158.1951939237728,21.54345232119897],[-158.1953997682254,21.54334034005405],[-158.19559353994606,21.543228301316276],[-158.19573500327155,21.543188299839837],[-158.19588866433278,21.543125768314425],[-158.19604111629278,21.543063229911233],[-158.19621260825502,21.543050468791204],[-158.19636478547662,21.543037619841225],[-158.19647712717833,21.54302458695345],[-158.1965955031373,21.543011582155817],[-158.19672452169073,21.543039281590982],[-158.19692473616303,21.54307182653741],[-158.197118990029,21.54309079092788],[-158.19734213467544,21.543123455706674],[-158.1975072568204,21.543169415203245],[-158.1976422276769,21.54321071226988],[-158.19781957140398,21.54322962520903],[-158.19804894627708,21.543226198521683],[-158.19834956381533,21.54321859407637],[-158.1986201271671,21.54318825953197],[-158.19888450836308,21.543184998099502],[-158.19906796187442,21.543190386534402],[-158.1992729440695,21.54323201490498],[-158.19951539835884,21.543264786671088],[-158.19973836370409,21.543329086839037],[-158.19995046482856,21.54339333459385],[-158.2000975566747,21.54342565342521],[-158.2002507115004,21.54345348309115],[-158.20039179296649,21.543481255632795],[-158.2005448955341,21.543518120103652],[-158.20065070048497,21.543595414429376],[-158.20075049115104,21.543668162656097],[-158.20086920104058,21.543813275940384],[-158.20102749773437,21.5440037500057],[-158.20122175938627,21.544239568299275],[-158.20138121560012,21.544439080210296],[-158.2014276474372,21.54455674821719],[-158.20149829666377,21.54466097964124],[-158.2015988774234,21.544810523732984],[-158.20175707731252,21.54501906551256],[-158.20192774351605,21.545155389644975],[-158.2021407116387,21.545282877977908],[-158.20232239316297,21.545392149355347],[-158.2024760873061,21.54554194519554],[-158.20262869906452,21.545669146962283],[-158.20281774916285,21.545755867903107],[-158.2029706318224,21.54583338225081],[-158.2031414510164,21.54594259993973],[-158.20322897845264,21.546051425818572],[-158.20331130591154,21.54622798677453],[-158.20338262193476,21.54643159834916],[-158.203493452264,21.54669411786579],[-158.20357104871917,21.546852589064212],[-158.20366455858024,21.546966000261012],[-158.20381238636767,21.54707966716481],[-158.2040359799422,21.547243397597068],[-158.20422369817868,21.547348212914592],[-158.204418657275,21.547453062575073],[-158.20457149752596,21.547535121426197],[-158.20471848455117,21.54758551909899],[-158.20482478889232,21.547572463614056],[-158.2049300710172,21.547527770060494],[-158.20503057395527,21.547474017423706],[-158.2051005623089,21.547478866493645],[-158.20521272393245,21.547497468195385],[-158.20536571812417,21.547552413857755],[-158.2055837702813,21.547630258122975],[-158.20577793840573,21.5476628017728],[-158.2059660711815,21.547695316457887],[-158.20609610660537,21.547754672050335],[-158.206160824793,21.547836313486595],[-158.20623119245235,21.54798576346231],[-158.20633648836187,21.54814893220869],[-158.20641908243954,21.548271327999057],[-158.20653077557898,21.548371265328818],[-158.20668372016567,21.548435244904045],[-158.20686109433802,21.548449633148795],[-158.20706746339718,21.54845963917392],[-158.20720846590288,21.548500968193295],[-158.20732042066703,21.548555719673654],[-158.20744891200007,21.548673808730452],[-158.20760288302185,21.548769422784044],[-158.2077557755902,21.548842440091065],[-158.2078968051278,21.548879251456565],[-158.20803806703998,21.54887539443689],[-158.2081858054049,21.54879474832861],[-158.20836739524125,21.548705223866058],[-158.20853809358636,21.54862016561632],[-158.20866759473296,21.548562027597704],[-158.2088034671121,21.548445178764204],[-158.20891005961272,21.548382414628037],[-158.2090393528856,21.548360425683672],[-158.20919240238854,21.54840632739918],[-158.20936322182217,21.548511056899713],[-158.2094809262999,21.54861553983279],[-158.2096515661884,21.548751899537045],[-158.20986933706504,21.548879440771074],[-158.21011001685852,21.54901160747461],[-158.210416677213,21.549216381623552],[-158.21054640324934,21.54932995518888],[-158.21064594993655,21.54944338758787],[-158.21074629063133,21.54962912351679],[-158.21083366305425,21.549760574264674],[-158.210922451742,21.54985588130582],[-158.21104026003016,21.549942285775945],[-158.21123504515626,21.550078754556843],[-158.2114407181046,21.55021075559186],[-158.21165266119596,21.55030211663825],[-158.21181770572025,21.550361629789933],[-158.21203468356768,21.55041686379175],[-158.21222888148642,21.55044487936114],[-158.21247041625094,21.550427928989368],[-158.21261794724973,21.5503834283398],[-158.21270648169963,21.550311542069913],[-158.2127832022444,21.550194412451038],[-158.21285889873025,21.55004564750644],[-158.21294227520968,21.549820101705087],[-158.21301828018116,21.54961711346188],[-158.21317164581654,21.54939641146449],[-158.21333679765405,21.549225468759463],[-158.21344259465192,21.549090398978603],[-158.21360178818367,21.548905874420775],[-158.2137196556975,21.548770861376536],[-158.21388434292192,21.5486812529129],[-158.21407895150568,21.548636971050204],[-158.21433754007825,21.548592986830943],[-158.2145379777679,21.548584879576136],[-158.21472631820598,21.548581235034632],[-158.21488440340522,21.548591006701827],[-158.2150677619068,21.548614450662246],[-158.2152029356227,21.548619596949187],[-158.2153321010475,21.54862019672914],[-158.21544444285783,21.54860716288096],[-158.21558586088514,21.548576187838428],[-158.21579135705923,21.548527434346695],[-158.21606237707138,21.54842024404826],[-158.21626315024506,21.5483533952656],[-158.21641545504005,21.54831795255635],[-158.21654469881565,21.548304993774124],[-158.21670992270737,21.5483328715497],[-158.2168931522845,21.548378906225253],[-158.21726310419214,21.54849358470685],[-158.21745213516843,21.54858031364462],[-158.21754585775835,21.548657564310027],[-158.21761638492066,21.54877989455246],[-158.21768100553447,21.54887960372222],[-158.21773365594987,21.548961184211468],[-158.21779339601449,21.549069905785927],[-158.21791110526036,21.549174379334637],[-158.21803975706194,21.54926534704085],[-158.21825773683133,21.549356726274386],[-158.21848732435134,21.549529494910963],[-158.21865267821823,21.549747154318514],[-158.2187581114433,21.549887718368854],[-158.21895883126754,21.55004227861415],[-158.21921156281527,21.550179002482643],[-158.2194173440275,21.55029291644987],[-158.21960001058525,21.550438354270657],[-158.21974751358755,21.5506107424117],[-158.21997671936754,21.55085128547669],[-158.2201762598303,21.55100131795213],[-158.2204062356159,21.551106305846307],[-158.22061823428285,21.551188616055697],[-158.2208363469872,21.551257399295615],[-158.221089515705,21.551317304368666],[-158.221082813329,21.551434758770636],[-158.2210473435453,21.55151593014702],[-158.2209889885219,21.55158795742705],[-158.22091820313395,21.55172319209311],[-158.22090685063677,21.55180899335536],[-158.22091201283342,21.55196264908763],[-158.2209765068012,21.552084947972205],[-158.22105320052145,21.55218471049996],[-158.22112380659044,21.552293480802692],[-158.22124812013013,21.552510945095786],[-158.22133033576037,21.55270110302161],[-158.22135995077608,21.552800649126702],[-158.22140030080425,21.552922836891288],[-158.22151308303415,21.553045356578618],[-158.22165986881015,21.553131883631863],[-158.22181305104706,21.553155180343794],[-158.22201346696264,21.55315158046989],[-158.2221960061044,21.553107232916787],[-158.222366411039,21.55307187926556],[-158.22253062122317,21.55306361343274],[-158.22266688904574,21.553086847643275],[-158.222777887933,21.553096405042265],[-158.2228899129418,21.553137598549498],[-158.22304313090467,21.55315187340907],[-158.22313733196518,21.553143277970502],[-158.22324858598148,21.553107651371192],[-158.223320290231,21.553022135631842],[-158.22333775216342,21.552922809170862],[-158.22336137870633,21.55280091808256],[-158.22340798982668,21.552670098709818],[-158.22344363370274,21.552557301643805],[-158.22352044702976,21.55242210478649],[-158.2236381968537,21.55230517374737],[-158.2237847098557,21.552224527882796],[-158.22395536530573,21.55214399517168],[-158.22407974103464,21.55213554144728],[-158.22421503381085,21.552118100369512],[-158.22427913472225,21.55209580890945],[-158.22434454558933,21.552055449201582],[-158.22441501560192,21.551974444433114],[-158.2245324558817,21.55191173695384],[-158.22469206869886,21.55186278080407],[-158.2247971570148,21.551849717808487],[-158.22497467010317,21.551836994159267],[-158.2251452457368,21.551770014212153],[-158.22513926689953,21.55197332207448],[-158.22516210363037,21.552203873532935],[-158.22522680912556,21.552714773319998],[-158.22540928812808,21.55310422093911],[-158.2255679342872,21.553439336503626],[-158.22573880711272,21.553747395426004],[-158.22591008645114,21.553983159699143],[-158.2261033491856,21.554173840065726],[-158.22631620874694,21.554314909052422],[-158.22645697433893,21.554396901262013],[-158.22663402937593,21.55446550462225],[-158.2267568174452,21.55452481802316],[-158.22698071979198,21.554634307798292],[-158.2271516131656,21.55472547539929],[-158.22738127032662,21.554884693453328],[-158.22760509518503,21.555007737340837],[-158.22780455046768,21.555171332109733],[-158.227969050297,21.555325728500822],[-158.22816324626984,21.555566112106668],[-158.22826390138485,21.555697617425505],[-158.2283406181683,21.55579286322691],[-158.2284292019743,21.555924310761394],[-158.22855276593583,21.556060440079836],[-158.22874012817906,21.556228495029252],[-158.2289637775092,21.556383164147118],[-158.22912272965462,21.556451679392328],[-158.22930587402695,21.556511270087984],[-158.22951190412726,21.556580004439148],[-158.2297348567334,21.556644297707788],[-158.22997091082746,21.556740280824354],[-158.230205756134,21.556836258934233],[-158.23047668904601,21.556954995783553],[-158.23067160109986,21.557068859600694],[-158.2308772492413,21.557205366999433],[-158.23105420786146,21.55729203604753],[-158.23120727869633,21.557333411626697],[-158.2314302590045,21.557393184666513],[-158.23164247688587,21.55743483256831],[-158.23192448060564,21.557517469487408],[-158.23201953412865,21.557572130461992],[-158.23222546329526,21.557658931770582],[-158.23236022537822,21.557736368824163],[-158.23258991689227,21.55789105741595],[-158.23290842746005,21.558136521630676],[-158.23311978510978,21.55833179102679],[-158.23324350579546,21.558440802599744],[-158.23334889352915,21.558590397456825],[-158.23350261551275,21.558731178274456],[-158.23379711304173,21.55895393704976],[-158.23410292935313,21.559095416451232],[-158.23437366557545,21.55925028945976],[-158.23455057948468,21.559345990946188],[-158.23476740118812,21.559428320185496],[-158.2349793953313,21.559510626989173],[-158.23525020823632,21.5596519418539],[-158.2354391173894,21.559761250951592],[-158.23566292925884,21.559888794245452],[-158.2359096271064,21.560025478435477],[-158.23617433104636,21.560180319129664],[-158.23635740740863,21.560253453614195],[-158.23660446083213,21.56032688095835],[-158.23683464022335,21.560395711638495],[-158.23696968478401,21.56042344237719],[-158.2370878030048,21.560455610949447],[-158.2371987576348,21.560474194059594],[-158.237329099407,21.560479309609427],[-158.23745225197737,21.560475355897506],[-158.23762252981453,21.560462581402938],[-158.2377167085341,21.56045849314831],[-158.2378528101923,21.560513336813365],[-158.23801184497464,21.56056828522259],[-158.23828178471277,21.56065085101507],[-158.23836487281315,21.560687377622916],[-158.2384827421333,21.56076472903439],[-158.2385644464189,21.560832878870414],[-158.23867021837881,21.560914692113222],[-158.23887713694472,21.56104215220724],[-158.23900586978942,21.561119551065328],[-158.2390830498279,21.561133458772133],[-158.2393061140681,21.56117966203085],[-158.2395593048361,21.56123503872988],[-158.23974738965413,21.561276560948833],[-158.24002459761417,21.561354638988888],[-158.24037777999035,21.56144661728887],[-158.24063680794984,21.56153816405808],[-158.2409139415575,21.561629792900693],[-158.24111384599163,21.561716550595143],[-158.24131955973746,21.56184400043189],[-158.24154348093188,21.56195345853699],[-158.24188504695073,21.562180928517034],[-158.24219067696416,21.56235852949325],[-158.24240821269368,21.562531213140257],[-158.2426199375404,21.56266320597486],[-158.24280880459395,21.562781539379532],[-158.243014722531,21.56287283940455],[-158.24319186939016,21.562927863431195],[-158.24336184723046,21.5629692994096],[-158.24366785641178,21.563079125609075],[-158.24383889350926,21.563147674736108],[-158.2440509229173,21.56322544592191],[-158.2444038611345,21.563362592492012],[-158.24462192539465,21.563440390327315],[-158.24485216254746,21.563500171398125],[-158.24509841827015,21.563501285318257],[-158.24532312106214,21.56347067340179],[-158.24549855606807,21.563399176687035],[-158.24566345191113,21.563268892666997],[-158.2458286734314,21.563079875956706],[-158.24596374014533,21.562886202682677],[-158.24611110537194,21.562651921673343],[-158.2462463473193,21.562426623767884],[-158.24636443785025,21.562246429567267],[-158.2464651797572,21.562147482434828],[-158.24660570533484,21.562057753179108],[-158.24689500824027,21.561914479414934],[-158.24707675165587,21.561793310831156],[-158.2472123242942,21.561726148462974],[-158.24732974865262,21.561672439466722],[-158.24747113463712,21.561654974673598],[-158.24761838482192,21.561669161410723],[-158.24787763729455,21.56173804501504],[-158.24808368416353,21.56182025434249],[-158.2483078191773,21.561907058631245],[-158.24847899684377,21.561962010387045],[-158.24866094459438,21.562035079476523],[-158.24890819971682,21.562090355699524],[-158.2491918315578,21.562118675759475],[-158.24943320011602,21.56214681764807],[-158.2496326240259,21.562116041719513],[-158.24980314136783,21.56207158822992],[-158.2499797711851,21.562013606742518],[-158.25012744211003,21.561950983848877],[-158.25036328833036,21.56188421583858],[-158.25056367130557,21.561898623617733],[-158.25072284830722,21.561939963790312],[-158.25084579717563,21.561981150899065],[-158.2509879205032,21.562049526630982],[-158.2511286646747,21.562149523950712],[-158.2513402351241,21.562326628805323],[-158.2516407012234,21.562589954750454],[-158.25185358157898,21.562748991381213],[-158.25204127667558,21.562876293130614],[-158.2522891781952,21.563035477367002],[-158.2526249930327,21.56324021439036],[-158.25288389019707,21.563376851843977],[-158.25320188837912,21.563527293746475],[-158.25355488264412,21.563682400023115],[-158.2537139440152,21.563746325792696],[-158.2539319347955,21.563855678626673],[-158.25406689316782,21.563910465286117],[-158.254279018702,21.56398816712198],[-158.2543969739224,21.564060953620178],[-158.25457395606574,21.564161097598596],[-158.25474499945446,21.564243142256192],[-158.25496898278993,21.56436155504629],[-158.2552918951829,21.5644984542594],[-158.2557927598625,21.564780680453822],[-158.25606964100257,21.564944490513692],[-158.25627553989324,21.56505830632035],[-158.2567056720856,21.565245350244034],[-158.25701767685962,21.56539123382039],[-158.25734180758064,21.565528131867538],[-158.25760676514798,21.565664781934046],[-158.25779556918104,21.565814664006282],[-158.25790747035774,21.565891938358188],[-158.25800734411874,21.565960124594717],[-158.2581845305002,21.56602411695774],[-158.25840845732097,21.566156073095836],[-158.25860192718093,21.566337600263786],[-158.25871474827423,21.56646908961356],[-158.2588321851471,21.56664126093133],[-158.25900256689525,21.566849794732303],[-158.2592150992602,21.567081095658562],[-158.25943301721122,21.567208504699845],[-158.2596680582549,21.567295325323332],[-158.25992114658186,21.56739577299539],[-158.2602165500359,21.56748736103766],[-158.2605809605494,21.567547610621176],[-158.26082330100547,21.567625423029114],[-158.26102308539802,21.567757270445497],[-158.26143584566648,21.56803909293382],[-158.2617065040419,21.568243518767865],[-158.26179423790882,21.568325204349136],[-158.26197105721178,21.568461472478603],[-158.26217790167985,21.568629487777212],[-158.2623839385195,21.56895110543437],[-158.26253061406302,21.569078213178365],[-158.26266665957783,21.569160096793386],[-158.2628846162682,21.569282978941924],[-158.26306160632936,21.56938762057385],[-158.26346709457505,21.56967843417987],[-158.26365587977782,21.569837335181493],[-158.2638326114245,21.569991669988376],[-158.26395042642005,21.570096064576756],[-158.2639860434238,21.57021367300375],[-158.26403364315468,21.570349401529267],[-158.26405088257206,21.570516629290463],[-158.2640925628966,21.5706297463295],[-158.26418034999563,21.57070239102275],[-158.26428627813826,21.57077059402222],[-158.26448724140877,21.57091147259221],[-158.2646751565345,21.571007119079937],[-158.26480552486186,21.571021209138127],[-158.2649456742246,21.571012749700973],[-158.26507004970762,21.57101778042799],[-158.26519918706174,21.57103638109067],[-158.26528221600174,21.5710954543032],[-158.26539406763848,21.571186268060845],[-158.26554075487178,21.571313366965054],[-158.2656645442774,21.571431336647876],[-158.265824377744,21.571585596729875],[-158.26593542308512,21.571599606181575],[-158.26610051308614,21.57167256610012],[-158.26630664342443,21.571750212109873],[-158.26652487654897,21.571823391199455],[-158.26668999379413,21.571891815349964],[-158.2668841426942,21.571951318153804],[-158.26709037160927,21.57201087026656],[-158.26746148301024,21.57218399346784],[-158.26766150747292,21.57227513019668],[-158.26820393814484,21.572485079547494],[-158.26889878335692,21.57265049023458],[-158.26941153240156,21.572760963953336],[-158.26990019800115,21.572857790563212],[-158.27048899148323,21.57297760346154],[-158.27121340722704,21.57303022546396],[-158.27182106530213,21.57300560219645],[-158.27224513841134,21.57298023080433],[-158.27433038186896,21.572753307401022],[-158.28022691059894,21.574310875223862]]]},"properties":{"moku":"Waiʻanae","mokupuni":"O'ahu","other":"O'ahu","gisacres":54850.19888453}},{"type":"Feature","geometry":{"type":"MultiPolygon","coordinates":[[[[-157.83527556569513,21.52050458898776],[-157.83531686781674,21.520924937843166],[-157.8353337088649,21.521083143609268],[-157.83530469498794,21.521241023950516],[-157.83519221885317,21.521574466602903],[-157.8351340269339,21.52175924077909],[-157.83512747081932,21.52197598612591],[-157.83509883328563,21.522237735071016],[-157.83509292422957,21.522373185097024],[-157.83503935842924,21.5224315194912],[-157.83496886313762,21.522494247118686],[-157.83485715931582,21.522579267684293],[-157.83478048511205,21.522660017706936],[-157.8347339093822,21.522750015183256],[-157.83472203824022,21.522876389830177],[-157.8347274768738,21.523102248963156],[-157.83471009431972,21.523314396359883],[-157.83467428525873,21.52356705955579],[-157.83468010013968,21.523896798151522],[-157.83472800942334,21.52424490172123],[-157.8347568959721,21.52455673759225],[-157.83463929365973,21.525531443335097],[-157.83459755671166,21.52607311484265],[-157.8345395763417,21.526230775416803],[-157.8344691130188,21.526288987902838],[-157.8343091718596,21.52636914691416],[-157.83430980011477,21.52644141374813],[-157.8343386001722,21.526613240959193],[-157.83442134311767,21.526830615338824],[-157.8344921625907,21.527029840784575],[-157.83452776837547,21.52725591233437],[-157.8345392034565,21.52748633009385],[-157.8346039534016,21.52769002814729],[-157.8347216760357,21.528061208907218],[-157.8347980971334,21.528314670184027],[-157.8348918848052,21.52850954082559],[-157.83497484563415,21.52869981896612],[-157.83508640867905,21.528935463506954],[-157.83522810700498,21.529175840638676],[-157.83535671102945,21.52939354017909],[-157.83546281821677,21.529556885774333],[-157.8356158100498,21.52974314550618],[-157.83576329203964,21.5300151769556],[-157.83585722404194,21.53019198431013],[-157.83593437084093,21.53035512213243],[-157.83607511601969,21.53056387578627],[-157.83622800265636,21.53076368393105],[-157.83629261225786,21.530985447836127],[-157.83632244025273,21.53117986437348],[-157.8364041615154,21.53137465008149],[-157.83649287205063,21.531601100672514],[-157.83661054658816,21.531827756821013],[-157.83672879896872,21.531982154479703],[-157.83687023016256,21.532105101107412],[-157.83698749102626,21.532232394169405],[-157.83715767366357,21.53238264394084],[-157.83730485209688,21.532541763315933],[-157.83741681802468,21.532727731079934],[-157.8375526332747,21.532949999805037],[-157.83761150105832,21.533135590213398],[-157.83767029515076,21.53333021379901],[-157.8377402384846,21.533488783820548],[-157.83781691979073,21.533710633112808],[-157.8378638975345,21.533873558135507],[-157.8378705104999,21.534103942117348],[-157.8378706400665,21.53423943601275],[-157.83788180803433,21.534352426147823],[-157.83792918330246,21.53446567213342],[-157.83799341661327,21.534583554202975],[-157.83805911033946,21.534669833860818],[-157.83818258620877,21.534774586987506],[-157.8382592854987,21.534842877612995],[-157.83843469401327,21.53494348442007],[-157.83862901725752,21.53509390634201],[-157.83900091074375,21.535376561905572],[-157.83971844747495,21.534690638150114],[-157.83983619440394,21.53460566033449],[-157.83991858193974,21.534565596062027],[-157.84001237208602,21.534457865411984],[-157.8401415173628,21.534305222802285],[-157.84028383102665,21.534166220395218],[-157.84040168479302,21.53406769412299],[-157.8405012545501,21.533991619540892],[-157.84061907217136,21.53389760970889],[-157.84068964166377,21.533825846691325],[-157.84072521562217,21.533753835024314],[-157.84074279161325,21.53366814589335],[-157.84074237544084,21.53356878115179],[-157.84077198486997,21.533487696109898],[-157.8408126718775,21.533379588693006],[-157.84085449299158,21.533280522860228],[-157.84092443067223,21.533136492818983],[-157.84100164505972,21.532987997340996],[-157.84105490184305,21.53281674837565],[-157.8410774869167,21.532708513305195],[-157.84112552001207,21.532586909854455],[-157.8412015270568,21.532438404965315],[-157.8413016346844,21.53229458609467],[-157.84140703517903,21.53209209196139],[-157.84149010349233,21.531966218444847],[-157.84157266820608,21.531903572005344],[-157.84169648172954,21.531814119794422],[-157.84178380193362,21.531760539981516],[-157.84184340384064,21.53170224722189],[-157.8418728680345,21.531639224750567],[-157.84187859258006,21.531526353813017],[-157.8418730598446,21.531463084774565],[-157.84185482702975,21.531327461412012],[-157.84184840883987,21.531223538090938],[-157.84184948515716,21.53108805238295],[-157.84184310375443,21.53097961245374],[-157.84184904218523,21.53083964363373],[-157.84187184115447,21.53070431232859],[-157.84191309944777,21.530523944153718],[-157.84195509699032,21.530402296677444],[-157.8420022826635,21.530235522001355],[-157.84206124892336,21.530104962154958],[-157.84209582826765,21.530005843837674],[-157.84219596712364,21.529857507648078],[-157.84226682309472,21.529749614530907],[-157.84233789278292,21.529614621687664],[-157.84237853969682,21.52951103033988],[-157.84240825661212,21.529416395062412],[-157.8424139080278,21.52931255546957],[-157.8424256998454,21.52919521150346],[-157.84244959740008,21.52907343466038],[-157.84247814026008,21.528974274352322],[-157.84252613697615,21.52885718515894],[-157.84256075048106,21.528753551888634],[-157.8425785064802,21.528645281191523],[-157.8426142560797,21.528550689511672],[-157.84267296865775,21.52845174024016],[-157.84273775186298,21.528348319799846],[-157.84277847159495,21.52823569509348],[-157.84284339869473,21.528114209953287],[-157.8428968659241,21.527915863141313],[-157.84287275112786,21.527608572650482],[-157.84300806416442,21.527437900866914],[-157.84311955565911,21.527379974564173],[-157.84324318359825,21.527313098592792],[-157.84335027494623,21.52720094286011],[-157.84344916988175,21.52705711399108],[-157.84358518895206,21.52694967726894],[-157.84372624943967,21.526815177783835],[-157.84387344888046,21.52666717191281],[-157.8440260498539,21.526446938885066],[-157.8440734451343,21.526253065471764],[-157.84420279401638,21.52607331754279],[-157.8442793202931,21.526010625917802],[-157.84443790930789,21.525948511607442],[-157.8446145979072,21.52588652607854],[-157.8448382444915,21.525838419655994],[-157.845096956931,21.52578152731384],[-157.84535105819856,21.525697501447784],[-157.84545633418765,21.525662111203125],[-157.84552700525597,21.525576796831608],[-157.84557488934254,21.525473252792185],[-157.845609714879,21.52534252080032],[-157.84566278564404,21.525193849344717],[-157.8457099285131,21.525031588061566],[-157.84578603374095,21.524869528894662],[-157.8458571313974,21.524730017587498],[-157.8459984016842,21.52456841802879],[-157.8461043544442,21.52444721691676],[-157.846213427989,21.52438926986659],[-157.84639781723322,21.52426861988684],[-157.84669227314205,21.52411712858803],[-157.84689788629183,21.524059859084517],[-157.84703350803684,21.52400209672338],[-157.84721658343656,21.523894987324418],[-157.84735742201747,21.52378757152974],[-157.84748693643155,21.52373878949981],[-157.8475985630785,21.523662784417844],[-157.84768136984763,21.52356851276716],[-157.84775800024704,21.52349226410529],[-157.84776982271484,21.52337040103575],[-157.84778661562697,21.523230504793137],[-157.84781664815517,21.523095218633497],[-157.84785796587377,21.522905812427002],[-157.847898859039,21.522770601222398],[-157.84795777929395,21.5226445481937],[-157.84806351351926,21.522550434582993],[-157.84819334701746,21.522461005907914],[-157.84831721780589,21.522362502230266],[-157.8484283125032,21.522200677683095],[-157.84852240762697,21.522052286379143],[-157.84866363395446,21.521895188227308],[-157.84888777076327,21.521630249626334],[-157.8489521532463,21.521576493001785],[-157.84905749477838,21.521532054378383],[-157.84920514147908,21.521478875462073],[-157.8494107107798,21.521426097557633],[-157.84956456877308,21.521350376760346],[-157.849729218114,21.521283763942016],[-157.8499050450333,21.521176576102793],[-157.8500941112562,21.521073997969232],[-157.85037009511868,21.520967504184643],[-157.8506059384004,21.520901384472676],[-157.85079361851132,21.520821378541882],[-157.8509355162956,21.520732023437727],[-157.85108795301403,21.52068339264945],[-157.85128273197057,21.520621502523255],[-157.8514120648899,21.520595296797655],[-157.8515062939771,21.520582398235582],[-157.85164201547155,21.520511065705858],[-157.85180627068075,21.52049413551326],[-157.85200690440755,21.520454870995845],[-157.85225421147697,21.520465614678756],[-157.8523767983823,21.520376123691584],[-157.85250659201472,21.52029119903569],[-157.85263613531396,21.520237892512295],[-157.85286590742433,21.520176242852564],[-157.85301230932956,21.520127568778232],[-157.85314799427033,21.52006075160457],[-157.85327136170724,21.52002547055618],[-157.8534307912717,21.520008503772956],[-157.85354226846795,21.51995055372467],[-157.85367220086823,21.519847561548982],[-157.85373668811522,21.51978025304842],[-157.8538606219843,21.519672704442023],[-157.85398931369662,21.519574220359537],[-157.85410795989557,21.519525352896178],[-157.85420094888053,21.51951696114279],[-157.85427246364995,21.519476801950393],[-157.85430795260748,21.51941380922172],[-157.85434220034776,21.519355326652395],[-157.85441296951865,21.519256442814445],[-157.85448987554065,21.519144050414546],[-157.85462569859678,21.519059165391283],[-157.8547782759929,21.518992464545775],[-157.85493691937387,21.5189212882879],[-157.85510152642576,21.51885918654575],[-157.85523124641534,21.518783294712446],[-157.85528394732006,21.518679767851456],[-157.85539553085832,21.5186082665699],[-157.85547815102825,21.51853656660689],[-157.85551388779055,21.51844195710208],[-157.85554263273318,21.518315681461825],[-157.8556133623078,21.518221314568972],[-157.85571983554783,21.518185913080792],[-157.85581402841788,21.518177528644774],[-157.85594328781727,21.51816035074429],[-157.85611957192594,21.51814801551443],[-157.85630196224633,21.518126686361637],[-157.8563906153024,21.518055027253318],[-157.85652008658064,21.518010749041895],[-157.85671379357083,21.51793077925765],[-157.8568613281385,21.517891143188997],[-157.8569965482086,21.517883039050975],[-157.85714380203987,21.517879535890113],[-157.85723824381574,21.517839534143302],[-157.85736150259928,21.51781779715737],[-157.85747862375655,21.51780957053233],[-157.85762576967997,21.517819616862774],[-157.85780897595242,21.517847977372792],[-157.85796219276426,21.517853548064892],[-157.8580624904889,21.517836170342278],[-157.85830311633313,21.517774589010077],[-157.85860911630851,21.517686355757803],[-157.859285422707,21.51746515631955],[-157.85939207182597,21.517407169190292],[-157.8595096488829,21.517340222879035],[-157.8596683588323,21.517260008631812],[-157.859827388639,21.517139142602673],[-157.8599974527914,21.516995769131245],[-157.86019260998293,21.516884186853545],[-157.86031554141263,21.516749521348242],[-157.8605033902741,21.516646920757307],[-157.8606684141577,21.516530613482654],[-157.8608454706065,21.516418905942793],[-157.86105138117495,21.516320946657622],[-157.86119202480413,21.516236088911086],[-157.86139279431066,21.51617874613321],[-157.86156342835005,21.516116678887446],[-157.8618101559153,21.51604609834675],[-157.86202760490508,21.516015971673255],[-157.8621517889477,21.516030372505977],[-157.86238134102598,21.515995810975017],[-157.86263981779206,21.515965963098548],[-157.86294642207682,21.51595451022706],[-157.8632288571209,21.51594741090018],[-157.8634821205587,21.515967212039346],[-157.86369911368044,21.51599580059351],[-157.86392334715154,21.516024435435263],[-157.86418140259158,21.51604878502949],[-157.86435261334415,21.516068024719118],[-157.86452868414446,21.51608277859212],[-157.86471117440954,21.5160478918992],[-157.86494744116075,21.516081125916617],[-157.86517053852094,21.516100717578926],[-157.86536467403886,21.516120112087098],[-157.86560573190775,21.51615789464441],[-157.86584778634122,21.516222785007983],[-157.86599454807782,21.516282507173532],[-157.86627759499314,21.516352194108585],[-157.8665245810294,21.516403568121618],[-157.8667775317463,21.516464014256734],[-157.86698352797075,21.51651058881244],[-157.8672305495778,21.51655744514206],[-157.86745457483786,21.51661317617284],[-157.86766039462222,21.516682335009172],[-157.86782532829315,21.516733145079463],[-157.8679840166824,21.516811015835803],[-157.86814849590345,21.51692054400457],[-157.86833689791382,21.517057335602512],[-157.86857843074435,21.517189973855533],[-157.86880203902936,21.517299903997014],[-157.8690375740773,21.517427982258862],[-157.86925546303,21.51749722096631],[-157.869696612471,21.517721555026075],[-157.8698201841085,21.517659158777732],[-157.87004422769343,21.51755679412356],[-157.87040801918954,21.517328905319705],[-157.870756190134,21.5170918743894],[-157.87102064598366,21.516912997126152],[-157.87120297493846,21.51674259154186],[-157.87145022275976,21.51660424659349],[-157.87170257494176,21.51642980053665],[-157.8719910571409,21.516264633840937],[-157.87220327403875,21.516130566082243],[-157.8724147029542,21.51594228805776],[-157.87256814072484,21.515762650082312],[-157.87273291267906,21.515677945292985],[-157.8729500264885,21.51553487306712],[-157.8731148796767,21.515283041127482],[-157.87333310562298,21.514995433983763],[-157.87351522355118,21.5148521256586],[-157.8737448538099,21.514650416086447],[-157.87395090621567,21.51437627662313],[-157.87408630959555,21.514187481626312],[-157.8741332762076,21.514043257358924],[-157.87423940539622,21.513894915138405],[-157.8743746688272,21.513724185650062],[-157.8745098971557,21.513557973611572],[-157.87468022245807,21.513378447307602],[-157.87479135115274,21.513207555651693],[-157.87493275099933,21.51302331538031],[-157.87542669160754,21.51250268732313],[-157.87559827322974,21.512630321902346],[-157.87572090221238,21.51268987120701],[-157.87580991882464,21.512726607733967],[-157.87600364002398,21.512800188079083],[-157.87609286415025,21.512809826203682],[-157.8762219435837,21.51281521384883],[-157.87636312457073,21.512816167740937],[-157.8764633834396,21.512803293578838],[-157.87665165881006,21.512800049959708],[-157.87685200200553,21.51279688460523],[-157.87706296248027,21.512825410609675],[-157.87720510736872,21.5128579886521],[-157.87731680771307,21.512926497135386],[-157.8774401270159,21.513053805329726],[-157.87758123182817,21.513221885220425],[-157.8777282317047,21.51340807227617],[-157.8779637643281,21.51369422994429],[-157.87809908049925,21.51383065214087],[-157.87824622220418,21.51399877207985],[-157.8784343206553,21.514176200892233],[-157.87858763421082,21.51432629436757],[-157.8787410856989,21.514458320988894],[-157.87891763795568,21.514567918053924],[-157.87907116120275,21.5146909110454],[-157.8792585050465,21.51480961405403],[-157.8793939956269,21.514923451872985],[-157.87957065281603,21.51501949824578],[-157.87972952219724,21.515074772851197],[-157.87986574028645,21.5150937564004],[-157.8800068544348,21.515103740668867],[-157.88012997185848,21.515100053348323],[-157.88027767316902,21.515037809154663],[-157.88040027576196,21.514943778097265],[-157.88055897547773,21.51486354155828],[-157.88080700649724,21.514779386880793],[-157.88105955093434,21.514735916114567],[-157.88131871637074,21.5146157026786],[-157.881471208966,21.514558006411043],[-157.8816190128621,21.514482212732936],[-157.88181260206957,21.514415759436627],[-157.88197223082014,21.51437166304888],[-157.88214802917508,21.514264436148594],[-157.88242505168702,21.51417595800925],[-157.88271359040695,21.51415982894842],[-157.8829844763609,21.514084859540194],[-157.8832069207167,21.514032148404393],[-157.88341953980552,21.514001957644933],[-157.883584683738,21.51402565033449],[-157.88373096895785,21.513990497730695],[-157.88387877024093,21.513914700157667],[-157.88400840487864,21.51384781484219],[-157.88420806023206,21.513776882324102],[-157.88435479320881,21.513683011301495],[-157.88453152102133,21.513611923351707],[-157.88477320235478,21.513568374259336],[-157.8851846473827,21.513575650089233],[-157.88539606076972,21.513545446912037],[-157.88556682334897,21.513465285978704],[-157.88571452089522,21.513403036790024],[-157.88579030055035,21.5134351628246],[-157.88590838332456,21.513458539105187],[-157.8864553587862,21.51357512682597],[-157.88667328782304,21.51363982264124],[-157.88684374033292,21.51360031060851],[-157.8869266199837,21.513492457096234],[-157.8870562822832,21.513262958525768],[-157.88716218858,21.51298361533458],[-157.88723806481758,21.512686000591025],[-157.88734410878527,21.512388588656943],[-157.88737299339772,21.512081626776897],[-157.88736147209246,21.511851183298067],[-157.88732643502843,21.511539279377132],[-157.88728512602373,21.511258949397003],[-157.88732638910187,21.511069511800205],[-157.88727914995556,21.510775591516737],[-157.88725552869565,21.510549584287894],[-157.88730272178307,21.510373736968653],[-157.88739590554692,21.510180130215126],[-157.8875496972249,21.509950791828516],[-157.8876962847245,21.50971688835893],[-157.8877134822376,21.509518256426478],[-157.88770178956284,21.50931039637414],[-157.88765520498757,21.509088753098677],[-157.88765520098337,21.508930657984685],[-157.8876788096362,21.508682382568587],[-157.88773120605205,21.508456883532727],[-157.88782549441072,21.508276832759446],[-157.88791981397026,21.50809226700944],[-157.88803661306568,21.507966572739342],[-157.8882014374627,21.50787281663779],[-157.88836663839228,21.50772937667975],[-157.88853083930675,21.50755882832683],[-157.8886660117422,21.507397118647575],[-157.88873757506968,21.50718981446114],[-157.88882516771443,21.506937448526664],[-157.8888962157692,21.506797896537194],[-157.88898398793265,21.506681040421455],[-157.88906079438235,21.506577662083465],[-157.88918986348003,21.50642494696568],[-157.8894072558082,21.506241200673063],[-157.88961923899353,21.506134207702225],[-157.8898022274413,21.506031536808653],[-157.88997849299537,21.505861067076047],[-157.89007256821844,21.505708117688084],[-157.89022466427107,21.505542003947525],[-157.89041395984185,21.50540323700143],[-157.89062548730624,21.505196865368408],[-157.89075451928105,21.505048665596505],[-157.89087813447173,21.504819121368115],[-157.89103670605152,21.504594329705885],[-157.89126612820078,21.50441517758498],[-157.891455180697,21.50430802896986],[-157.89164309572104,21.5041918396193],[-157.8918898257702,21.504116692702418],[-157.89214255733896,21.504046103963326],[-157.892431928011,21.503917035891405],[-157.89260211875856,21.50375103978765],[-157.89302609820257,21.50337443180435],[-157.89327226900633,21.503213456397752],[-157.89377320575258,21.503031589960724],[-157.89443208910237,21.502706225668295],[-157.89461948778458,21.502657783409962],[-157.89477896568678,21.50263173904425],[-157.8950201486724,21.502651408101013],[-157.89521437734757,21.502657216305927],[-157.89536154837015,21.50266271033476],[-157.89545590253226,21.50263171582229],[-157.89557935258838,21.502582849528476],[-157.89587378361904,21.502422190152085],[-157.89628539195903,21.502244238695035],[-157.8966791368469,21.502034549604144],[-157.8972506265732,21.50177634959416],[-157.8975268210311,21.501633630898613],[-157.89783309645597,21.50134204939255],[-157.89772105208243,21.501318725268135],[-157.89760948530042,21.501232163444843],[-157.8974033456152,21.501045604566105],[-157.8972686357692,21.500827896676864],[-157.89720285203055,21.50075067255282],[-157.89716102993643,21.500696191322977],[-157.89712644742326,21.500641757887266],[-157.89708493188238,21.500546626203732],[-157.89704948436466,21.500447017641083],[-157.89704312934086,21.5003295316198],[-157.89704873898933,21.500225677233008],[-157.89709051218097,21.500126580389995],[-157.89713208003246,21.500054583819686],[-157.89724937646895,21.49986113073767],[-157.89724859029494,21.49884479940174],[-157.8971781182775,21.498749474760217],[-157.8971197451753,21.49864971484224],[-157.89701321231294,21.498536084271347],[-157.8968660979374,21.498363461791637],[-157.89668375583904,21.49822222780684],[-157.89645398406688,21.498130363932834],[-157.89628353798008,21.49801179372804],[-157.8961832766726,21.497866583708777],[-157.89605349796162,21.497635357598085],[-157.89587742901924,21.497462542947446],[-157.8957943681228,21.497276795747464],[-157.89562754986665,21.496837539815033],[-157.8956087317375,21.49645346914495],[-157.89561461487625,21.496313479268025],[-157.8955972325202,21.49621850679133],[-157.89540261109738,21.495946195444308],[-157.89523274816588,21.49575083651479],[-157.89512080003328,21.49555586047447],[-157.89496149868054,21.495080516317856],[-157.89488520088688,21.49495805060833],[-157.8945321510656,21.494734374765304],[-157.89426628041153,21.49447062188177],[-157.89390153140104,21.49403908268485],[-157.89376097091935,21.493798746970995],[-157.89369008142222,21.493599527688456],[-157.89356651555943,21.493345753542528],[-157.89345998827736,21.493232119105354],[-157.8933604621816,21.493150151364198],[-157.8931128407965,21.493026547297376],[-157.892994830656,21.492836048532908],[-157.89297738198033,21.492750109261785],[-157.89291890095322,21.492505799796664],[-157.8928953322101,21.492112663549516],[-157.89289449099704,21.49190487422785],[-157.89284807552391,21.49166064648677],[-157.89285367887234,21.491398698387183],[-157.892942107918,21.491033406748297],[-157.89305934711365,21.490528279834958],[-157.89288192961317,21.489578525109785],[-157.89278833621466,21.489510149033457],[-157.89244146153882,21.48911034403236],[-157.892270369521,21.488919491161475],[-157.8920581790138,21.488579303879007],[-157.89203431290713,21.488384913571952],[-157.89227017325155,21.48798898376521],[-157.8924461721229,21.487850126999795],[-157.8924817069726,21.487778090551892],[-157.89251668557017,21.487620227613633],[-157.89252246836003,21.487493789764677],[-157.89231135439996,21.486692873744],[-157.89173922548534,21.485767594542512],[-157.8916108526808,21.48567188377915],[-157.89144604473265,21.485607550731952],[-157.89128037451394,21.48549803787581],[-157.89121573859197,21.48542985311939],[-157.89109822460242,21.4853342140262],[-157.89104509710387,21.485180280073365],[-157.89098654632383,21.48478691132154],[-157.890992184432,21.48452044467116],[-157.8909689107231,21.484407363076635],[-157.89062721211428,21.48380432486904],[-157.8905970765628,21.483641511322954],[-157.89069135993753,21.483140748477286],[-157.89079772358718,21.48295626068746],[-157.89097430106276,21.482740617428018],[-157.8911739362083,21.482507061868567],[-157.8913854878835,21.482133555326815],[-157.89140853746758,21.481957546518196],[-157.89130853076233,21.48178071696468],[-157.89120911601685,21.481685198069425],[-157.89103274615104,21.481236838848567],[-157.89087386586627,21.48102799802444],[-157.89080302087086,21.48082426094373],[-157.89075536201344,21.48042644552863],[-157.890772636745,21.479898069638722],[-157.89078499992618,21.479699400734017],[-157.89076705687043,21.479360506356244],[-157.8906545288713,21.47892612213219],[-157.8906436192903,21.47861437426082],[-157.89049600955454,21.478351405506988],[-157.8903486494315,21.478214913630318],[-157.89015434257212,21.47806455730843],[-157.88994283023442,21.477796644174386],[-157.88962439539097,21.4774692976394],[-157.88941305611633,21.477178800314704],[-157.88937213389295,21.477006880071155],[-157.88940724870338,21.476830950746628],[-157.8894479843876,21.47670926207498],[-157.88963661179824,21.476335605968632],[-157.88969450951078,21.476177896553313],[-157.88987748839193,21.47591261016838],[-157.89026506201077,21.47555382862978],[-157.89031889566496,21.475454813166177],[-157.89034778168084,21.47482713770131],[-157.89037106071163,21.474461415067427],[-157.89043015722805,21.474145616530773],[-157.89056514007956,21.47368577923807],[-157.89061148703917,21.47346023401519],[-157.89057121417463,21.47320249629527],[-157.89060025323982,21.472872946425657],[-157.8906885135391,21.472688336291757],[-157.8909882868887,21.472292832623936],[-157.8910051995229,21.47213033106137],[-157.89084725184017,21.471799539848647],[-157.89077017569466,21.471622863958924],[-157.890675372386,21.471238291720532],[-157.89058764193396,21.471034443379796],[-157.89039961706655,21.470852514215334],[-157.89032226628507,21.470711972802423],[-157.89028734381833,21.47054461215685],[-157.89025824589908,21.470404393654803],[-157.89034039875867,21.47007068559383],[-157.89009835626564,21.469694166168672],[-157.8896984624696,21.468657118542755],[-157.88959295722037,21.4685705932663],[-157.88916357722061,21.46855869950054],[-157.88902781056737,21.46848552550743],[-157.88882761742815,21.46815896793416],[-157.88863352522952,21.467823421308992],[-157.88831562994372,21.467428324888495],[-157.8880807033211,21.467228014637733],[-157.8880152825632,21.467105620263546],[-157.88803330299882,21.46695667901826],[-157.88814492497335,21.466555413743947],[-157.88816755791592,21.466275514356514],[-157.88812154307573,21.466139698192524],[-157.88806791060463,21.466053517796016],[-157.8879499900681,21.465695892143906],[-157.88792069141184,21.46558277362655],[-157.88792657446606,21.465284693273386],[-157.88796831024496,21.46519011487437],[-157.88795613972047,21.465045489801017],[-157.88777966588464,21.464773295804537],[-157.88764442055222,21.464632368248086],[-157.88756704019568,21.464496345137793],[-157.88753770776006,21.464387741473985],[-157.88755619846486,21.46385938061183],[-157.88749098620426,21.4637098857524],[-157.88737252524467,21.46358262049154],[-157.88671367787722,21.463131045881575],[-157.88654317848278,21.463026020231677],[-157.88634282939793,21.462880140432652],[-157.88595492080347,21.462651702597917],[-157.885736790693,21.462465049344733],[-157.8855496058669,21.462174714939508],[-157.8854964237352,21.462029816476473],[-157.8853196547326,21.461956365594087],[-157.88518444869874,21.461969011732034],[-157.8849902748598,21.46196319870381],[-157.88458986138394,21.46179339478502],[-157.88446082622232,21.461788015514248],[-157.88426634133506,21.461822850285557],[-157.88380193070114,21.46181974459937],[-157.88361392710073,21.461795903376697],[-157.88317843091042,21.46163941282801],[-157.8829191524265,21.461470549093573],[-157.88278984286924,21.461343210120322],[-157.8827541714428,21.461275215890986],[-157.88270767882307,21.46104453937735],[-157.88269020466183,21.460963117657855],[-157.8825778158505,21.460831374615527],[-157.88228935114276,21.460693933602293],[-157.88196031780117,21.460655595527335],[-157.88154257707507,21.46070248110604],[-157.88134237398504,21.460696623592792],[-157.8810660724184,21.460703804028626],[-157.8806779358759,21.460665066266433],[-157.88047159623707,21.460672715669567],[-157.88016021172848,21.460693212432542],[-157.87984789512254,21.460677565033006],[-157.8795302376119,21.46072963719807],[-157.87857688219773,21.460777436380596],[-157.8780897634014,21.4607470592688],[-157.87767146539747,21.460866205111913],[-157.87733019519922,21.461008450674218],[-157.8770306618788,21.461056122733744],[-157.8765947193871,21.46111642536354],[-157.87636587207285,21.461227808055423],[-157.8761418484874,21.46133922373325],[-157.87613007075467,21.46114491541328],[-157.87623599911518,21.46070296997689],[-157.8762472505991,21.460337173642767],[-157.87617699078268,21.460061169343955],[-157.8762533027229,21.459862936761883],[-157.8763417761575,21.459809330546147],[-157.8764531653362,21.45975587548875],[-157.8763537393366,21.459664868894865],[-157.8760184050471,21.459662610632396],[-157.87581244982542,21.45962057060213],[-157.8754535170536,21.459392305770216],[-157.87531218825615,21.45926036265011],[-157.87524185172887,21.459151483255663],[-157.87520668688234,21.458704069151093],[-157.8751179202662,21.45848214145945],[-157.87509446283684,21.458238069118458],[-157.87514186214824,21.45803512837387],[-157.87516510783323,21.45767844661699],[-157.8751888598167,21.45757020071957],[-157.8752003396434,21.45748897302711],[-157.87521792085997,21.45739875247942],[-157.87522974911118,21.457272357746508],[-157.8752524660785,21.45714151927902],[-157.87526415564218,21.457033194067876],[-157.87528211694257,21.456893289741565],[-157.8752879486196,21.456762337741143],[-157.87527658134474,21.456671922556684],[-157.87520514373503,21.456549484041027],[-157.87502860165543,21.45629082792334],[-157.87496457694374,21.456145855372807],[-157.87477596461983,21.456045213383053],[-157.87463449893278,21.45593133661236],[-157.87448748976774,21.455754183500066],[-157.87401715581797,21.45542579472373],[-157.87388231404353,21.455235173996996],[-157.873834794252,21.455139998457323],[-157.87378728449755,21.454886731067564],[-157.87377529703573,21.454249763079126],[-157.87375794255115,21.45399669774422],[-157.87375744014747,21.453748263679778],[-157.87348727181717,21.453430255639823],[-157.87331138723582,21.453243876009275],[-157.8733400413382,21.452968535748184],[-157.87346416045392,21.45267125625463],[-157.87363989826994,21.45240594179024],[-157.8738747759463,21.452136510909618],[-157.87415207617784,21.45184026165649],[-157.87419267764153,21.451736647032114],[-157.8741569890543,21.45151507687335],[-157.87408689958815,21.451374579247535],[-157.87403366394935,21.45123871284735],[-157.87398736096986,21.45098545084521],[-157.87408140143089,21.45052084153074],[-157.87456861846792,21.44927745148872],[-157.87463873085818,21.448943672043825],[-157.87460959076984,21.44865439001671],[-157.87458065280828,21.44849610335764],[-157.87459251419673,21.448365191815483],[-157.87480412658792,21.447982679189746],[-157.87483890548683,21.44785192169741],[-157.8747855643904,21.447729603814278],[-157.87468632245083,21.44761601297015],[-157.8745507308338,21.447366668458404],[-157.87455610990355,21.44729443355619],[-157.87452175557632,21.44721289756558],[-157.8744561373923,21.44664783938241],[-157.8744741342719,21.44650341915761],[-157.8745441672332,21.44633676505004],[-157.87460938313924,21.446011986413836],[-157.8745505338907,21.445821879086004],[-157.87450870052047,21.445771909593283],[-157.87433296191804,21.445567465279332],[-157.87431498286261,21.445395701428804],[-157.87433295193736,21.445097705849033],[-157.8742851317629,21.444885088798568],[-157.8741859247873,21.444766979191506],[-157.8740966818074,21.44460828587587],[-157.8740211815397,21.444544540773787],[-157.87392104913187,21.444390290155],[-157.87387898103347,21.444213846342095],[-157.87387953768794,21.444141580804605],[-157.87396201256362,21.443925323308225],[-157.87408512276878,21.44360093516869],[-157.87403844727305,21.443239266599623],[-157.8739787402599,21.44300398387079],[-157.87389652710806,21.44287244032117],[-157.87366761811364,21.442681186707304],[-157.87357327406437,21.442558594366297],[-157.87348537588784,21.442381841130963],[-157.87343767134476,21.441997581672418],[-157.87349696178725,21.441659212616575],[-157.87347244097927,21.441397064844182],[-157.87346093489495,21.44132471720815],[-157.8733607357511,21.441179500642868],[-157.8730841067445,21.440920170979105],[-157.87299057224556,21.44053560195217],[-157.87288479468774,21.44033162729845],[-157.87276154141352,21.44020432205075],[-157.8727142012113,21.440086562726304],[-157.87261389661097,21.439954895873363],[-157.87236070051193,21.439786061792706],[-157.87227900043138,21.43974485713813],[-157.87200751663846,21.439444910703347],[-157.87164297061867,21.43948310284114],[-157.8713899413617,21.43944977676058],[-157.8710848515978,21.439285107905864],[-157.87096063894694,21.43912617543753],[-157.87019025449942,21.438926744093244],[-157.87007261586396,21.438853678165025],[-157.86996149754103,21.438717419894463],[-157.86976689576582,21.43845863873701],[-157.86940767711286,21.438275534647158],[-157.86923111907674,21.43817948463765],[-157.86889023551916,21.437964883833605],[-157.868419415589,21.437708749898146],[-157.86794310821026,21.43753840034511],[-157.8677018091776,21.437392224666425],[-157.86751340000157,21.437268991127066],[-157.86731955735135,21.437068932658573],[-157.8672377547176,21.43704127756923],[-157.86674359064088,21.436997277282032],[-157.86620191754565,21.436858096309802],[-157.86587310221455,21.436643572236374],[-157.86571360784973,21.436525049556945],[-157.86555461959392,21.436496868913764],[-157.86521951410583,21.436472011450515],[-157.86503151289645,21.43645266754113],[-157.86468506405205,21.436490967422436],[-157.86457297128652,21.43648117159576],[-157.86423147063252,21.43634786232581],[-157.86375459741112,21.436096191587215],[-157.8636143662235,21.435982314649884],[-157.86372565668282,21.435472658943038],[-157.86371934935562,21.435197085751692],[-157.86363139830652,21.435029360407864],[-157.86349630612597,21.434874868564048],[-157.86342571152653,21.434802118394686],[-157.86304913591286,21.434682117774372],[-157.86280197075277,21.434671403567027],[-157.86266703587134,21.434652417506115],[-157.86256707503898,21.43463367073578],[-157.8624613300828,21.434583264258773],[-157.86241368385527,21.434506152656017],[-157.86239016025215,21.434429204938045],[-157.86242006840826,21.434149359069604],[-157.86242501862807,21.433977750971657],[-157.86240216020286,21.433814986003057],[-157.86236031852957,21.433611440540027],[-157.86219593995276,21.433190247751735],[-157.86201916739188,21.432967716644818],[-157.86166084802426,21.43267167760471],[-157.86153682534234,21.432490157035048],[-157.86143145177573,21.432236492226743],[-157.86112582899753,21.43214407158111],[-157.8610197358796,21.43213883124238],[-157.86087202718588,21.432056522567166],[-157.8606377200688,21.431788427551034],[-157.86056702221418,21.431729226359145],[-157.86037240920217,21.43147495279757],[-157.86026104529665,21.431216729624403],[-157.860208025781,21.43090018426868],[-157.86020792825818,21.43060206593965],[-157.86020127663025,21.430371657912787],[-157.86021379248137,21.430313022949946],[-157.86014298931562,21.430267371688817],[-157.85990785593242,21.43026125231854],[-157.85951909474846,21.430159229014016],[-157.85926653945353,21.43006716836278],[-157.85917299832306,21.429998775343375],[-157.8590487938181,21.429686261668373],[-157.8589612235049,21.428850034110397],[-157.85891997394694,21.428416127401988],[-157.8588722612527,21.428348049200295],[-157.8584251262636,21.428308861964958],[-157.85810163284916,21.42818921362497],[-157.85784915118512,21.428088117611548],[-157.85775519029423,21.42807392599532],[-157.85738999181004,21.428044327810337],[-157.8568192776157,21.42792298930098],[-157.85671974526574,21.427850037161104],[-157.85648485241842,21.427658720579874],[-157.85622510186136,21.4275620894878],[-157.8558613574525,21.427500881246036],[-157.85575526803953,21.42749563772631],[-157.8550845657148,21.427360057671496],[-157.85469627210082,21.427199307560507],[-157.85457861850207,21.427130747209056],[-157.8541145541124,21.426788799500393],[-157.85399704020242,21.42670217199856],[-157.8538139812628,21.42666929902313],[-157.85342619838593,21.4267524628101],[-157.85302550230426,21.42679036796868],[-157.85274327110437,21.42679294825751],[-157.8526551297441,21.426805895255107],[-157.8523259737253,21.426794602594253],[-157.8519491795355,21.426706194995326],[-157.85179062895946,21.42662380162522],[-157.85119073345066,21.426533860908386],[-157.85083805997317,21.4264456163019],[-157.85073796514118,21.426444929499596],[-157.85055639626174,21.426375926015382],[-157.8504090894847,21.42624392417003],[-157.85026110653757,21.42604416278046],[-157.84986817210844,21.425707208947422],[-157.84957391810912,21.425551611759946],[-157.8494682188408,21.42549668082611],[-157.8493153468794,21.425459493453562],[-157.8492505439701,21.425418395922424],[-157.84916800675387,21.425332007274665],[-157.84880319797645,21.424638408223448],[-157.84871470350782,21.42454294457923],[-157.84863851552706,21.424415946112507],[-157.84843878848116,21.424202275870833],[-157.84837927059627,21.424102494349366],[-157.84833808984604,21.42397122041891],[-157.84827385463308,21.42385785475416],[-157.8480621397704,21.42378864323459],[-157.84790930540652,21.42374693979361],[-157.8476740056926,21.42360980991889],[-157.84756259881812,21.42351418808173],[-157.84746236357825,21.423377988926394],[-157.84735085066046,21.423295917901136],[-157.84655029197913,21.42296065918002],[-157.84634517664597,21.422819220249604],[-157.84612108816629,21.422636997184522],[-157.8457687105496,21.422512607187816],[-157.84554529760194,21.42239814277249],[-157.84492141402882,21.421987310928095],[-157.844815010581,21.421869135448777],[-157.84452133620448,21.421794835667928],[-157.84438631293003,21.421635808425513],[-157.8441094217375,21.421268026609173],[-157.84383338036827,21.42109899021263],[-157.84370395940013,21.420994205973443],[-157.84346246600813,21.420726039734692],[-157.8432624670048,21.420548495380196],[-157.8431451089189,21.42044379402912],[-157.8425393676138,21.42002856215091],[-157.8421105020286,21.419817814835394],[-157.8419687039329,21.419753596052118],[-157.84165181489323,21.419412631872785],[-157.84145185550682,21.41923057064318],[-157.84135680329223,21.419202809975662],[-157.84091076549038,21.41918164970394],[-157.84072804031678,21.419108112910557],[-157.84043395426932,21.418934430293948],[-157.8403157473234,21.41878455201888],[-157.84026351006383,21.418680301324244],[-157.84015757735088,21.418503406409926],[-157.84007512169345,21.418407979390285],[-157.83982242061634,21.418338472280276],[-157.83962834457287,21.4183280925711],[-157.83925778886862,21.418217114261452],[-157.83867573819134,21.41816338555967],[-157.83828092309642,21.418070304630824],[-157.83821119691538,21.41804271783504],[-157.83814073024257,21.41795640597927],[-157.83814070321992,21.417807347590898],[-157.83821715845946,21.417442010337602],[-157.8382695041999,21.416922930713056],[-157.83799306778465,21.416500936061475],[-157.83789316868294,21.41632408168039],[-157.83782342841457,21.415993864012545],[-157.83778804924927,21.415740672229397],[-157.8377293299681,21.41554151881639],[-157.83771706592344,21.415414960098534],[-157.8377294203788,21.415225336227902],[-157.83785254435517,21.41490549099198],[-157.83794034350709,21.414630570723553],[-157.83790538428164,21.41447675310666],[-157.83767548735403,21.413964744259218],[-157.83763517815333,21.413725068966478],[-157.83748147529326,21.41364269458537],[-157.83724687148313,21.413573309463626],[-157.83701074995432,21.41339099058421],[-157.83672281624055,21.41320379479913],[-157.83653499119254,21.413166352764605],[-157.83645289652262,21.41302575836141],[-157.83638224101801,21.412659396665354],[-157.8365058439626,21.41258346914833],[-157.83691084939113,21.41230172217659],[-157.8382640337023,21.411367097203257],[-157.83862849542902,21.411026342956365],[-157.83893997331595,21.410676187829097],[-157.83875776884753,21.41038584162186],[-157.83895244286342,21.41031944025367],[-157.83911104711785,21.41023923623161],[-157.8392106748241,21.410145072804706],[-157.83939862166196,21.409861813008067],[-157.83940522147861,21.409789587979795],[-157.83937553968616,21.409730662455086],[-157.8389526104746,21.409230865423062],[-157.83891037866607,21.409081515371366],[-157.83892896736748,21.409018407262174],[-157.83899876818515,21.40888338499665],[-157.83914050762058,21.408495914310617],[-157.83934637683325,21.40792821251352],[-157.83942221445957,21.40763965738219],[-157.83942853751455,21.407449990440437],[-157.83935726137565,21.40731398921855],[-157.8391048720161,21.407054772219546],[-157.83889887849418,21.40672360643021],[-157.83892893180573,21.406430217401837],[-157.83895847733447,21.406353634389607],[-157.8391403280695,21.405925790845643],[-157.83934638878523,21.405638139295814],[-157.8395754327861,21.40534161181666],[-157.83962820751984,21.40522453986791],[-157.83962300058386,21.405120614581705],[-157.83957506106643,21.40493057011215],[-157.83949907070257,21.40478098644994],[-157.83942264970068,21.40468560014718],[-157.83945141863242,21.404554808549303],[-157.8396934882111,21.403982841319348],[-157.8397223983579,21.40383398383357],[-157.8396229703444,21.40359841372373],[-157.83955835793503,21.40353472950847],[-157.83946945194666,21.403493459898197],[-157.8390762108398,21.403206164451145],[-157.83904047283824,21.40299813844869],[-157.83904598245027,21.40275878053733],[-157.83893414090412,21.402568293330333],[-157.83859992144613,21.402136865889425],[-157.83854092007957,21.401973846054524],[-157.8385935534895,21.401874840185254],[-157.83867037229328,21.401766968895885],[-157.83869878441965,21.401681344157815],[-157.83856453431838,21.40142746456071],[-157.8384829000684,21.401381727930893],[-157.83820551569335,21.401235259771173],[-157.83804682080756,21.401175438110997],[-157.83762347139788,21.401036986600282],[-157.83745318378774,21.40091836401481],[-157.8373408446446,21.40079110930981],[-157.837234713971,21.4006413138839],[-157.83694085489105,21.40029146702622],[-157.83684142249652,21.40020947077885],[-157.83655875352613,21.400121682446056],[-157.83625916977982,21.400038294062817],[-157.83617625981444,21.4000015813481],[-157.83611208144126,21.39988369403733],[-157.83598229183832,21.399828588087583],[-157.83583526345194,21.39981853155595],[-157.83552364682205,21.399884115842838],[-157.83532378163432,21.399846588528813],[-157.83512441753135,21.39974582576149],[-157.83498937607555,21.399744885620382],[-157.83465956587094,21.399823892626987],[-157.8344307856527,21.399935220731834],[-157.83428953634177,21.399956819653994],[-157.83404757809947,21.399905447384345],[-157.83356036745653,21.399762024817964],[-157.83346631913776,21.39976136865075],[-157.8331839271659,21.399791016544143],[-157.83297189794763,21.399766952549435],[-157.8327312897467,21.399697518325834],[-157.83240178122873,21.39958681330289],[-157.83219529285788,21.39947244857671],[-157.83166091768265,21.3993467597446],[-157.83140193774864,21.39931333096681],[-157.83119636910496,21.399235106794286],[-157.83101998955036,21.399125467483614],[-157.8305850068881,21.39878365720955],[-157.830319910568,21.398610161559823],[-157.82986774621136,21.398457939204683],[-157.8297902728074,21.398344474704185],[-157.82969689190998,21.398108941518515],[-157.82953220994384,21.39743928576763],[-157.82948493465324,21.397167939903323],[-157.82939080084336,21.39702725653482],[-157.8293201672583,21.396963526568605],[-157.82902690994123,21.396844033577548],[-157.82892010631966,21.396780048136556],[-157.82877299505824,21.39662996059706],[-157.82859775422062,21.396529360678983],[-157.8281567412916,21.396341078383966],[-157.82776827260565,21.396216399111914],[-157.82765617912537,21.396211096702718],[-157.82707973167268,21.396071548019066],[-157.82625732245552,21.395930269520157],[-157.8258164716351,21.395872972820577],[-157.82522758591222,21.395932073066646],[-157.82513975020115,21.395908871292995],[-157.82493382906543,21.39587580726341],[-157.8247866985864,21.395879288521577],[-157.8244580499439,21.395813743523128],[-157.8241807021152,21.395816309480303],[-157.82407499979226,21.395765881313793],[-157.824005227927,21.395444691390004],[-157.82399900886202,21.395318174293994],[-157.8240701949804,21.395011524538912],[-157.8242286237153,21.394651287164862],[-157.8244574641704,21.394381883245888],[-157.82468144400025,21.394116959107212],[-157.8248983832156,21.393978460630287],[-157.82492219526833,21.393865705600664],[-157.82484555092995,21.393499298642755],[-157.82484656327492,21.3933728331042],[-157.82489931055608,21.393260281738005],[-157.82517563982213,21.392932489561478],[-157.8253278310918,21.392748364069494],[-157.82549309139657,21.39243785909101],[-157.82552847691713,21.39223484761847],[-157.8255218939671,21.392153497073384],[-157.82547584853424,21.39203121702683],[-157.82534594940148,21.3918405950435],[-157.82526925660855,21.391781336162754],[-157.82511130298823,21.39163116971383],[-157.82498147778367,21.391431515066326],[-157.82495823235988,21.39132294447405],[-157.82491722674794,21.39117359902603],[-157.82490519505754,21.39101994057456],[-157.8249173126479,21.390861933510905],[-157.8248525206909,21.390671769161727],[-157.8247117235878,21.39033653004808],[-157.82465284116137,21.390010898733095],[-157.8247056484002,21.38974025578407],[-157.82486388789823,21.389402600555723],[-157.82517011981653,21.388953060778945],[-157.8252990856998,21.388506794022604],[-157.8251931942395,21.388329890860092],[-157.8249762392037,21.3881702763653],[-157.82478741498457,21.387961171745175],[-157.82438839949688,21.38765121900656],[-157.82416997745554,21.38737415257171],[-157.8240584219481,21.387152039905324],[-157.82394710810112,21.386749253196633],[-157.8238765837026,21.386071223347148],[-157.823870653543,21.385908572838755],[-157.82382415531944,21.38554237761412],[-157.82378811906253,21.385374997276273],[-157.8237529293558,21.385252793822847],[-157.82370064256966,21.38515757286494],[-157.82345379630803,21.38481706767712],[-157.82317671625458,21.38463895988804],[-157.8228835266003,21.384514940689808],[-157.82275419128885,21.38440562533542],[-157.82257135473276,21.38405202011336],[-157.82235365708763,21.383535561082116],[-157.8222601646256,21.383467149221815],[-157.82185482442497,21.383346857851922],[-157.82164906634878,21.38329572304167],[-157.82134825020032,21.383221335575612],[-157.82121336833097,21.38320231839495],[-157.82079662728128,21.383000639989177],[-157.82052555096143,21.38297614435497],[-157.82035504765315,21.382889123269788],[-157.8201733234151,21.382698133226448],[-157.82003719375183,21.38253456516909],[-157.81973735908096,21.382338226093005],[-157.81947359310118,21.382304748225003],[-157.81926209350507,21.382068376810107],[-157.81913276212177,21.38195905884831],[-157.81893822365055,21.381862830679022],[-157.81873846046014,21.38181625423303],[-157.81842650075342,21.381628858658992],[-157.81812068622875,21.381577014932166],[-157.81802716078192,21.38151311749934],[-157.81784540309593,21.38132664176184],[-157.8176101670303,21.38119399096561],[-157.8169101985959,21.380981269523673],[-157.8166631261391,21.380821431625144],[-157.81645766618016,21.380734157472858],[-157.81634602212304,21.38067464823705],[-157.8161874689,21.380601258124678],[-157.8158755534386,21.380409343217767],[-157.8156050655916,21.380312575277596],[-157.81541717660792,21.380139602693724],[-157.81535773630557,21.380035295038418],[-157.81525840435626,21.379944253692315],[-157.81503519224322,21.37981620034915],[-157.81492895357425,21.37968445968169],[-157.8145405052202,21.379415213508118],[-157.8142471882605,21.379309248359796],[-157.81414073234836,21.37920460532433],[-157.81408870863575,21.379077762434598],[-157.8139292822613,21.378963711053355],[-157.81357046493008,21.37875791070584],[-157.81321288967095,21.378398541808583],[-157.8129178950925,21.37820222446393],[-157.81274849688572,21.377979695742702],[-157.81235464766507,21.377335504343947],[-157.81219489655794,21.3771130433953],[-157.81169558609267,21.376540373586764],[-157.81115467137818,21.37604419322666],[-157.81110232297976,21.375957999350163],[-157.81100179087025,21.375866948955697],[-157.8107320473903,21.375381725972783],[-157.8106785332979,21.374992893830903],[-157.81067298241226,21.37478507778535],[-157.81076120831858,21.374311430752698],[-157.81069636854366,21.37398123718296],[-157.8104447899419,21.3731889957076],[-157.81040347714938,21.37278218230519],[-157.81027405855247,21.371941122300846],[-157.81027968339671,21.37184179025201],[-157.81043960987327,21.371147330289542],[-157.81049875220606,21.370691548246324],[-157.8104814725627,21.370592053837775],[-157.81042795538895,21.37050133730946],[-157.8102631703718,21.370305942321487],[-157.80988753496882,21.36994644270909],[-157.8097179293619,21.369751013044777],[-157.80964622125327,21.369673717099054],[-157.8094112284102,21.36951395684311],[-157.80897013530202,21.369348216103763],[-157.80874745212645,21.369305980035588],[-157.80844122588644,21.369308319660764],[-157.8080477321101,21.36921969912788],[-157.80785314096542,21.369132494148285],[-157.80762998762447,21.368850861893208],[-157.8073600072455,21.368397255206922],[-157.80716582193608,21.368260367327576],[-157.8069782824586,21.36819579602399],[-157.8065365009026,21.368115862678764],[-157.8061545903306,21.36808603995563],[-157.8059604730494,21.368089174289707],[-157.80576076675138,21.36818711996344],[-157.80564916711282,21.368272144339766],[-157.80543137836645,21.368369962740715],[-157.8053251855211,21.368382755847584],[-157.80447928234798,21.36833607008096],[-157.8035447196071,21.368370048695564],[-157.80294443763788,21.368361244639885],[-157.80283342473547,21.36837400178598],[-157.80253344955014,21.368349273895976],[-157.80243964368591,21.36832150145532],[-157.80131586771873,21.3682005430764],[-157.80088073439742,21.368192912771853],[-157.80066963327684,21.368209468522195],[-157.7995818400127,21.36811134018698],[-157.79934060144325,21.368127679632615],[-157.79895276440428,21.36823330318245],[-157.79818257599703,21.36836328453836],[-157.79784756894662,21.36834733125264],[-157.79774167357792,21.368323986526523],[-157.7975530807621,21.3682413297346],[-157.79521984369035,21.367718693643663],[-157.79422289402643,21.367422448795814],[-157.79413406027749,21.36737664176406],[-157.7939059668871,21.367113024409342],[-157.79384669301797,21.36699064433511],[-157.79379411422343,21.366787008365943],[-157.79372855440852,21.366696199495046],[-157.79363475148318,21.366668424964974],[-157.79334752406572,21.366707007980796],[-157.79324081562984,21.366783026164303],[-157.7931705868116,21.36696771184356],[-157.79311717695828,21.367012494908792],[-157.79307081566157,21.3670799148779],[-157.79297641850198,21.36712440228125],[-157.79273531058274,21.366978128897813],[-157.79273577303363,21.366774874125966],[-157.79275327864144,21.366698214756546],[-157.79235983922192,21.366605043362448],[-157.79177761115844,21.366307255174615],[-157.79162481631909,21.366270020256593],[-157.790919248436,21.365871969818095],[-157.79087177240837,21.365781290158296],[-157.7906196528662,21.365508460889398],[-157.7904909882813,21.365322344333354],[-157.79034389117066,21.365032205613776],[-157.79031449721163,21.36494165701115],[-157.79013145955045,21.364624157825375],[-157.78989662739642,21.364301769136194],[-157.78973782914107,21.3641154321319],[-157.789579477581,21.363874898307397],[-157.7892209721978,21.363492894808562],[-157.7891686391247,21.363406697473057],[-157.78846296805912,21.362584055009226],[-157.78831196309494,21.362330022460604],[-157.78825781646947,21.36217154073698],[-157.78821645042365,21.361778277805673],[-157.78821114193582,21.361105231906663],[-157.78801782814747,21.360426311168947],[-157.78798237943516,21.360046641513907],[-157.78795321071888,21.359928991960498],[-157.7878769223574,21.359824552899823],[-157.78791178790416,21.359689299867018],[-157.78788227040857,21.359467763955564],[-157.78789400140636,21.358921311909626],[-157.787923935626,21.35879957390814],[-157.78790064541985,21.35870003521831],[-157.7879590082103,21.358492681600477],[-157.7881241496524,21.35820028232292],[-157.7881651741781,21.357902467559416],[-157.78813538171633,21.357568005708977],[-157.78807689817344,21.357350774909893],[-157.78805414950898,21.35703895010981],[-157.78801266751924,21.356952829881823],[-157.78802429587526,21.35685806191171],[-157.78794825237466,21.35657746792434],[-157.78792468771076,21.356365006896564],[-157.78794833443726,21.356274841655367],[-157.78786566821745,21.356066468204034],[-157.78785385910555,21.355890227105768],[-157.78781968490793,21.355795127619185],[-157.7878722591359,21.355705171187857],[-157.78801398122374,21.355182241533914],[-157.78806086808095,21.3547579988454],[-157.78804282950588,21.354459758622074],[-157.78812572570396,21.354053841471625],[-157.78830781231943,21.35375252924818],[-157.78849013629323,21.35356865669432],[-157.78860775839144,21.353483686075943],[-157.78874285087304,21.353326572955964],[-157.78885670913434,21.35325964255762],[-157.78893085062094,21.353038852355013],[-157.78897789816548,21.35274108233287],[-157.78898299854387,21.352560444434896],[-157.78893019208795,21.352239369023636],[-157.78892459298027,21.352040587311915],[-157.78889535244844,21.351931971110286],[-157.7889369879101,21.351412837126325],[-157.78898952073845,21.35132739589812],[-157.7889891707937,21.35122350670782],[-157.78903111635313,21.351106371796135],[-157.78910180489095,21.3510120285447],[-157.78916607861433,21.35081826832468],[-157.78921902183336,21.350389551681484],[-157.78921311018988,21.350082364093875],[-157.78913767697165,21.34987404603896],[-157.78903765841852,21.349724267582395],[-157.78885487931007,21.349524206546917],[-157.78877275429994,21.349397142325007],[-157.78868426794585,21.349310683306385],[-157.7885724931508,21.34912468649825],[-157.78854931503338,21.349011597065523],[-157.78859064968793,21.348822190272713],[-157.7888499808305,21.34821428993298],[-157.78886713383304,21.348033738846016],[-157.7888618494486,21.347943364718216],[-157.78881449314588,21.347839134762676],[-157.78864975876408,21.347643722371114],[-157.78862059334935,21.347526073772396],[-157.78862064982007,21.34737250166928],[-157.7887148149125,21.34706151967069],[-157.78871531845627,21.34685374988087],[-157.78869202916874,21.34675421032341],[-157.78857938290636,21.346527556134188],[-157.78850916400307,21.346418646146397],[-157.78831613985483,21.34585264882837],[-157.78829222393637,21.345536300199736],[-157.7883279620361,21.34485451894648],[-157.7882984828064,21.34462846440566],[-157.78815205827016,21.34411248881675],[-157.78816302005154,21.343805425492032],[-157.78821091780532,21.343697367347453],[-157.78822871927716,21.34358457522193],[-157.78832875820788,21.343291704987532],[-157.78833461833412,21.343165276039247],[-157.78829340134504,21.34304754135868],[-157.78822906004459,21.342956741249374],[-157.78813429066767,21.342901853177462],[-157.78792839928005,21.34272872872907],[-157.78779971943658,21.342547124637466],[-157.78758823531112,21.341881626228673],[-157.78757101073288,21.341777613390892],[-157.7874007482088,21.34122984873569],[-157.7872650968761,21.34101657752375],[-157.7870536452495,21.340933746230007],[-157.78686574125365,21.34091883718355],[-157.78652536730036,21.34083055657772],[-157.78631293417467,21.340720616838347],[-157.78600182917722,21.340298302927785],[-157.78587281718694,21.340157347119227],[-157.78552633101017,21.33993351546702],[-157.78520222336826,21.33977308050164],[-157.78508489277024,21.339677379299342],[-157.784903264671,21.339486356556424],[-157.78487395275795,21.339386775695683],[-157.78485615668725,21.339205973161995],[-157.7848095871644,21.339006896787055],[-157.7846627978747,21.33882967733308],[-157.78446197455025,21.338774022059265],[-157.7842690285406,21.3387861732904],[-157.78406926172815,21.338748592760876],[-157.78383946288534,21.33855270348614],[-157.7837571970385,21.338443702712038],[-157.7834401284469,21.338161363058976],[-157.78324005171567,21.33801537398336],[-157.78314641809638,21.337969527078894],[-157.7829405022182,21.33780091183785],[-157.78264703027193,21.3372883839332],[-157.78258273217753,21.337193063459726],[-157.7822938475946,21.337001262857225],[-157.781818269107,21.33679455518297],[-157.78102488374117,21.336395831079546],[-157.78093151411133,21.33631836760447],[-157.78072493019798,21.336231048040183],[-157.78053729455183,21.33618451590775],[-157.7799085590552,21.33613477810703],[-157.7794909098724,21.33591944995399],[-157.77890340724164,21.33569385387555],[-157.77861566767592,21.335655626035468],[-157.77819231056677,21.335693195228345],[-157.7778517753895,21.33577201852811],[-157.77763966148862,21.335770474043905],[-157.7771808990063,21.33571744727499],[-157.77701646849548,21.33577948351461],[-157.77672312315127,21.335836064385408],[-157.77652306304813,21.335834606226616],[-157.77622929618738,21.335796330432803],[-157.7758178028579,21.335856564397766],[-157.7756060657975,21.335809851271243],[-157.77538321531824,21.335650136675326],[-157.77476562392818,21.335275251904054],[-157.77456616403958,21.335201527540463],[-157.77446658522146,21.33514659885301],[-157.7742547693337,21.334964379806845],[-157.77407790700357,21.334782416384485],[-157.7738664724442,21.33469956831183],[-157.77377291915502,21.334644683194494],[-157.77340304019742,21.33448389329441],[-157.7729855559354,21.334105947575022],[-157.7727263631686,21.33382401129543],[-157.77263277426584,21.333773642196334],[-157.77253944750362,21.3336916568106],[-157.7723510282807,21.33359542617561],[-157.7722559309164,21.333581180885783],[-157.772133532076,21.333517050427872],[-157.77202687471217,21.33344400204379],[-157.77190319380614,21.333388895814892],[-157.77179759144488,21.333333919803433],[-157.7717100280462,21.33328359424481],[-157.77161519805037,21.333237732411604],[-157.77155652108797,21.333192134773434],[-157.77147517266582,21.3331192719416],[-157.77139265582377,21.3330418818476],[-157.771304376532,21.332932834156907],[-157.77124555125602,21.33290530284338],[-157.77115173777798,21.332882030774382],[-157.77108688482292,21.33285445533674],[-157.77100380400208,21.332844814099477],[-157.77093996911185,21.33283982863033],[-157.77081591287018,21.33282988766025],[-157.77074620173806,21.332806793442014],[-157.7706164970659,21.332751640440183],[-157.7705576324379,21.332728625482304],[-157.77047575689548,21.33271899280441],[-157.77041082983493,21.332700450324438],[-157.77033995131922,21.332672830525624],[-157.7702048616033,21.332685390964205],[-157.77012878601695,21.332702901814205],[-157.7700407341442,21.332711289429223],[-157.76993456819173,21.33272406130635],[-157.76985849255982,21.33274157203139],[-157.76979921383494,21.332768237609173],[-157.7696880765271,21.332799042250105],[-157.7696228849472,21.332812113854295],[-157.76952282003242,21.332815896377667],[-157.76942294248965,21.332797097643272],[-157.76935206413637,21.332769477434738],[-157.7692883423778,21.332750943351073],[-157.76923561680402,21.332714422265333],[-157.76918778724428,21.33266890326714],[-157.76909431244616,21.33260498247977],[-157.7689887136871,21.332550006596325],[-157.76893482079015,21.332508959996872],[-157.76886420648452,21.332449723401467],[-157.76878888468133,21.332376901670564],[-157.76868223179707,21.33230385309423],[-157.76859470783756,21.332249009388537],[-157.76847686662205,21.33221652607161],[-157.76839480401304,21.33222947539697],[-157.7682945123145,21.332260356787085],[-157.7682244635069,21.332277910940217],[-157.76813629870878,21.33229984735754],[-157.7680541973792,21.332317310393204],[-157.76798896721183,21.332334899764394],[-157.76790697898986,21.33233881383802],[-157.76777787753565,21.332355933099443],[-157.7676486619053,21.332386603849876],[-157.76759525880692,21.33243137921349],[-157.7675360175723,21.33245352738358],[-157.7674538783484,21.33247550942434],[-157.76737780359284,21.332493017219196],[-157.7672838014459,21.332492327811558],[-157.76718377450368,21.33249159235388],[-157.76705497382213,21.332472580083273],[-157.76695502239295,21.3324628112991],[-157.7668670083084,21.332466682460794],[-157.76674306705416,21.33244318692676],[-157.76665520400041,21.332428991597784],[-157.76659027666287,21.332410447663264],[-157.76650241462676,21.332396250456444],[-157.76641327095257,21.33239107934814],[-157.76634951105748,21.332377060762386],[-157.7662495975143,21.332362776776172],[-157.76617239212484,21.332371241979644],[-157.76600856768565,21.33236100374535],[-157.76589046259147,21.33236013660119],[-157.7657614365335,21.33236822111405],[-157.76559151080502,21.33236697141231],[-157.7654731789957,21.332393201726266],[-157.7653678402513,21.33245114549052],[-157.76523843323395,21.332504395500962],[-157.76510304104605,21.3325530845632],[-157.76497382578478,21.3325837505179],[-157.76489771195224,21.33260577556423],[-157.76481459404744,21.33260064607802],[-157.76473867021846,21.33260008809958],[-157.76465656840153,21.332617550350303],[-157.764556617097,21.332607781949235],[-157.76444457548465,21.33260243967425],[-157.76436270057508,21.332592804040274],[-157.7642688885755,21.332569529996462],[-157.7641102243009,21.332518676026755],[-157.76399825940217,21.332504302994348],[-157.7637806572595,21.33243946468809],[-157.76364609829315,21.332388789392784],[-157.7635223848347,21.33233819377937],[-157.76339279615638,21.33226948738017],[-157.76328102083693,21.332232530031927],[-157.76316947370609,21.332168473083964],[-157.76301593478132,21.332081520886042],[-157.7629343651611,21.33203575187745],[-157.76280466341737,21.33198059571781],[-157.76272896720837,21.331952937315837],[-157.7625986974774,21.33196552711936],[-157.76248744592124,21.332009874011618],[-157.7624234214611,21.332027470077577],[-157.76232926922123,21.33204484246555],[-157.7621942147545,21.33205287985093],[-157.7621051492788,21.332038673313658],[-157.76202926371226,21.332033597538196],[-157.76195247522105,21.331992380147263],[-157.76187670243826,21.331973752729322],[-157.76177099142083,21.33193232220483],[-157.76171216656104,21.33190478854524],[-157.76164110071554,21.33189974810565],[-157.7615241264996,21.331907917261027],[-157.76143607484823,21.331916302173855],[-157.76133574518633,21.331951695944795],[-157.76122347678677,21.331973451067398],[-157.76114130012058,21.331999944777333],[-157.76106499458012,21.33204454918338],[-157.7609949062913,21.332066616864896],[-157.76090674171962,21.332088549450713],[-157.76081857614486,21.332110483788473],[-157.76074743536176,21.332114474338365],[-157.76062466185604,21.332095501622135],[-157.76048886038046,21.332049329748916],[-157.76036009917485,21.33202579582179],[-157.76027709860185,21.332007116189306],[-157.76019549006523,21.331965862464067],[-157.76011866422846,21.331929159038886],[-157.76001310466043,21.33186966109095],[-157.7599604207692,21.331828620640973],[-157.7599077758088,21.331783066308983],[-157.7598489514137,21.331755529306506],[-157.75964878419805,21.33176760288838],[-157.75949569362945,21.331770988147433],[-157.7594256812464,21.3317840192941],[-157.75936041346205,21.331806121868397],[-157.75929032412392,21.331828187018893],[-157.75921906854947,21.331845728473798],[-157.75915508183903,21.331858804890192],[-157.7590490678715,21.331853505352544],[-157.75898398996418,21.331853023058656],[-157.75890810371413,21.33184794587632],[-157.75883120325332,21.33182027685824],[-157.75872549426907,21.33177884447118],[-157.7586318348901,21.331737499206124],[-157.7585324947099,21.331655464689206],[-157.7584261109303,21.331550791067937],[-157.75831498467306,21.33143704862609],[-157.75824433735812,21.331382324373557],[-157.75813765276706,21.331313783255627],[-157.75805615930568,21.331258978793137],[-157.75798555018434,21.331199738762002],[-157.75789690493434,21.331135847657038],[-157.75780938596424,21.331080998554626],[-157.757661878211,21.330994088007174],[-157.75754415585476,21.330948049257405],[-157.7574502311091,21.330938321238648],[-157.75733228066412,21.330919380018162],[-157.75722144599737,21.33091404191071],[-157.7570805618562,21.330899449617032],[-157.75699744538036,21.330894318129776],[-157.7569156482147,21.330875643970227],[-157.75682778828045,21.330861443598664],[-157.75673374950875,21.3308652631143],[-157.75664472252396,21.330846537155562],[-157.75651600119605,21.330818483782103],[-157.75640422894753,21.330781520184097],[-157.7563332781487,21.33076292779968],[-157.7562634944363,21.330748860881425],[-157.75617462084668,21.330712068374964],[-157.75610969677396,21.330693518688516],[-157.75603983696834,21.330688484835445],[-157.7559459886908,21.33066972283331],[-157.7557872545172,21.33062789529804],[-157.75562766002332,21.330545410419028],[-157.75549842164637,21.330436048994862],[-157.75542785208918,21.330372290472486],[-157.75538123477256,21.330326778519996],[-157.7553225642498,21.330281175497568],[-157.75526416142023,21.330203956426743],[-157.75519883362753,21.33009055208812],[-157.75512845680532,21.330004210583382],[-157.7550691929408,21.329886335152853],[-157.75503485387287,21.329813812895086],[-157.75498714605732,21.32975474038329],[-157.75494662900695,21.329700237979065],[-157.7548989974726,21.329632133195584],[-157.75484583577796,21.32950526917719],[-157.7547937249193,21.329396480362657],[-157.7547459029906,21.32935095751955],[-157.7546704375436,21.329296196154512],[-157.75459353928892,21.329268525292672],[-157.75446376910466,21.32922239340408],[-157.7544000500726,21.329203853825437],[-157.7543171644274,21.329171622519567],[-157.75423481358735,21.329076158221547],[-157.75415864096377,21.328962674050366],[-157.75408830147995,21.3288718155651],[-157.75399992535435,21.328776306503894],[-157.75387019296494,21.32872565940895],[-157.75380052683988,21.32869804271588],[-157.75373564115225,21.328674977390445],[-157.75367068017627,21.328660943390883],[-157.75359976893785,21.32863783333978],[-157.75345339504787,21.328559961398337],[-157.75340079053174,21.328509885874084],[-157.75334107077992,21.328446206995746],[-157.7533005928476,21.328387187659416],[-157.75323526732586,21.32827378354998],[-157.7532008932892,21.328205776651494],[-157.75315955379463,21.32810609917991],[-157.753099872451,21.3280379054585],[-157.75302452471794,21.327969593700974],[-157.7529478173539,21.327919339254024],[-157.75281816246158,21.327859656442357],[-157.75246579321444,21.3277712197557],[-157.75225998955935,21.327738072539567],[-157.75197826217595,21.327704361435643],[-157.75169548457094,21.32765257554703],[-157.75158958876628,21.327633721746565],[-157.75139587292676,21.327596146399156],[-157.75115538922873,21.327531122278323],[-157.750596987887,21.327436632382813],[-157.75042026076247,21.327385631629888],[-157.75024446825492,21.327366255621072],[-157.7500434862332,21.327333141577174],[-157.74979663669203,21.327308718996058],[-157.74966178355265,21.32729416459598],[-157.74946780571918,21.327288200374557],[-157.74932704386617,21.327260052099167],[-157.7491924195474,21.32721839791281],[-157.74907979535885,21.32714077341124],[-157.7488809045216,21.327003786860725],[-157.74870456539693,21.326907617809635],[-157.7485922863635,21.326789345706512],[-157.74839288176892,21.326571051452987],[-157.74809908444527,21.3262572011137],[-157.7479572949417,21.32606643833339],[-157.74777562182217,21.325888928028178],[-157.74766894823088,21.325820379764494],[-157.74752246934676,21.32575605264864],[-157.74739337413604,21.32577315554037],[-157.74714610805046,21.32579841144187],[-157.74703516582215,21.32580661743931],[-157.74682342254195,21.325764384849418],[-157.74665253644946,21.325736008954646],[-157.74646489423927,21.325693957402393],[-157.74610581544113,21.325546739560142],[-157.74580641128685,21.32546771890276],[-157.74547742159558,21.3253252401727],[-157.7451361119452,21.32521428770963],[-157.74486559273572,21.325139995154476],[-157.74467791443865,21.325102459138378],[-157.7445548834233,21.325115090098812],[-157.74446096653114,21.325105354156502],[-157.74436600019447,21.325077542030947],[-157.7442255865058,21.325008741480033],[-157.74403751249358,21.32487634801507],[-157.74393099521748,21.324789731252523],[-157.74381452988635,21.324739177584245],[-157.74361472474834,21.324710580785975],[-157.7434437628014,21.324691234827075],[-157.74333764263625,21.324699473546367],[-157.74306786702726,21.324679387687443],[-157.7429438264236,21.324669426603673],[-157.742809092073,21.3246413171785],[-157.74266841125385,21.32460412948554],[-157.7423918701712,21.324529788909725],[-157.7422621497838,21.324479132334524],[-157.74213340458903,21.324455584932004],[-157.74206875568143,21.324405415945154],[-157.74181576720477,21.324254467920685],[-157.7417101488023,21.324203991300777],[-157.74164515265576,21.324194471161956],[-157.741539303318,21.324171093776407],[-157.74147419265324,21.324175121441442],[-157.74135722712955,21.324183278641453],[-157.7412921183711,21.324187308056512],[-157.74114521854648,21.324172654973882],[-157.74099855180384,21.324130905157347],[-157.7408986894856,21.32411208905031],[-157.74082300285272,21.32408442116302],[-157.74071723081602,21.32405201016021],[-157.74065841529244,21.324024468564215],[-157.7405755773106,21.323987713316654],[-157.74046972832667,21.323964335272684],[-157.7402762193044,21.3239041656459],[-157.74018829040497,21.323898989969305],[-157.74011128523546,21.3238848624191],[-157.73998844878676,21.323874905502116],[-157.73991739190532,21.323869856127036],[-157.73979941336052,21.323855420445618],[-157.73968870576095,21.32383652324681],[-157.73962985197628,21.323813496953676],[-157.7395467444246,21.323808357086982],[-157.7394707120938,21.323821334882126],[-157.73937687268847,21.32380256394575],[-157.7392889458355,21.323797387817645],[-157.73917703137133,21.32377848033321],[-157.73908929648695,21.323750721333887],[-157.7390063037988,21.323732030636133],[-157.73890663499338,21.323690631514772],[-157.73881283628492,21.323667342830355],[-157.7387417776431,21.32366229295062],[-157.7386540438853,21.323634533738446],[-157.73856510220844,21.323606764515798],[-157.73847134318856,21.323578958198688],[-157.73838959532685,21.32355575970278],[-157.7383017439656,21.323541549950917],[-157.73822473921,21.32352742155402],[-157.7381430281033,21.32349970637632],[-157.73807803353628,21.323490184891348],[-157.73798995250368,21.323503073393052],[-157.73789611449746,21.32348430165588],[-157.73776002383207,21.323474243635182],[-157.73765421437443,21.32344634821062],[-157.73753153305296,21.32341832513222],[-157.73746677228237,21.323381704132135],[-157.73733099178122,21.323335515189747],[-157.73720263398823,21.323266798597558],[-157.73711983601805,21.323225525158385],[-157.7370429465408,21.323197845676265],[-157.73693713743944,21.32316994981597],[-157.7368432234843,21.323160209708394],[-157.7367492312698,21.323159503541707],[-157.73666698050414,21.323195017544663],[-157.73657353520667,21.323271101642234],[-157.7364851024397,21.323324636450437],[-157.73636141624715,21.32341404096411],[-157.73621498828865,21.32348520708905],[-157.73605063982725,21.3235381710114],[-157.73593243000616,21.32355083283082],[-157.73579711811186,21.32359046428866],[-157.73569220461178,21.323598708171694],[-157.73559805742514,21.32361606572554],[-157.73548598894473,21.323615221997077],[-157.7353810347904,21.323627983118666],[-157.7352280752489,21.323617796167426],[-157.73510391739634,21.323621378077892],[-157.73498108361525,21.32361142025333],[-157.7348813000328,21.323583567535852],[-157.734792359201,21.32355579725679],[-157.7347048199384,21.32350545329998],[-157.7346280092317,21.323468739647616],[-157.7345166785116,21.323382081854586],[-157.73441118157027,21.32331805117979],[-157.73435741927975,21.323263444460935],[-157.73427578948795,21.323226695282838],[-157.73419303115395,21.323180905706266],[-157.73408135232393,21.323134895635622],[-157.73401663133995,21.32309375681016],[-157.7339517922542,21.323066167577316],[-157.73383435946093,21.322988496176393],[-157.73372264214703,21.3229470033257],[-157.7336169502168,21.322905554882364],[-157.73350519428354,21.32286857843574],[-157.73342947303286,21.322845422969586],[-157.73334648171434,21.32282673043951],[-157.73322380286112,21.3227987042885],[-157.7331408910506,21.322770978589467],[-157.73302404185645,21.32276557858441],[-157.73294680361334,21.322778547050458],[-157.73288290049172,21.322782582309355],[-157.73281180385544,21.322782045591833],[-157.7327478988034,21.32278608078461],[-157.73259474463134,21.32279847418042],[-157.7325005986429,21.32281583182214],[-157.7324307070773,21.32281530222043],[-157.7323365988857,21.322828143220686],[-157.73225438517835,21.322859140280965],[-157.7321772253993,21.322863073507083],[-157.7320603393239,21.322862191191767],[-157.7319722951832,21.32287056088225],[-157.7318832409448,21.322856337841408],[-157.7318013385287,21.32285120145966],[-157.73166664821574,21.32281856675222],[-157.73160161569746,21.32281355933747],[-157.73145468177322,21.322803416259593],[-157.73138374331026,21.322784813706342],[-157.73131995373515,21.322775298729816],[-157.73120213541517,21.322742790963883],[-157.73109636485054,21.322710374040042],[-157.73099658272372,21.322682519983644],[-157.73090173639596,21.322641152630432],[-157.73080770591952,21.322644956987507],[-157.73066687522103,21.322625825637743],[-157.73070835279012,21.32242740089574],[-157.73075531280986,21.322292253160313],[-157.73078489331039,21.322215692124054],[-157.7307969066286,21.322080279666096],[-157.730802699535,21.32196740440896],[-157.73077922233884,21.3217549388136],[-157.73071446285698,21.32157829533863],[-157.73055505036933,21.321337700723443],[-157.73037367664116,21.32112855706958],[-157.73023191351174,21.320937781491427],[-157.73016179097647,21.32082433026142],[-157.73010270718896,21.320688380925017],[-157.73007328071148,21.320466836658916],[-157.73004976391633,21.320258886609246],[-157.73004362148862,21.320132370741533],[-157.73010282104445,21.319974731425678],[-157.73020295184972,21.319821918002162],[-157.73037339971845,21.319619950278398],[-157.73054295177394,21.319381842740352],[-157.73064895153294,21.319247140641338],[-157.73071343745954,21.319175360783063],[-157.73076074089636,21.3189995631432],[-157.73080753897946,21.31874245957157],[-157.7308838413426,21.318557847976816],[-157.73094824756487,21.31835508103408],[-157.7310257138131,21.31817499406462],[-157.73111320911875,21.317949815283285],[-157.73119522332254,21.317801381269135],[-157.73120758303884,21.31762531978709],[-157.73120163363936,21.31747622207408],[-157.73116559866756,21.31718235956775],[-157.7311072914385,21.316956079718135],[-157.7310896801538,21.31676172385158],[-157.7310309860041,21.316580609404593],[-157.7309137133853,21.316344849991182],[-157.73084864230935,21.316204338879654],[-157.73079601247662,21.31601875419327],[-157.73078450621819,21.31581541160231],[-157.7307665848478,21.315657188942662],[-157.73070198294238,21.31546247749797],[-157.7307076951847,21.315218616039324],[-157.73080195216448,21.315047690343558],[-157.7308840037169,21.314894738920785],[-157.7309833907336,21.314687717124922],[-157.73110089016552,21.31447631687355],[-157.73120124663825,21.314156383131365],[-157.7312656133109,21.313958130597886],[-157.73134210436342,21.313750935807096],[-157.73135372517632,21.313660688534885],[-157.73139515597725,21.313466779760905],[-157.73142395545537,21.313200506309855],[-157.73144144445752,21.31298835048699],[-157.73146561583232,21.312699457915826],[-157.73149519131215,21.312482874578368],[-157.73147742646233,21.312306586653754],[-157.73144741892676,21.31215278967943],[-157.73142972981512,21.311967467739926],[-157.73144208836192,21.31179140698669],[-157.73144169553413,21.311556530267854],[-157.73142948769384,21.3112944634118],[-157.73140072067793,21.310996139671683],[-157.73137669750494,21.310846904646358],[-157.73130591558595,21.310670214127345],[-157.73120107588002,21.30982930141777],[-157.73107715387184,21.30896565867646],[-157.73112383315822,21.308862126191105],[-157.731195268828,21.308681994147438],[-157.73125337332763,21.30851079429641],[-157.73128850909092,21.30834845577933],[-157.73126483445103,21.308158571791136],[-157.73125360251828,21.30806363345752],[-157.7312000769933,21.307841906454783],[-157.73115953629545,21.307651895246146],[-157.73110593536228,21.30743920222899],[-157.73107122031774,21.307131798917435],[-157.73104202862157,21.306883154363955],[-157.73101831755474,21.30669778780133],[-157.73098259510343,21.30650781289096],[-157.73097066185986,21.306354150325937],[-157.73097081472696,21.306196063889384],[-157.73104702999015,21.306020486506117],[-157.7310886946251,21.30593949852984],[-157.7311350237523,21.305876612177084],[-157.73115371720914,21.305804485519086],[-157.73119437264396,21.305700907502953],[-157.73120027737613,21.30557448049818],[-157.73120633818306,21.30542998911221],[-157.73122954025703,21.30525401000536],[-157.73126451801554,21.30510973667054],[-157.73131220586012,21.305028794034158],[-157.73136486841955,21.304929822430488],[-157.73137637188097,21.304853124675446],[-157.73136459337158,21.304681396803197],[-157.73130625090192,21.304459633474494],[-157.73124674148372,21.304233346293262],[-157.73122415776055,21.304057019184775],[-157.73118797009064,21.303921242865837],[-157.73115345472004,21.303731277053792],[-157.73107039265747,21.303441575518153],[-157.73094706346336,21.303070268007797],[-157.7309004219894,21.302889244374125],[-157.73085381748098,21.3027037041659],[-157.73086497042334,21.30252763327051],[-157.7309058170559,21.302401470682682],[-157.7309351989715,21.30234749198764],[-157.73094666264151,21.30227530897564],[-157.73095342403244,21.302189542682385],[-157.73091183505457,21.301981456097945],[-157.73082325650057,21.301773015092678],[-157.7307651853818,21.301519633931967],[-157.73078310304695,21.301397816149027],[-157.73078313846622,21.301253280176624],[-157.7307536375325,21.301040767883634],[-157.73069988196178,21.30084614000402],[-157.73065922694474,21.3006696782979],[-157.73061779193847,21.300443525432467],[-157.73062983936217,21.300303596903152],[-157.7306294856121,21.300064203385773],[-157.73063609145166,21.299856481161044],[-157.7306467375992,21.299599105037913],[-157.73062384037127,21.29931889077398],[-157.73060611370386,21.298998064818445],[-157.73059433618096,21.298826335940447],[-157.7305768815311,21.298613915357343],[-157.7305710507547,21.298451266822532],[-157.7305824739694,21.298243582706395],[-157.73055888064908,21.298044663628637],[-157.7305177589563,21.297922400475155],[-157.73044177507884,21.297790838836427],[-157.73036485996008,21.297627654044028],[-157.73033602176486,21.29747838245663],[-157.730277254387,21.297306300850213],[-157.73020667433906,21.29710702723367],[-157.73014716991267,21.296880739709838],[-157.7300885979631,21.296686071688132],[-157.7300125733696,21.296419004263633],[-157.7299649607833,21.296210868368505],[-157.72986577492128,21.295975244015057],[-157.72978878176846,21.295821088477776],[-157.72968889779688,21.29566676195012],[-157.72961272166705,21.29555778094405],[-157.7295245749048,21.295439677668163],[-157.72952488392644,21.295263523100637],[-157.72957163258334,21.295010933620574],[-157.729636455465,21.294758477819844],[-157.72972385838315,21.294542329853087],[-157.72983632480157,21.29421345075054],[-157.72992352916168,21.293879863176755],[-157.73000653857463,21.29361399655463],[-157.73006541151966,21.293352464618945],[-157.73011744521344,21.293045710787727],[-157.73017600928162,21.292820310310965],[-157.73020577496507,21.292581142927787],[-157.73024055082803,21.292319429091513],[-157.73022966405318,21.292043817549565],[-157.7301934385067,21.291772534419216],[-157.7301646759963,21.291614227831086],[-157.7301528583869,21.291447013562973],[-157.73013516767543,21.29112166807066],[-157.73014693950375,21.290873328500357],[-157.7301883226146,21.2905439117488],[-157.73024711366705,21.290151390408468],[-157.73030598289216,21.289749834104892],[-157.73041098336458,21.289447998105555],[-157.73050560934288,21.28923190389326],[-157.7306282164508,21.28898440355567],[-157.73071708827908,21.288736647861725],[-157.73074028224357,21.288420643324546],[-157.73079336001027,21.288131966054333],[-157.73081659239858,21.28781144581808],[-157.73091661384498,21.287387615059284],[-157.7309691869534,21.287157652911198],[-157.7310391711012,21.28686458606249],[-157.7311275001978,21.286680061820288],[-157.731186683203,21.28652241897943],[-157.73122698191577,21.286459486759117],[-157.73125087693592,21.286342228712662],[-157.7312507137008,21.28608025105768],[-157.731221483205,21.285836119052508],[-157.7312037532868,21.28551528995067],[-157.73119745103418,21.285266813856804],[-157.731186444057,21.285004754461205],[-157.73116322465373,21.28434060146575],[-157.73115691680297,21.283952103807678],[-157.73111559589773,21.2835723769024],[-157.7311213023194,21.28332850900651],[-157.7310980950254,21.283084424129793],[-157.73109793638196,21.282962467932624],[-157.73102712464285,21.282790292140145],[-157.7308860126934,21.282527251279834],[-157.73079419900606,21.282345883413107],[-157.73025486866902,21.282438923547588],[-157.72974938607425,21.282658690869862],[-157.72922472813917,21.282937028231753],[-157.7287660146099,21.283181988061685],[-157.72818896735697,21.283457669884427],[-157.72753633015367,21.283626630714206],[-157.72667230636412,21.283789471020725],[-157.72593244473555,21.283874204243094],[-157.72579429258494,21.283827987715327],[-157.7248355227025,21.284010427255165],[-157.7246336908361,21.28443348009695],[-157.72406535980326,21.28446530285276],[-157.72349644670865,21.28449486174848],[-157.72281683006952,21.284717801377965],[-157.72249328130601,21.285004421033438],[-157.7220794480958,21.28542134403087],[-157.72188306355926,21.285352098117976],[-157.72218804501307,21.284914022899475],[-157.72245924818088,21.284620231433863],[-157.72247157003716,21.284518695120845],[-157.7222570358498,21.284528357573805],[-157.7211367500854,21.28464857349562],[-157.72035601776267,21.28472167935524],[-157.7196958737165,21.28478214981938],[-157.71921298221662,21.284755888662943],[-157.71870757156165,21.284686545739785],[-157.718101823777,21.28458707623874],[-157.7173334306062,21.284348601372653],[-157.7167538736396,21.284007676978263],[-157.7161898490016,21.28361266622218],[-157.71531731421302,21.283158838063404],[-157.71447375024738,21.282768462382155],[-157.71358758910426,21.28249745050717],[-157.71267754729206,21.282271422531597],[-157.71196959953517,21.282080813663946],[-157.71150852887058,21.28197113733535],[-157.71103844550532,21.28165135835904],[-157.71038804037485,21.28107950898702],[-157.7101699170702,21.280533559164706],[-157.71054237029267,21.280927119580706],[-157.7107793214669,21.28110960951037],[-157.7107889958361,21.280759630425145],[-157.71056449651303,21.280254283679476],[-157.71011534409672,21.279607190938716],[-157.7096061949643,21.27879477419511],[-157.70907564184802,21.277467272971155],[-157.70882745316246,21.276433270358396],[-157.70870409697366,21.27558993568684],[-157.708741148702,21.274933020551398],[-157.70893794581357,21.274123759473998],[-157.70900851312717,21.273629706785883],[-157.70893275587898,21.272992252529747],[-157.70877844429702,21.272038018145476],[-157.70861579954706,21.271000181882638],[-157.70862543092207,21.27009917544637],[-157.70863126904615,21.269981786251723],[-157.70864305240272,21.269873476284044],[-157.7087423099913,21.26968001972559],[-157.70871399923325,21.269472034000742],[-157.7086960601605,21.26931832791323],[-157.708748887997,21.269061281641438],[-157.70876043380693,21.26898007080617],[-157.70886066076687,21.26881372072919],[-157.70895407856014,21.26873765500792],[-157.7089894820062,21.268683724332227],[-157.7091131051247,21.268458838168936],[-157.70927796752957,21.268062634569866],[-157.70937671493377,21.26792789060076],[-157.70959491877989,21.267631461882726],[-157.70964749814254,21.267541529737723],[-157.70972996707033,21.26733891018383],[-157.70980590589045,21.267194959390416],[-157.71012949289678,21.266831586101485],[-157.71018242382723,21.26670100766038],[-157.71024635530955,21.26655244516581],[-157.71027033746694,21.266426161925914],[-157.7103465963434,21.266106062198887],[-157.7103990201922,21.26603419590453],[-157.71042863358227,21.265953122253386],[-157.71052275488321,21.26579575699692],[-157.71068701426077,21.265607315946188],[-157.710763607128,21.265526600782042],[-157.71081047570053,21.26540049253034],[-157.71083406774804,21.26531937181505],[-157.7109636762496,21.264959028327237],[-157.7110284672531,21.264711106161993],[-157.71128028218567,21.264288464120895],[-157.7113859088544,21.26405440546835],[-157.711445518592,21.26398711056513],[-157.71147987062741,21.263915105671547],[-157.7115395981636,21.263834262025348],[-157.71159209820803,21.26375336399829],[-157.7117098060705,21.263514877912737],[-157.7117443562376,21.26342029299276],[-157.71176254941219,21.263266863239817],[-157.7117390072498,21.26320344936029],[-157.7117207912974,21.263081359124655],[-157.711686180131,21.262904943311664],[-157.7116214186134,21.26273281201639],[-157.71145123651098,21.26263214404744],[-157.71138056050503,21.262586434355985],[-157.71141535254776,21.26232473199775],[-157.71145083108226,21.26226176936795],[-157.71162133493314,21.262186291268012],[-157.71167399052092,21.262087326110212],[-157.71168553589962,21.26200611491459],[-157.71165006434956,21.261929059315175],[-157.71157468825146,21.26186976598026],[-157.71152126734512,21.261779022615933],[-157.71153277349072,21.261702326161082],[-157.71147407271394,21.261525726122766],[-157.71144450815697,21.26146226616084],[-157.71135072037305,21.261303462446158],[-157.71127461796638,21.26104994485967],[-157.71126312081208,21.260986623931156],[-157.7111986236418,21.260922895898048],[-157.71103920616287,21.260831341780957],[-157.7109639468802,21.26075849767919],[-157.71092835995947,21.260694991574482],[-157.7107931114442,21.260594588427598],[-157.71061072962948,21.26051189102899],[-157.7104753616015,21.260425036333164],[-157.7103527470726,21.260256980588057],[-157.71019360332446,21.260133809054626],[-157.71008784180876,21.260105899514567],[-157.70987627765854,21.260054594051123],[-157.70981772741462,21.259999945623512],[-157.709811440631,21.259891497049704],[-157.7097878988254,21.259828081128546],[-157.70965918225448,21.25966901188093],[-157.7095298401715,21.25958220260885],[-157.7093888741247,21.259585639135377],[-157.70928893809568,21.259580355191297],[-157.70896566006792,21.25963207755454],[-157.70890201658813,21.25960900675331],[-157.70879532588333,21.259549470562206],[-157.7086310126353,21.25946690953809],[-157.7085314302104,21.25942097996204],[-157.70846036567116,21.259420434500043],[-157.7083257750564,21.259383268393538],[-157.70826718339114,21.259333135072282],[-157.7081496927182,21.259269000689336],[-157.70804983578006,21.259254683862792],[-157.7078972056998,21.259352879635557],[-157.70778544879164,21.25946042231069],[-157.70765030850072,21.259486487121528],[-157.70732682991854,21.259145249358127],[-157.70719818366933,21.25911716343644],[-157.70710427267676,21.259111925331027],[-157.70689801382528,21.259281976291586],[-157.70673994904098,21.25931237860906],[-157.70642855851426,21.25938225463313],[-157.70632815326513,21.25943116641635],[-157.70614591867667,21.25947041630321],[-157.70603421385326,21.25943342317411],[-157.70596454832813,21.25941030414816],[-157.70585805538795,21.259328187129437],[-157.70577012657373,21.2593275110414],[-157.70569971508476,21.259390201448475],[-157.70563478880163,21.25937615415189],[-157.70552421072856,21.259348203910378],[-157.70535305375202,21.259360437034562],[-157.70505941563766,21.259466579690848],[-157.70488351936342,21.25946974406419],[-157.70473082134416,21.259436951903954],[-157.7046312007864,21.25939553570775],[-157.7038556585901,21.259371500523777],[-157.7036911771986,21.259447018882337],[-157.7036261720807,21.259442001158146],[-157.70349752645882,21.25941391062799],[-157.70328541628774,21.259425826601095],[-157.7030799419444,21.259505544873296],[-157.70296259210684,21.259563357861367],[-157.7028863940421,21.259598904250712],[-157.70265127976944,21.25962419284468],[-157.7021814263569,21.259769622559546],[-157.70189331422668,21.259794502864924],[-157.70132314916404,21.259839789139104],[-157.7006657075742,21.259947633455994],[-157.69980231642404,21.260189387521038],[-157.69960262411564,21.260296244246057],[-157.69938482668215,21.26040748053174],[-157.69925523496687,21.260487778664096],[-157.69878581056085,21.260583519618116],[-157.69857989973954,21.260712912064527],[-157.6983799328407,21.26085138288582],[-157.69817433508538,21.260944642659172],[-157.69784603660284,21.26101888868829],[-157.69767556763773,21.261089836055273],[-157.69754030536382,21.261129442121234],[-157.69748118611747,21.26127803391372],[-157.6973470506598,21.26132667945002],[-157.69685300835627,21.26148094047173],[-157.69618347389752,21.26172869282004],[-157.69592425987977,21.261753786269985],[-157.69571332317204,21.261905719300536],[-157.69490824071835,21.26222468359492],[-157.69466144356176,21.262344720705322],[-157.69410374442762,21.262751413718146],[-157.69397438310438,21.262804610262773],[-157.69388046585183,21.262799365558866],[-157.6935391240856,21.262710900159497],[-157.69332206649509,21.262736317227464],[-157.69321675517529,21.26279421647116],[-157.69315239955463,21.262852433259585],[-157.69305834020733,21.263000754994266],[-157.69299876278723,21.26306352558558],[-157.6929221620722,21.263144230458508],[-157.69281155458353,21.26325629008698],[-157.6925819758932,21.26333580624984],[-157.69202427857803,21.263466976433598],[-157.6918764884907,21.26356067774545],[-157.6918119077896,21.263781493780932],[-157.69191247062102,21.263990042283982],[-157.69194741917914,21.264125814262588],[-157.69193003948823,21.264184396075432],[-157.69194137078043,21.264265784808323],[-157.6918707270874,21.264491068777797],[-157.691882896233,21.26488863165738],[-157.69189442512192,21.264947437874458],[-157.69191784300017,21.265024403622615],[-157.69204109602643,21.265255712253314],[-157.69221786546606,21.265428718545888],[-157.6923292963398,21.26549733369453],[-157.69291682683277,21.26567353017038],[-157.69391525551782,21.265974860457767],[-157.694174415632,21.266094306211063],[-157.6943262489947,21.26622646496027],[-157.6944202635913,21.266358180102763],[-157.69444384037263,21.26641707953701],[-157.69457280187532,21.26668456161761],[-157.69468504409636,21.26679834969605],[-157.6948141665536,21.267047768321355],[-157.6948785413039,21.267125050981605],[-157.69513687116984,21.267339337478422],[-157.6952070720756,21.26743924740089],[-157.69520728728287,21.267552165770937],[-157.69500777195776,21.267911952914766],[-157.6948143016804,21.268131771752333],[-157.6947844802717,21.268235425597776],[-157.69484893514317,21.26830367347129],[-157.6951309675581,21.268287793457098],[-157.69530751274334,21.268212378475344],[-157.69557242633007,21.268087963445897],[-157.69580080851964,21.26800843243133],[-157.695988606237,21.26802343736532],[-157.6961474538953,21.26804273487181],[-157.6961182849788,21.268209624918313],[-157.696035696695,21.268561287256322],[-157.69600636836478,21.268746244185763],[-157.695970972852,21.26921118841225],[-157.69597134146485,21.269581558165402],[-157.69601873494457,21.269672257633694],[-157.69601203936904,21.269748989818083],[-157.69602951558977,21.269816875465644],[-157.69595344131608,21.270249887077725],[-157.6957943818422,21.27080420740817],[-157.69565392838354,21.271159935475495],[-157.6955426475596,21.271348773589214],[-157.6953953044013,21.271528300528107],[-157.69524253208886,21.271640033110252],[-157.6950720854486,21.271706462338027],[-157.6949017202431,21.271763858396753],[-157.6948720573225,21.271849446173864],[-157.69480179161144,21.271894068978938],[-157.6947258204007,21.271902513969927],[-157.694444096893,21.271882261818313],[-157.69439660040618,21.27194061223814],[-157.6943321973126,21.27200334841555],[-157.69404951917147,21.272091491610617],[-157.6937034737121,21.27212494125028],[-157.69329204983725,21.272058513281515],[-157.69299878856728,21.271843946488705],[-157.69270411919643,21.27165195864957],[-157.6925343723457,21.271501589370907],[-157.69245771147442,21.271451311305114],[-157.69221142607438,21.27123711415396],[-157.69205810780016,21.271136555030754],[-157.69188273440417,21.270940975199036],[-157.69181782888336,21.27078690520423],[-157.6917591323488,21.270474799692163],[-157.69174679393817,21.270370819133625],[-157.69164119671575,21.270049314852805],[-157.6915704293978,21.269877132026018],[-157.6914472934753,21.269632274427853],[-157.69126570087852,21.269459227954254],[-157.69109459552507,21.269326914936226],[-157.6909601551922,21.269271669635106],[-157.6908543886954,21.269243746975008],[-157.69074826464956,21.269256471820793],[-157.6906487328749,21.2693415149163],[-157.69061324291044,21.269404472565654],[-157.6905902621073,21.269688844572855],[-157.69049012081786,21.269706131641176],[-157.69043706642907,21.269574735514684],[-157.6903201683716,21.269031824644106],[-157.6902789215521,21.268927621093635],[-157.69016748826343,21.268859003620847],[-157.69009661470568,21.268835870384116],[-157.6898206432191,21.268847271319228],[-157.68967303416076,21.26878288991439],[-157.68953887479105,21.268696028073517],[-157.68939701006857,21.268663307844527],[-157.68931489932436,21.26868525310909],[-157.68929751796603,21.268743834538125],[-157.68930331366087,21.268906478250884],[-157.68929159824106,21.269005754991408],[-157.68920961883614,21.26914965040398],[-157.68916237280573,21.269316399130503],[-157.68905092547374,21.269523298608725],[-157.68901515674432,21.269617868632366],[-157.68866336858153,21.270030664027626],[-157.68862177454344,21.270102606397135],[-157.68856335688469,21.270169901894675],[-157.68839204639656,21.270471185878556],[-157.68817519999743,21.27074501155269],[-157.68789306512863,21.271045431024813],[-157.6878574935034,21.271117420074535],[-157.68786376607738,21.27122586854103],[-157.68789324576517,21.271298365159776],[-157.68788140901898,21.27141118937672],[-157.68781102434454,21.271469359561973],[-157.68766968615463,21.271513423885555],[-157.68758733525624,21.271562464441608],[-157.6875229315458,21.27162519608586],[-157.68744665350167,21.271805267472047],[-157.68744706090695,21.271895606648332],[-157.6874053133467,21.27225662265137],[-157.68739347318765,21.272369450389004],[-157.68729385341226,21.272463526015034],[-157.68706422016447,21.27268305597251],[-157.6869762465358,21.272822391052088],[-157.68685354312046,21.273074372607102],[-157.68680046530883,21.273218495488575],[-157.6868180982974,21.27340381988202],[-157.68682344211433,21.27348064711436],[-157.68688219312995,21.273648226651083],[-157.68693475640814,21.273698321176468],[-157.68697002032036,21.27393346777087],[-157.68698752795666,21.273996839418544],[-157.6870932212841,21.27416930159147],[-157.6870707773518,21.27425494582542],[-157.68702873853928,21.274376568995276],[-157.68659447424537,21.274576437555307],[-157.68634752957746,21.274710012162227],[-157.68626569751234,21.274835843359103],[-157.68627670344472,21.274953364113134],[-157.6862706819678,21.2750888210568],[-157.68625382150717,21.27522419345867],[-157.68628289816394,21.27534185695824],[-157.68630032642062,21.275414259829457],[-157.68627623801996,21.27554957495113],[-157.68633603336067,21.275735229980263],[-157.68630054166854,21.27593369040967],[-157.68622352578646,21.275924055210485],[-157.6860952692064,21.275850786026226],[-157.68577197899495,21.275762442899676],[-157.68531321101938,21.275736275107032],[-157.68493101592793,21.275633920231805],[-157.68457315555145,21.275640155815527],[-157.68442072967747,21.275711233152542],[-157.68439061623454,21.27584650086263],[-157.68441402766896,21.275923469221194],[-157.68444366317576,21.275977902220575],[-157.68460826364029,21.27629987923786],[-157.68468488413984,21.276490181145487],[-157.68466689475432,21.2766165099889],[-157.68465517648212,21.276851289950617],[-157.68460763347176,21.27691415376695],[-157.68451981445642,21.2768999166069],[-157.68434357130218,21.2768036864269],[-157.6841739541383,21.276639756840588],[-157.68405609914646,21.27661625120704],[-157.68398012613017,21.27662469119626],[-157.68399675287804,21.276787422946477],[-157.68396145857798,21.27696330209507],[-157.6838916693894,21.276953723183475],[-157.6837738543992,21.27692569905736],[-157.68347377558987,21.276936902303596],[-157.68338607822275,21.27704461798895],[-157.6833269309644,21.2771932088454],[-157.68325718275418,21.277314614238644],[-157.68278118497423,21.277464459503776],[-157.68259285882556,21.27764365454072],[-157.6825043971447,21.2777016790376],[-157.68233968210538,21.277799758944003],[-157.68214629518897,21.277870510880884],[-157.6819290551036,21.277913977884605],[-157.6818588240268,21.277954077536783],[-157.68180533662115,21.278007859479725],[-157.68176971938885,21.278219867996818],[-157.68169944817913,21.27839998681726],[-157.68165246611957,21.278535122724655],[-157.6817166754467,21.27863047609733],[-157.6818000791909,21.27873501506983],[-157.68179321268144,21.278829813893903],[-157.6816763608784,21.278828896528964],[-157.68150003702655,21.278741696317798],[-157.68138194035552,21.278609786656215],[-157.68130046616497,21.278559464060944],[-157.68123489229865,21.27861766614461],[-157.68123505221098,21.278735103892423],[-157.6812527588282,21.279046896411312],[-157.68118276857126,21.27905989870879],[-157.68090653890764,21.27896288193142],[-157.68071242747055,21.27897942770036],[-157.68054200856815,21.2789058213158],[-157.6804419004283,21.278918586438266],[-157.68038351576618,21.278981363991697],[-157.6802895498326,21.2791161285857],[-157.68012543405973,21.279281960862082],[-157.6799668581474,21.27936653422963],[-157.6798662679997,21.279433494841246],[-157.67974949486108,21.279559046739127],[-157.67945563494354,21.279683209150065],[-157.67930175795064,21.27978136905213],[-157.6787560806138,21.279908069273425],[-157.67855646619208,21.280001352836518],[-157.67844499246806,21.280072745736327],[-157.67835592544603,21.28019851490542],[-157.67829119318446,21.2802973734047],[-157.67823276481082,21.28036466477155],[-157.6782212789015,21.280436842251657],[-157.67813285520953,21.280490349604772],[-157.67806900861063,21.280489845727185],[-157.67797411969372,21.28045748336562],[-157.67774507361082,21.280338247875324],[-157.67767460254822,21.280269942808143],[-157.677562689655,21.2802555127773],[-157.67749225446164,21.280318194611315],[-157.67749830826673,21.28072022945571],[-157.67745112164025,21.280877943546884],[-157.67741048231105,21.28097699358363],[-157.67735169080402,21.281084932794506],[-157.6770338914869,21.28132633630948],[-157.67689852178245,21.2815104562777],[-157.6768931374512,21.281573648906733],[-157.67720474743294,21.281621268382164],[-157.6772983898775,21.281658138189748],[-157.67735673652228,21.281735380856126],[-157.67728123940591,21.281825122582994],[-157.6772277922242,21.281874385543734],[-157.6768520483943,21.28199338035453],[-157.67660504354367,21.282131456832],[-157.676252270741,21.282241598119835],[-157.67619962071103,21.282336033889553],[-157.6762292552183,21.282390468211794],[-157.67629414367556,21.28254454700652],[-157.6763402804043,21.28263976205036],[-157.6763407191677,21.28272558250622],[-157.67628811228596,21.282815504563107],[-157.67620514609814,21.282932285897814],[-157.67611105443848,21.283080596265368],[-157.67607053385555,21.283166095580658],[-157.6759471678679,21.28335482577522],[-157.67574075464145,21.283669372552637],[-157.67537639745,21.284131723026068],[-157.67521841743405,21.28428404787103],[-157.67501823048397,21.28444055449452],[-157.67484149835784,21.284534011482624],[-157.67457207313646,21.284888708953197],[-157.67444818518732,21.285000650371362],[-157.6743720061235,21.285031666250724],[-157.67413704313932,21.285169830827357],[-157.67391396500926,21.285326156661792],[-157.67364306279165,21.28544145357313],[-157.6732842564656,21.28555154062047],[-157.67286790537153,21.28562955589447],[-157.67272089179502,21.285632911106262],[-157.67246794509893,21.285626396537733],[-157.6719624004831,21.285572714449934],[-157.67174485418673,21.285647776300493],[-157.67153441820057,21.28573644517891],[-157.67128715898355,21.28576610516461],[-157.67076412984318,21.285780030341556],[-157.67048807877293,21.285795910622394],[-157.670276032091,21.285929731055322],[-157.67007017016368,21.286045534783863],[-157.66992415212914,21.286071477433776],[-157.6697773326537,21.286052245932122],[-157.6696531612596,21.28606029567718],[-157.6694769813608,21.286090516379588],[-157.66928340978046,21.286179315619613],[-157.6691367035007,21.286282035385053],[-157.66898991281832,21.286393789687434],[-157.66886034504446,21.28660053033226],[-157.66872555333237,21.286852395415778],[-157.6685776697161,21.287086091571112],[-157.6685308363083,21.287203152621657],[-157.66846069666119,21.287500699090213],[-157.6684189637466,21.287586184875387],[-157.66839550719172,21.287649232274074],[-157.66836610630756,21.287703199118653],[-157.66833068167276,21.287757119213776],[-157.66810179281592,21.28802178784797],[-157.6679252073739,21.288097169440867],[-157.66764392700847,21.28815816931351],[-157.6670326185018,21.28820751613755],[-157.66683828302848,21.28824662099948],[-157.6666441815999,21.28839413071671],[-157.66632762622004,21.28862648234086],[-157.66595107191873,21.288831257308818],[-157.6658515498243,21.28891176584751],[-157.66578643858003,21.28905126585147],[-157.66571056400377,21.28918164608792],[-157.66548066929437,21.2894237181233],[-157.66554021803253,21.289500977824982],[-157.6655867581068,21.289551031113792],[-157.6655570316717,21.28964112800173],[-157.66546361411383,21.28971265204001],[-157.66509279813846,21.289949084990493],[-157.66491118604915,21.290047007174678],[-157.6645870714774,21.290315429329144],[-157.66435212265472,21.29044906002076],[-157.66417055029166,21.290542464906586],[-157.66360608368154,21.290741220789403],[-157.66351792975178,21.290763101112187],[-157.6632831037285,21.290883181834037],[-157.66311831528446,21.290985752316377],[-157.66285445069377,21.291119148444732],[-157.6624484598453,21.29124689632903],[-157.66229592437526,21.29132698134254],[-157.66218390337178,21.291457070708447],[-157.66208425489035,21.29155112699046],[-157.66197798879637,21.29157738017441],[-157.6619081101089,21.29157682291042],[-157.66139088451467,21.29161334608093],[-157.6612906031735,21.291644163169334],[-157.66121404918783,21.29171581879461],[-157.66118464679514,21.291769783291105],[-157.6611374797167,21.29192297417883],[-157.66108481746127,21.29201740443588],[-157.661008572921,21.29218842919517],[-157.66093189674714,21.292273634861974],[-157.66081409443277,21.292376576702935],[-157.6605030743944,21.29252766166477],[-157.66029217615872,21.29266599356699],[-157.66008634030422,21.2927772676784],[-157.65985693976998,21.292829636132623],[-157.65962710652303,21.292796181633143],[-157.65943915594968,21.292794680358973],[-157.65919909230453,21.292693395245742],[-157.6588638261583,21.292460363722533],[-157.65865269944703,21.292490292380602],[-157.65855835895954,21.292530188626724],[-157.65840547343953,21.29278190005173],[-157.65827064008795,21.292902771264952],[-157.65799949836347,21.293040618141973],[-157.65788193851034,21.29311646104589],[-157.65778261429276,21.29317438318216],[-157.65771228584094,21.293223503891184],[-157.65781720836256,21.293346293694245],[-157.65788210462662,21.293364879963573],[-157.65798161263632,21.293419877067876],[-157.65825774098477,21.293530484914125],[-157.658598928234,21.29364161533242],[-157.6587284363796,21.29371040044074],[-157.65892829451585,21.293861048389346],[-157.6590801233996,21.293993244683204],[-157.65923954895948,21.294084854221065],[-157.6593865363537,21.294086026821574],[-157.65970968862652,21.29392600996368],[-157.65989768063577,21.2939229945781],[-157.66049047365235,21.29405871437637],[-157.66068456971476,21.2940467149971],[-157.6608440940669,21.29399378775568],[-157.66134886288063,21.29373585117296],[-157.6614194176843,21.293795130084032],[-157.66142570973457,21.293899063651942],[-157.6613309865243,21.29411510817065],[-157.6612835516782,21.29416441338202],[-157.6611487990919,21.294276254068766],[-157.661084209724,21.294357039130542],[-157.66104929500924,21.294487743608492],[-157.66099048594435,21.294595675125226],[-157.66080815072226,21.294639385669257],[-157.66060851707294,21.294597141869268],[-157.66039060699973,21.294577334329244],[-157.65976853136056,21.29448203169328],[-157.65945640100668,21.294488570477945],[-157.6593331843386,21.294523718556892],[-157.65916265387781,21.294594621829],[-157.65908019524736,21.294652680862676],[-157.6589399892903,21.294701241734156],[-157.65849931040097,21.29466610188789],[-157.65831658469753,21.294619473406282],[-157.6583221397588,21.294538218009816],[-157.65847527252473,21.294525892874923],[-157.6586222612505,21.294527068883355],[-157.65905074446988,21.294444677530965],[-157.65913906500097,21.294404734915428],[-157.6591980362468,21.294278739294203],[-157.6591565620022,21.29420162414729],[-157.65908114786305,21.29414682055266],[-157.65885766454747,21.294077283316255],[-157.65865155763825,21.29408466811245],[-157.65849915820115,21.294015700490814],[-157.65834588107305,21.293910590841538],[-157.65822294873195,21.293914123140205],[-157.65807539150813,21.29397617676541],[-157.65768266255463,21.293968517651717],[-157.65765901659958,21.294185129389124],[-157.6576587330735,21.294483226195602],[-157.65762887960264,21.294586871507068],[-157.6575764191945,21.294658717460734],[-157.6574817498673,21.29473474437881],[-157.65747599213998,21.294838581847397],[-157.65755851269682,21.294906991264284],[-157.657776299647,21.294940349933903],[-157.65789994654762,21.294991024679007],[-157.65805169452042,21.29513225474712],[-157.65827481195612,21.295242440019344],[-157.65831657293097,21.295287940411534],[-157.65830515777805,21.29535108209027],[-157.65822794834182,21.29549499802452],[-157.65808668016058,21.295660985119135],[-157.65796999688675,21.295772968944416],[-157.65789878947385,21.29578594957576],[-157.65779388856174,21.295794142022515],[-157.65769899226726,21.295761766175247],[-157.65755872268167,21.295683859997744],[-157.65745214476647,21.295610740114597],[-157.6573347466228,21.295668516811023],[-157.65723537941716,21.295730954021856],[-157.6571704619751,21.295847869704502],[-157.65708783972082,21.295923990658334],[-157.6570055446772,21.29596398110849],[-157.6569116490711,21.29595419563464],[-157.65661254601844,21.295852433757183],[-157.6565123821397,21.295869698508156],[-157.6563890405732,21.295918393582138],[-157.6562299824072,21.296052619757116],[-157.6558309994045,21.29646947112908],[-157.65575954701902,21.296509548438188],[-157.65553653030457,21.296521310938687],[-157.65538374128795,21.29662848585692],[-157.65533132107947,21.296695816396287],[-157.65530789654014,21.29675434419997],[-157.6553314634557,21.296813250166085],[-157.65530766911786,21.296912424804674],[-157.6552481383563,21.296966146458956],[-157.65517747661838,21.29705139364064],[-157.65493062141863,21.297166846289397],[-157.65488364663142,21.297297448267887],[-157.65486006740602,21.297505022757143],[-157.65480760072694,21.29757686766666],[-157.65466647079705,21.29759380018855],[-157.65443808712948,21.297533253986987],[-157.65433774504473,21.297437599203928],[-157.65429020933624,21.297364953040542],[-157.65427316506694,21.297251901810103],[-157.65429077257863,21.297170744854462],[-157.6542793823315,21.297098387706992],[-157.65422086867719,21.296908223866808],[-157.65416144861396,21.296817413865018],[-157.65408572929195,21.29666324091311],[-157.65400947935203,21.29656777953021],[-157.6539322482329,21.29658070936979],[-157.65390953829117,21.29669344267174],[-157.65393256995188,21.296811062173777],[-157.65394361603165,21.297186024742086],[-157.65394985783985,21.297294472854336],[-157.6540208306699,21.297439572613253],[-157.65407908526092,21.29752585569982],[-157.6540724976283,21.297720014781504],[-157.65352615902327,21.29764336404098],[-157.6533564826874,21.297619418198703],[-157.6531853958318,21.297618044602405],[-157.6530854064118,21.2977482217226],[-157.65307964153695,21.297852055191104],[-157.6530329912383,21.297946528848446],[-157.65289236588922,21.298040247570167],[-157.6527099412023,21.29809297997568],[-157.65245078628683,21.29823542806223],[-157.65214019518146,21.29833681131439],[-157.651986397301,21.298421389349702],[-157.65172249806145,21.298423783884147],[-157.6516465511255,21.298427689431144],[-157.65137576829514,21.298655856114493],[-157.6513052271947,21.298727552270755],[-157.65123497642193,21.29876763807641],[-157.65109372145764,21.298798116737192],[-157.65099305854133,21.29886957130591],[-157.65085862013942,21.298945269965053],[-157.6508112279127,21.299121033708126],[-157.65073504334467,21.29928301727395],[-157.65071768817714,21.29946805527587],[-157.65065887578658,21.29970695897733],[-157.65064006013597,21.29978810393216],[-157.65064035780821,21.299887470896067],[-157.65038229749877,21.30030543252482],[-157.65036971393116,21.300364045546754],[-157.65041097397062,21.300463742831113],[-157.65041106525584,21.30058568999531],[-157.6503519543796,21.30072522656537],[-157.65033468384323,21.300901231677447],[-157.65029301704305,21.300977678355178],[-157.65017026205385,21.301225098744624],[-157.65009403337285,21.30139159647515],[-157.65007530712336,21.301594690257478],[-157.64999870776387,21.30180183375056],[-157.6498876709099,21.302085479935926],[-157.64988701070288,21.30215774057168],[-157.64994052760898,21.302234952636475],[-157.64994593296927,21.30230274339877],[-157.64995787430016,21.302578349122605],[-157.64988750574688,21.302762960644298],[-157.64986935760209,21.302902826531064],[-157.64979948396876,21.30303324297758],[-157.64978158232864,21.30314601223179],[-157.6497992919369,21.30331778297382],[-157.64979888735877,21.303493925086016],[-157.64954561566591,21.30351898202809],[-157.6494464031686,21.303563347604843],[-157.64934603279835,21.303734166003753],[-157.64917029236847,21.30384566352725],[-157.6490405459662,21.303934946502647],[-157.6489108387634,21.304019714759985],[-157.6488937839791,21.304435099019976],[-157.64892890591673,21.304679272797745],[-157.64911654591896,21.30484789944374],[-157.64917461612558,21.30534970298227],[-157.64919801920828,21.30555765147986],[-157.64920996000882,21.305833256197634],[-157.6490212264898,21.306179506442536],[-157.64898030798798,21.306305639081753],[-157.64900395865908,21.30648649008835],[-157.64903392385483,21.306635777395673],[-157.6489865192679,21.30668056041037],[-157.64897996511323,21.306870203215915],[-157.64896214577968,21.306973939486184],[-157.6490035476286,21.30732204481814],[-157.64899790204004,21.307412330464462],[-157.6490212968558,21.307489300938506],[-157.6488748830979,21.30755586610476],[-157.64883313184333,21.307641343219085],[-157.64886222257275,21.307754491487955],[-157.64896859201073,21.30785019798926],[-157.64916736808507,21.30798729793033],[-157.64921511076733,21.308037364412165],[-157.64918549018114,21.308113906459386],[-157.6490912995633,21.308135728336207],[-157.64903853893176,21.30823918309964],[-157.6490148350105,21.308591281369125],[-157.64904970274517,21.308731574571546],[-157.64901526228158,21.308808078768728],[-157.64894430895257,21.30905591366868],[-157.64875585161292,21.309239570494782],[-157.6486849753584,21.309347394510294],[-157.64862632011398,21.3095682294537],[-157.64863251666262,21.309681193825288],[-157.64868558090683,21.309808084884693],[-157.6487504061523,21.309966686598713],[-157.6489729586376,21.3102710913789],[-157.649038074472,21.310398080038834],[-157.6490615532659,21.310466017721474],[-157.64906151903077,21.3106015129732],[-157.64900248399107,21.310732014923552],[-157.64891428282954,21.310889382046177],[-157.64893144688077,21.31098888431164],[-157.6495016366629,21.311097366901983],[-157.64960750774551,21.31111628831319],[-157.64971254166574,21.311094553281464],[-157.6499660259066,21.31091593863416],[-157.65015987965114,21.31066909321571],[-157.65018962414513,21.310579002727113],[-157.65023594763113,21.310520661471102],[-157.65039470191533,21.310422578952785],[-157.65058315796233,21.310238920279417],[-157.6506600166772,21.310135660150692],[-157.65074132561003,21.31007308354431],[-157.65095351566885,21.31006124514458],[-157.65105311228763,21.31010721388334],[-157.6511532962417,21.310220935536115],[-157.65129437418946,21.31047499827751],[-157.65140623474812,21.310629463096635],[-157.65154692197612,21.31066221260564],[-157.65161676814347,21.310667292854998],[-157.65180527283985,21.310610096230917],[-157.65194633304165,21.31060219961453],[-157.6526568812325,21.310779552743053],[-157.65286247199884,21.310830889767928],[-157.65293946550085,21.310845059277426],[-157.6530452938699,21.31086849402362],[-157.6533159920296,21.310915839630493],[-157.65342069794653,21.310930231690453],[-157.65377913988064,21.310869884559175],[-157.65427884864062,21.310779057862124],[-157.65474991453482,21.310525401697642],[-157.65493127074808,21.310459112668934],[-157.65565417678326,21.31033845915013],[-157.65592432961878,21.31031352929236],[-157.65637691846712,21.310235866302275],[-157.65685360628478,21.310158395400702],[-157.65712343023188,21.310169593978717],[-157.65722352171997,21.310161364934153],[-157.6573824346186,21.310045208085764],[-157.65745855173165,21.310023236418353],[-157.65752337111996,21.31005085598413],[-157.65749395951926,21.310104818523918],[-157.65746489079436,21.31025363352795],[-157.65752348044808,21.310303785270715],[-157.65761728650222,21.31019162261338],[-157.6577165834665,21.310138222240155],[-157.65782282265076,21.310116490767275],[-157.65802326770185,21.31020391439144],[-157.65808682818908,21.310105058572294],[-157.65830504286834,21.31009325892822],[-157.65870475330382,21.310132596775176],[-157.6587746387364,21.310133156718052],[-157.65882783503486,21.310246497601412],[-157.658886384171,21.310301165308612],[-157.65894571336676,21.31027002473111],[-157.65896311433173,21.310211450326364],[-157.65906831443223,21.310171643711136],[-157.65914547042493,21.310167744716033],[-157.65932193902094,21.31024142457663],[-157.65939237361033,21.310314254717426],[-157.65945063606839,21.310400537152123],[-157.65965650603428,21.310686731577658],[-157.65992611506186,21.310986987423103],[-157.66019601484496,21.311255627988185],[-157.66024380049518,21.311301177843184],[-157.66035479508,21.311419497198834],[-157.66045537019127,21.311623550731728],[-157.66051928982267,21.311750526770826],[-157.66054269225543,21.31182749596455],[-157.66057232320557,21.311881932843736],[-157.66056619282315,21.312026416201657],[-157.66044883750044,21.312210656359163],[-157.66032598875702,21.312336136813666],[-157.66029637280795,21.31241268194181],[-157.6603071113022,21.312557298724933],[-157.66033670133473,21.31261625115735],[-157.66043123733564,21.312689273780695],[-157.66051866568773,21.31274868952243],[-157.66057821656705,21.312825948389673],[-157.66051951908196,21.312920327128083],[-157.66041889131571,21.312987270537935],[-157.66033660132913,21.31315824230995],[-157.66034819110513,21.313474496652827],[-157.6603774126168,21.313574095923247],[-157.6604128247158,21.313655677525862],[-157.6604127337735,21.31393119085203],[-157.66043593159378,21.314030742135873],[-157.66049541605912,21.314248014100652],[-157.66057175493555,21.31433444197922],[-157.66082959193616,21.314472005572632],[-157.66090015206115,21.314531285942234],[-157.66095359807457,21.314617529579987],[-157.66102965077582,21.31473557038068],[-157.66118884492508,21.314854277525356],[-157.661352311183,21.314900752452147],[-157.66145303766226,21.314955758676696],[-157.6616169304218,21.31508805306398],[-157.66167066260542,21.315142681570336],[-157.66167039215654,21.315305276754813],[-157.6615645109227,21.315552843276972],[-157.6615635294654,21.315661233682427],[-157.66178759541762,21.315536563284653],[-157.66197008028212,21.31547930749274],[-157.66205189427382,21.315493512222517],[-157.66212827563058,21.315575422142235],[-157.6621458182157,21.315634279360747],[-157.66215731249136,21.315828585353156],[-157.66219301053695,21.315878553504067],[-157.66235780693856,21.315911489668256],[-157.66241566218844,21.316042933589713],[-157.6624802397425,21.316097649924515],[-157.6628156108354,21.316190666160033],[-157.66287445098212,21.316213719522413],[-157.66291515187254,21.316376642305304],[-157.6629625719361,21.31646283745852],[-157.66309193329013,21.316549687631113],[-157.6632620985198,21.316654931736714],[-157.66348544846156,21.316742533189185],[-157.6635612802783,21.316752173835923],[-157.6636675236328,21.316730439794988],[-157.66376192152703,21.316686028742865],[-157.66388487102884,21.316682494282833],[-157.66402001189488,21.316796491066455],[-157.66405554736104,21.31686452454589],[-157.6641499225559,21.316955610951293],[-157.66426078355386,21.316956497850953],[-157.66427830596388,21.316884372704365],[-157.6643200115605,21.316803407038712],[-157.6644315668996,21.31672751555294],[-157.66450261973043,21.31673260107785],[-157.66460144746193,21.31686437150925],[-157.66463702406227,21.316927888458075],[-157.66479622693598,21.316780111634817],[-157.66490175520303,21.3167041728765],[-157.66502531912562,21.316632893963153],[-157.66519573061564,21.316444556779196],[-157.66546013449803,21.316256968905257],[-157.66568399628648,21.316154874432062],[-157.66587728268667,21.316102218622454],[-157.66619443740277,21.31607764913186],[-157.66659416519906,21.31611697365916],[-157.6668466388883,21.31618221966793],[-157.6671933682773,21.31635210118549],[-157.6676049237546,21.316549597038108],[-157.6679689545737,21.316805433272794],[-157.66810426185774,21.316901360325673],[-157.66832230574508,21.31704311448441],[-157.66844523686507,21.31717507638577],[-157.6685096136294,21.31725237268573],[-157.6686158788984,21.31736161966542],[-157.66868021318987,21.31744343141806],[-157.66886864755432,21.317661732579687],[-157.6691506435258,21.31806144319257],[-157.66943847939967,21.31834828620489],[-157.6697493750515,21.31861724417251],[-157.66980785018936,21.318680943980887],[-157.66992508447356,21.31877672671301],[-157.67016627291804,21.318891563001905],[-157.67036058590614,21.318992476252877],[-157.67088283208975,21.31934441478756],[-157.67103011232388,21.319449472303365],[-157.67123047791543,21.319681416495257],[-157.671641420915,21.32008215124225],[-157.67184660835508,21.32031413285516],[-157.67191186629975,21.320427568960255],[-157.67192334761603,21.32049089420552],[-157.67199908422367,21.320645062027356],[-157.67214630844384,21.320890133076475],[-157.67230503011749,21.32106302762531],[-157.6724524311157,21.321154529263563],[-157.67271573882402,21.321355347878914],[-157.6733038300658,21.321621969972394],[-157.67365051376822,21.321931846293094],[-157.6741207173764,21.322174944684473],[-157.67471359039075,21.32244611111999],[-157.67508422960543,21.322638737793287],[-157.67530176711495,21.3227036909865],[-157.67562514223633,21.322792062303243],[-157.67583645253885,21.322879545951835],[-157.67591802832317,21.322920839221872],[-157.67636474773954,21.32309599889031],[-157.67659385009114,21.32321524081312],[-157.6769234688589,21.3235475521382],[-157.67706994054348,21.32374292267838],[-157.6774516912975,21.32417501196997],[-157.67758692498276,21.324279962109397],[-157.67780410207965,21.32438555660161],[-157.67805180920942,21.324446226890025],[-157.67836350542672,21.32449385318793],[-157.67856859058742,21.324603868432416],[-157.67910363029975,21.325010064757457],[-157.67938498967305,21.325215530320104],[-157.67962667367797,21.325276151960704],[-157.68053115649556,21.325472977104532],[-157.68099014204694,21.32562563926112],[-157.68116555116723,21.32568573784672],[-157.68133626127124,21.32573224729678],[-157.68164213089105,21.325892737476718],[-157.68172358713255,21.325947577415807],[-157.68184196456545,21.325916892794833],[-157.68190615548892,21.325881265583288],[-157.68202995899506,21.325782873693576],[-157.68330461642694,21.326361994249996],[-157.68375794900658,21.32647395750723],[-157.68408097979167,21.32646746369559],[-157.68418618205703,21.326427639850884],[-157.68432716634288,21.326564245419114],[-157.68485054739233,21.32679418816913],[-157.68597873496643,21.327313426182567],[-157.68609642732739,21.327359516507645],[-157.68677201122685,21.32768549793968],[-157.68778874549136,21.328136101128347],[-157.68801196156534,21.328241733700967],[-157.68828840048064,21.328325199249093],[-157.68890466291288,21.32868232516726],[-157.68924545303025,21.32884759302143],[-157.68949265180578,21.328966962845676],[-157.6896520416968,21.329067577141398],[-157.69011623119997,21.329450609459403],[-157.69047377466794,21.329629557627243],[-157.69103835094907,21.329972724936955],[-157.6913025061998,21.330218690376498],[-157.69156673953697,21.330455622488348],[-157.6917439268329,21.330587991788803],[-157.69194353101764,21.330774735777247],[-157.69221383195926,21.33100719738726],[-157.69228436909154,21.33107098287057],[-157.6926428469464,21.331417051072137],[-157.69277729628442,21.331612319096546],[-157.69329476940527,21.332104162090967],[-157.69360613147722,21.332463412428837],[-157.69405315533206,21.333017937860657],[-157.69408159573166,21.333072360181088],[-157.6941051386001,21.33313577619269],[-157.6943940079473,21.33344968265654],[-157.69443442184215,21.333513231493693],[-157.69445784211612,21.333590198650974],[-157.69449921948373,21.333680855627186],[-157.69456329362586,21.33379427278203],[-157.69466910699234,21.333957698661923],[-157.69471634847972,21.334066469152845],[-157.69475812764102,21.334111961411736],[-157.69503342786908,21.33459739456139],[-157.69511578059974,21.334688369567306],[-157.69525148209115,21.334879130561344],[-157.69537517340845,21.3350652805408],[-157.69546841185755,21.335151824922995],[-157.69563950598595,21.335428677352414],[-157.69569848159358,21.335573672001335],[-157.69573893652915,21.335632704098785],[-157.69579252639363,21.33570539026687],[-157.69585085610098,21.33578714495334],[-157.69605063209767,21.3359558205068],[-157.696473452486,21.336523704475297],[-157.69666210857773,21.336859412135347],[-157.69672011804076,21.33697729830108],[-157.69693737994228,21.337349360869972],[-157.69702045982018,21.33749454202379],[-157.69711402633217,21.337680455464106],[-157.69716637155503,21.337757649271307],[-157.69730268526658,21.338016160703333],[-157.69734358494262,21.33816101290837],[-157.69739569115166,21.33826530276717],[-157.69749046185677,21.338451221744624],[-157.6975426888904,21.33854196035426],[-157.6975904133619,21.33859653162028],[-157.6976610760348,21.338646764779575],[-157.69766654360498,21.338710041168483],[-157.69768402112393,21.338777926514584],[-157.6977776262059,21.33895932224554],[-157.69787171481946,21.339086519416735],[-157.69790734889867,21.33914551368952],[-157.6979547148686,21.339240731296453],[-157.69810106844417,21.339454152154918],[-157.698230630584,21.339658408347926],[-157.69834271513025,21.339794780068114],[-157.69837694509272,21.33987634546853],[-157.6984770179571,21.340008105472375],[-157.69851193509587,21.34014839431321],[-157.69868906538028,21.340425287119885],[-157.6989414810127,21.34077503032326],[-157.69901178660817,21.340865910322336],[-157.699111940353,21.340988637955324],[-157.69928794814857,21.341256488847623],[-157.69936982431304,21.341401657845193],[-157.69943499104056,21.34152863034304],[-157.6995472866384,21.34177791978083],[-157.69970492881217,21.341941742175543],[-157.69979965801696,21.3419966766484],[-157.69983501479066,21.34208728587676],[-157.70002242841085,21.342291990312777],[-157.70006389105205,21.342373611373812],[-157.70019365929767,21.34255528480578],[-157.7005342269016,21.343023145032692],[-157.7005637175019,21.343095639822558],[-157.70080445745506,21.34354014171026],[-157.7008567677758,21.34362184829095],[-157.70101634728468,21.343839885928205],[-157.70104475240757,21.34389882190663],[-157.7011738738876,21.34401725742605],[-157.7012033280903,21.34409426861787],[-157.70135037712603,21.344366410477814],[-157.7014386022119,21.3444754934017],[-157.70162048424402,21.34476145554262],[-157.70170385101306,21.344875017574697],[-157.70180385153355,21.345015808801236],[-157.7021091095306,21.34538854268294],[-157.7022318899533,21.345543060019537],[-157.70244964074988,21.345725412447237],[-157.70269025083638,21.345912459735818],[-157.70276172661434,21.346007862330325],[-157.70308976940254,21.346394320878524],[-157.70322556904122,21.346576038762734],[-157.70356646390562,21.34687226091155],[-157.70371886097956,21.347085724008792],[-157.70381854911977,21.347262647811927],[-157.70388376178414,21.347385102346962],[-157.70393117470422,21.347475803845644],[-157.70411265672016,21.34767142660446],[-157.70423608962716,21.347889182614093],[-157.70437189584442,21.34807090151791],[-157.70442408963908,21.348166155649174],[-157.7047121356374,21.348579402626715],[-157.7048653444969,21.348838041600455],[-157.70488861550828,21.348933070785645],[-157.70493024125545,21.348996627611616],[-157.70497694114593,21.349168622754355],[-157.70502311032007,21.3492638320782],[-157.7050701664666,21.349395181598258],[-157.7051113560341,21.349508416937123],[-157.70527019616236,21.349812264130207],[-157.7053055579622,21.349902872390988],[-157.7053467478174,21.350016109488426],[-157.70539951446986,21.350183635410446],[-157.70541768627425,21.35031024362029],[-157.70539969990728,21.35043657222933],[-157.70529356132687,21.35044478767157],[-157.70518777788766,21.350412352020573],[-157.70512949030194,21.350461585483046],[-157.70515862740584,21.350574729700238],[-157.705206083645,21.350660914434403],[-157.70525861036734,21.35085553924346],[-157.70534068529088,21.350842623372774],[-157.7054057032952,21.350987659807686],[-157.70550018803266,21.35093418936358],[-157.7055701318513,21.350930213451008],[-157.7056235983921,21.35088094178275],[-157.7056872788136,21.35090401825547],[-157.70574103656122,21.350958633924648],[-157.7058051669586,21.351067530915458],[-157.7058402517873,21.351189752626194],[-157.70595199688748,21.351366768212785],[-157.7059693198521,21.351452720581463],[-157.70602272394697,21.351547984503537],[-157.70607620451142,21.351634215431158],[-157.70610453468316,21.35170218545117],[-157.70614013719037,21.35176569561048],[-157.70618136779768,21.351874414252187],[-157.70638079295145,21.352223742814772],[-157.7065929070381,21.35250090033714],[-157.70665788632817,21.35265045463728],[-157.70670454953552,21.352826966770202],[-157.70672782027677,21.352921998443644],[-157.70676889499492,21.353048784703425],[-157.70679248380097,21.353107684542497],[-157.707010284442,21.353561039080027],[-157.70703351682096,21.353660586302432],[-157.70725080391992,21.354172654811467],[-157.7072979435992,21.354294970860813],[-157.70732793175588,21.35444877146458],[-157.70735120408008,21.354543801267912],[-157.70735627793925,21.35465224314945],[-157.7074506776119,21.354883325757573],[-157.70745104914855,21.354978179282682],[-157.70748657374742,21.355050721257523],[-157.70762167534423,21.355313734537354],[-157.7076978610639,21.35542272457299],[-157.70776825985664,21.355504570242704],[-157.7078325906282,21.355590884171367],[-157.70781581168492,21.35571722321955],[-157.70782159167663,21.35601988954054],[-157.70787939757383,21.35630037316654],[-157.70789692202553,21.356363742990762],[-157.7079034411356,21.356445095268878],[-157.70799189427686,21.35666709828673],[-157.70801536720964,21.356739547436778],[-157.70807347400768,21.35684839732391],[-157.7081791816173,21.356889863440085],[-157.70828548507387,21.356863583211666],[-157.70838511269653,21.356774015676237],[-157.708491693113,21.356716121754882],[-157.708579798734,21.356703250819628],[-157.70865513576973,21.356771582872607],[-157.708655685247,21.356983873282164],[-157.70856216440635,21.357064454374107],[-157.70837965088475,21.35712176427081],[-157.70827970630134,21.357247460915392],[-157.7082380529604,21.357323924012984],[-157.70823851971264,21.357545247316754],[-157.70827368892012,21.357658437469922],[-157.70833248784993,21.357826010797318],[-157.70843204463492,21.358156501843848],[-157.7085080343978,21.358288073075126],[-157.70860233407117,21.358668208221875],[-157.70871963948983,21.35889946637555],[-157.70879120427767,21.35898583562399],[-157.70884393793915,21.359157878936422],[-157.70891937447615,21.359352680727344],[-157.70894389334097,21.359443204942238],[-157.70904943958706,21.359778258506815],[-157.70911934103998,21.36005431977299],[-157.70917237063315,21.360330251299747],[-157.70916073006427,21.360420494771752],[-157.70917311746499,21.36051995925313],[-157.70920828605193,21.36063314922882],[-157.70923094356664,21.3609359461233],[-157.70926725776357,21.361193680164007],[-157.70927897067008,21.361369923865897],[-157.70931350545592,21.361555375677145],[-157.70933705786214,21.361618791707606],[-157.70936126074218,21.361745447703793],[-157.70938967423558,21.361804384313682],[-157.70940826436885,21.36202133282383],[-157.70943149369157,21.362396401694056],[-157.70950703892476,21.36312869675508],[-157.70951977712608,21.36346303479644],[-157.7095423002089,21.363643878336262],[-157.70954907420557,21.363833633472044],[-157.7095776628812,21.36401000775039],[-157.70962445112642,21.364172971569452],[-157.70978422666172,21.3643729398678],[-157.7097425322747,21.364453921498274],[-157.7096019572481,21.364538653524875],[-157.7093960177921,21.36465449857867],[-157.70932558541386,21.36498819441013],[-157.70942527503502,21.3650296155051],[-157.7095307350015,21.364962677231347],[-157.70968968391304,21.364981972509046],[-157.70970110290486,21.36505432879521],[-157.7096427876021,21.365243580880435],[-157.7096481980192,21.36545139263264],[-157.70971357746063,21.365831303956025],[-157.7097368121736,21.365930851748722],[-157.70971250266524,21.366228767967193],[-157.70970680865685,21.366328093393562],[-157.70964230744403,21.366535365909026],[-157.70963082471377,21.36660754523661],[-157.7094840346732,21.367125836634006],[-157.70939530573958,21.3673464721731],[-157.70934803559342,21.367513226880657],[-157.7092900928869,21.367797333076812],[-157.7091662892455,21.36803124636043],[-157.70900143646477,21.36840937984899],[-157.7088899622484,21.36861177115171],[-157.70881915440702,21.36885061124266],[-157.70877866257118,21.368931599959804],[-157.70875445168392,21.369080465601076],[-157.70850208824143,21.36981474163859],[-157.70843677423557,21.369976840339742],[-157.70835535365885,21.37018849689857],[-157.70831928578463,21.370314686385843],[-157.70828984123014,21.37037317607597],[-157.70811932942908,21.370846114444756],[-157.7080787969801,21.370931619399112],[-157.7079783831419,21.371247012655502],[-157.70792612961176,21.371431793701472],[-157.70784960650636,21.37163445587297],[-157.7077609919432,21.371841540765846],[-157.70764681476382,21.37235104098657],[-157.7075755505863,21.37250405713489],[-157.70749296140272,21.372711184616453],[-157.70744604391814,21.372837288453116],[-157.70735762529836,21.373021787973318],[-157.70726422695432,21.373224315269333],[-157.70717600517204,21.373386233212617],[-157.70706375711927,21.373538930632286],[-157.70698249005346,21.37373251854971],[-157.70689430826553,21.373889919843343],[-157.7068412038441,21.374034041069653],[-157.70675274497037,21.374223056646088],[-157.7067050715497,21.374434969462964],[-157.70660009272765,21.374583207556324],[-157.70655884405278,21.374750004807613],[-157.70646496528602,21.37500672728931],[-157.7063758287034,21.375272519800536],[-157.7063292407317,21.375497991132825],[-157.70626492661896,21.37568267753329],[-157.70622994178063,21.375822423218203],[-157.70618270455887,21.37598465556874],[-157.70614683354898,21.376088262023988],[-157.70610609894476,21.376196345026557],[-157.70605829110752,21.376286308191258],[-157.70600056046047,21.376407811314518],[-157.70594761293202,21.376533867168064],[-157.70592893606323,21.376601471989385],[-157.70590021632037,21.376714164355207],[-157.70587700682626,21.376885619042618],[-157.70585306922575,21.37700286594996],[-157.70584102766557,21.37713827259122],[-157.70582934439386,21.377233032861017],[-157.7058299126507,21.377305303770996],[-157.70581830973344,21.37739103111557],[-157.70580642596835,21.377508370976614],[-157.70578863478391,21.377612115859993],[-157.70578269900795,21.377738537844888],[-157.70577041904315,21.377901040538234],[-157.70577614111008,21.378072720144836],[-157.70578812800184,21.378217345644025],[-157.70580550801216,21.378434281064706],[-157.70581713851698,21.37861955383751],[-157.70581209050567,21.378782115010004],[-157.70582327000477,21.37888156837771],[-157.70580620757372,21.37903952010076],[-157.70580629925198,21.379165985848097],[-157.70579409850524,21.37931945829458],[-157.7058116761608,21.379513811369804],[-157.7058056617794,21.379649265355425],[-157.7058238748739,21.379771355013307],[-157.70584100447772,21.379879889615893],[-157.70590583463786,21.380047508351783],[-157.70594116331375,21.380142633011786],[-157.7059763757976,21.38025130707771],[-157.70601194281156,21.380319332945792],[-157.70608492159627,21.380383132382864],[-157.70610594497467,21.380460079605527],[-157.70615248088873,21.380514639733278],[-157.70625302700725,21.38059672148984],[-157.70645250342443,21.380670536074],[-157.70666407399074,21.380739927796757],[-157.70686378988003,21.380786644937842],[-157.70706362397593,21.3808198124452],[-157.70732883311786,21.380821869669365],[-157.70758673078677,21.380832904596083],[-157.7078342696406,21.38092515671634],[-157.70806372499146,21.381017268323966],[-157.70822796622585,21.381122426916928],[-157.70842769584928,21.381304641896197],[-157.7085514409216,21.381490785804708],[-157.7086568269093,21.38170840391402],[-157.70869780579127,21.38198423883802],[-157.70873382706296,21.382138086355727],[-157.70873979026916,21.38228266444744],[-157.70877424946784,21.38247714907475],[-157.70881586463528,21.382680724123368],[-157.7089278491193,21.382970659419573],[-157.709080188566,21.383333175361088],[-157.709268573389,21.383709520654783],[-157.7093857391084,21.383958846407502],[-157.70957363472317,21.38425388844612],[-157.70979163129303,21.384553679496406],[-157.70998583338684,21.38481715312328],[-157.71019770768729,21.384990429691097],[-157.71042044772193,21.385299290922354],[-157.71057334709923,21.385598576963677],[-157.71074377652116,21.385961232443012],[-157.71084966096345,21.386260155082372],[-157.7109144396072,21.38657230936254],[-157.7110081879622,21.38688017218813],[-157.71113192169673,21.38720633247678],[-157.71129632431803,21.38756894296101],[-157.71139658143738,21.387822654332616],[-157.71150321989407,21.38803576552675],[-157.71164405105966,21.38819945752485],[-157.71183749236567,21.38841324070404],[-157.71204959100777,21.38869943622814],[-157.7122780737747,21.388904458096693],[-157.71255501611523,21.38908275374341],[-157.71277875878596,21.389278704137986],[-157.71296698369403,21.38953761382147],[-157.71313651518133,21.38972862917168],[-157.71340804811675,21.38997463361065],[-157.71374879223322,21.390302471320066],[-157.71385439002944,21.390497508810427],[-157.7140127969289,21.39072005274744],[-157.71415468108867,21.390901818891866],[-157.71433607437362,21.39111550976164],[-157.71456549340218,21.391352153354955],[-157.71476562325506,21.391629222267376],[-157.71495336301794,21.39180682605985],[-157.71516602476763,21.392029789260782],[-157.71537180939964,21.39221204945383],[-157.715524350006,21.392416482763096],[-157.7156184878921,21.392543678939404],[-157.71571829817344,21.392711569493546],[-157.715906770989,21.39294337923086],[-157.71609467148198,21.393102916877474],[-157.71635291322076,21.393353333745868],[-157.71664720656756,21.393617577394902],[-157.717000041148,21.393805490502377],[-157.71726502385349,21.393974655648613],[-157.71745899472273,21.394129722427614],[-157.71777615937145,21.39439866044772],[-157.71807547678205,21.394640358992376],[-157.7183287620094,21.39476878212409],[-157.7186054109298,21.394983205840905],[-157.71887529796294,21.395143374314397],[-157.71916343052635,21.39528561643869],[-157.71938171380688,21.39541828475178],[-157.71966952997906,21.395596657865504],[-157.7199043020884,21.395774621945197],[-157.72011025316297,21.39593881538101],[-157.72042264526738,21.39620319549702],[-157.72055145286882,21.39622677137195],[-157.72065758881212,21.39622307257819],[-157.72076846686383,21.39622844436122],[-157.72090401089667,21.39617077021025],[-157.72099863827145,21.396103745759063],[-157.72110423616985,21.396023259099525],[-157.72119303338454,21.395933607057305],[-157.72131049124042,21.395875793713778],[-157.72143285015827,21.39580898318887],[-157.7215742235708,21.395773938632953],[-157.72173360223243,21.395748063879726],[-157.72188663952417,21.395758275797704],[-157.72204449945488,21.39576852433334],[-157.7221865682102,21.395792201825472],[-157.7223741370058,21.39585235564891],[-157.72250410829832,21.39588044754385],[-157.72266192736427,21.395895202040084],[-157.72277992356527,21.39591416893109],[-157.72287967617797,21.395951063016156],[-157.7229563654731,21.396005850330344],[-157.72308606252358,21.39606555718185],[-157.72338586307077,21.396253032717805],[-157.72379113140317,21.396513577284068],[-157.7247498477493,21.397049345608963],[-157.7260143564894,21.397917157077174],[-157.72614965549937,21.398026588889508],[-157.72623105247504,21.39809495911095],[-157.7262958439422,21.398131585636435],[-157.7264843475901,21.39822335423132],[-157.72668969084916,21.398319769109168],[-157.7268782732037,21.39840250520547],[-157.7270959493943,21.398467393934496],[-157.72730160712706,21.398527676174453],[-157.72753126040118,21.398601688847947],[-157.72773112557013,21.398634825879967],[-157.72789007591226,21.398658617756034],[-157.72805983740128,21.398687007389082],[-157.72821898511074,21.398688217412708],[-157.72842511141218,21.39869430038638],[-157.72863617956116,21.39868686840641],[-157.72888936549182,21.398688790873546],[-157.72921220764403,21.398722858480227],[-157.72940713462899,21.398769506476906],[-157.7297008837523,21.398821419831357],[-157.729959788285,21.398859516543634],[-157.7302655166465,21.39892055415614],[-157.73061799397888,21.399013563631158],[-157.73104156529035,21.39911162639146],[-157.73145308134508,21.39920959598454],[-157.73184752553408,21.39933002213261],[-157.7322118652675,21.399445700225165],[-157.73249437839254,21.399542691750565],[-157.7326943621177,21.399562271665125],[-157.732882407702,21.39956821253691],[-157.73296392460247,21.39962303016493],[-157.73302249647196,21.399682191150173],[-157.7330059643613,21.39978143569657],[-157.73307624296532,21.3998813362906],[-157.7331758065586,21.39994080880369],[-157.73332834192587,21.400009714185657],[-157.73352288313367,21.40010152255106],[-157.73398780168307,21.400299260823],[-157.73436358254918,21.400487290436153],[-157.73484600606827,21.40075291051937],[-157.73524049576426,21.401008831395128],[-157.73583979914366,21.401424384816607],[-157.73632825934104,21.40183006800739],[-157.73663326223647,21.40211692698627],[-157.7370334410577,21.402553559604524],[-157.73728652337192,21.402849060801756],[-157.7375752740956,21.403203547756743],[-157.7377859249359,21.403385808730132],[-157.73794504134523,21.403531546165475],[-157.7381214675918,21.403767748851852],[-157.73821524482062,21.40394009496246],[-157.73832131118297,21.404085430923104],[-157.7384278825965,21.404172054038067],[-157.73856276960595,21.404331158974234],[-157.7387215002773,21.404522059921646],[-157.73893375028095,21.40479918348831],[-157.7391743586165,21.405144272125913],[-157.73931617183615,21.40533956391205],[-157.73943274330887,21.405525631252974],[-157.73953297788137,21.405648338658274],[-157.73965658546965,21.405717021965682],[-157.73972706402077,21.40579433751181],[-157.7397455417386,21.405889329250673],[-157.73975674532127,21.405988783094607],[-157.73979198830602,21.40609745128419],[-157.73982158885084,21.406160910848943],[-157.73997985844477,21.406406009755298],[-157.7402448218452,21.406864201012162],[-157.74076301119692,21.4077443598111],[-157.7413742506229,21.408882675462493],[-157.74189752081477,21.410015810140305],[-157.7421387828013,21.41070869534736],[-157.7422572718334,21.410953493740088],[-157.74231033197384,21.41109391279477],[-157.7423861079481,21.411257088121918],[-157.74247993230247,21.411424913851626],[-157.74252797734556,21.411587880119363],[-157.74265651404934,21.41206762730478],[-157.74328616758433,21.414299140733217],[-157.7437811514348,21.416064411938788],[-157.74436323415986,21.417798719734336],[-157.74453959052656,21.418328508804553],[-157.74463377465045,21.419160307567605],[-157.7446760312971,21.42000074983066],[-157.74466970338503,21.420176856681167],[-157.74466947905526,21.420343978376977],[-157.7447113452032,21.420524964065745],[-157.74478724494634,21.420674588974272],[-157.74472802154756,21.42097225303325],[-157.74465242763142,21.42135109674753],[-157.7446058100079,21.42172564075816],[-157.74455883755746,21.4220008088983],[-157.74449910218584,21.422217159362976],[-157.74447592818416,21.42238862037578],[-157.74441109171718,21.42249653302208],[-157.74435266877114,21.422559328448763],[-157.74427553284465,21.422554231607716],[-157.74417081610486,21.422530861668847],[-157.74405205368078,21.4224577024869],[-157.74388832806608,21.422424854523502],[-157.74379411770235,21.4224422134096],[-157.74370550885152,21.422509298114523],[-157.7436230157187,21.42270741032181],[-157.74357646511103,21.42293289556638],[-157.743569863191,21.423140612355535],[-157.74352992748942,21.423438411406543],[-157.7434475880915,21.423618460154657],[-157.7433468122777,21.42383901898375],[-157.74316524218267,21.424058971504024],[-157.74287082921663,21.42435937288513],[-157.74268851684994,21.42452511952099],[-157.74251795176423,21.424727083969653],[-157.74234182277345,21.424874809433025],[-157.7421537882147,21.42500437630339],[-157.74194190805343,21.425102148092957],[-157.74186508682303,21.425200936889034],[-157.7417825436309,21.425263549219807],[-157.74147668666637,21.42549159504671],[-157.7412532051805,21.42539506299796],[-157.74105427453,21.42538904652458],[-157.7407886299628,21.42542769346695],[-157.7406424869773,21.42545369361267],[-157.74047731969628,21.425447932124055],[-157.74031234712987,21.425419587982553],[-157.74020657727522,21.425378139525243],[-157.74009508988055,21.425300517281727],[-157.74003090311555,21.42519163326663],[-157.74000075294603,21.425051389555144],[-157.7399837107783,21.424929311611834],[-157.73998946639816,21.424820953736894],[-157.7399828897892,21.42474412333397],[-157.73995939286232,21.424671677914887],[-157.73987793632654,21.424607830934395],[-157.7398012259384,21.424553052304276],[-157.739701332254,21.424529714929452],[-157.7396243506293,21.424506550812],[-157.7394603494925,21.424365297945183],[-157.73932501678425,21.4242558782391],[-157.73917716099876,21.424200562936026],[-157.73907699523883,21.424208840683914],[-157.7390185703656,21.424271633195687],[-157.73891918543535,21.424469616473765],[-157.7388719262895,21.42463637553956],[-157.73881848238827,21.424821153365386],[-157.7387364846449,21.42496055096525],[-157.73863678714844,21.425054648234344],[-157.73842502122878,21.42513886596515],[-157.73825402192057,21.425250491258993],[-157.7381188491751,21.425403035578565],[-157.73804828844862,21.425614784856922],[-157.73803689356842,21.42581794903647],[-157.73806023515198,21.426048475667066],[-157.7380721821376,21.426342146947743],[-157.73809622248493,21.42649137846081],[-157.73809043014566,21.426744266788827],[-157.73806067278824,21.426978906482848],[-157.73802574418968,21.427254159182535],[-157.73802590360253,21.42751612409543],[-157.73802003238882,21.427778046267548],[-157.73796040115278,21.427980844183345],[-157.73793682812334,21.428197466874952],[-157.73791388007646,21.428341824779377],[-157.7378731915033,21.428445400609682],[-157.73780768409478,21.428490072054558],[-157.7377014857213,21.428498303382966],[-157.73751927696955,21.428510475724885],[-157.73740814028375,21.428532218188128],[-157.73733780802368,21.428576853065135],[-157.73731968107916,21.42872124991473],[-157.73730766338159,21.428856657444637],[-157.73730813113588,21.429082492106907],[-157.73727825723375,21.42933068190755],[-157.73721411127406,21.42949731203422],[-157.7371435848509,21.42970454417031],[-157.7370319027739,21.429929533014366],[-157.73695573569458,21.430091554657263],[-157.73683728272445,21.430262291762816],[-157.73670299867445,21.430450975572278],[-157.73656774155262,21.430612551212764],[-157.7364267643017,21.430877965966758],[-157.73633744817047,21.43102633949893],[-157.73625563875822,21.431143152146163],[-157.73620300529822,21.431233086960564],[-157.73616733381732,21.43131411621042],[-157.73615546735405,21.431431458479118],[-157.7360792206731,21.431602513489917],[-157.73603790758696,21.431778349836232],[-157.73600935338985,21.432012997030746],[-157.7360326931766,21.432243523676817],[-157.7360026991808,21.432365244955296],[-157.73601448495768,21.432536967116945],[-157.73601417224506,21.432713113825574],[-157.7360323787003,21.432839717535938],[-157.73603292353056,21.432916503323703],[-157.73602023970517,21.432988673372332],[-157.7359385464949,21.43309193902532],[-157.73583261718926,21.433208567478605],[-157.7357850797854,21.43326692491276],[-157.73569681180453,21.433433371206085],[-157.7356793437266,21.433641003999483],[-157.73569704033812,21.433966335904696],[-157.73572065209447,21.434305260999476],[-157.73575048734003,21.434481637109638],[-157.73580354747537,21.43476207091381],[-157.7358503833917,21.435065038896877],[-157.73586742092886,21.43532713356553],[-157.73596774488803,21.43600087048783],[-157.73599777516165,21.436154664119478],[-157.73600376634914,21.436299242695878],[-157.73595649938846,21.43646599855196],[-157.73599742256684,21.436615357642893],[-157.73609121609667,21.436787699774815],[-157.73613910318892,21.43696872886716],[-157.736139297903,21.43708616209205],[-157.73613349957668,21.43719903419576],[-157.7360916398634,21.437298083713163],[-157.73606798776513,21.437383720342982],[-157.73608529884294,21.43747418391499],[-157.7361266502463,21.437573863440992],[-157.7361912288549,21.43763758497269],[-157.73620356043094,21.43774607806082],[-157.73622658952036,21.437872718117095],[-157.7362918686874,21.437995162132346],[-157.73639200355075,21.43813141955958],[-157.73649225622705,21.438254127483198],[-157.7365618533323,21.438435320320817],[-157.73664448149708,21.438643710345062],[-157.73666817270038,21.438833590258458],[-157.73669135848976,21.439082180870972],[-157.73669217503038,21.43940738339564],[-157.7366685196078,21.439633035699266],[-157.73662125208193,21.439799794372586],[-157.73653908760463,21.439957253369457],[-157.73643327015816,21.44006033424094],[-157.7364332705093,21.44020034895594],[-157.73646217459955,21.440345102236023],[-157.73656857406252,21.440594322728977],[-157.73657460465589,21.440734382955444],[-157.73655740763638,21.440910401185675],[-157.73648100126118,21.441099521013147],[-157.7364570744511,21.441216773016944],[-157.73641571860395,21.441397124722325],[-157.736404513515,21.441577704922402],[-157.73642742746765,21.441717894391996],[-157.73649196741832,21.44192614793552],[-157.73652721253129,21.442174830425394],[-157.7365802388026,21.442319763948944],[-157.7366213583725,21.44244654228401],[-157.7366337303385,21.442550517935302],[-157.73662762080912,21.44269952005658],[-157.7365691087095,21.442911358801886],[-157.7365337836071,21.44309175600997],[-157.73654518121003,21.443308641019918],[-157.73656315361796,21.443462343488957],[-157.73648670588716,21.443655977867017],[-157.73645161287897,21.44380927793002],[-157.73633945002288,21.444088459532967],[-157.7362519914814,21.44430007773527],[-157.73611574555872,21.444574558712475],[-157.73596911250945,21.444794761601727],[-157.73582769150573,21.444969837761956],[-157.73575719688742,21.445032535610128],[-157.73568673919854,21.445090717832986],[-157.73561686730676,21.445081154632742],[-157.7355752010707,21.445017605005635],[-157.73551100898732,21.4449087192407],[-157.73540410064902,21.444858226063133],[-157.73532776835623,21.44489829664728],[-157.73529314103266,21.444997400414415],[-157.73525124029013,21.445100963271678],[-157.7351982892207,21.445227027380394],[-157.73511001263213,21.44539347274523],[-157.73499274935722,21.445564213925042],[-157.73481627351956,21.44574805590733],[-157.73473943417076,21.44584683860692],[-157.73461050187694,21.445972325332193],[-157.7345170509832,21.446039365809078],[-157.7344277647253,21.446043203806436],[-157.734269149903,21.445974249979923],[-157.73415741700904,21.445923718605695],[-157.7339522721089,21.445935710835506],[-157.7337284104174,21.44601982593697],[-157.73359259069048,21.446104608774757],[-157.7334759909201,21.446198571394643],[-157.73339876334956,21.446202500997693],[-157.73333394845116,21.44616587627985],[-157.7332877326402,21.446070676092248],[-157.73324630216203,21.44598002888537],[-157.73311694765565,21.44587516400224],[-157.73297525670077,21.445801820318955],[-157.73281034233946,21.445764433947982],[-157.73262842415164,21.44574046625573],[-157.7325572661774,21.44573992557547],[-157.73248785883692,21.44581618051195],[-157.73251699299868,21.445933833578284],[-157.73244564172094,21.445955875234475],[-157.732310675197,21.446081312589847],[-157.73229281440453,21.446194092936967],[-157.73221718021512,21.446292882617573],[-157.7321933651121,21.44639658249486],[-157.7320692606116,21.446382090180418],[-157.73195740920065,21.446345105864733],[-157.73184664773572,21.44632168094714],[-157.73162862599892,21.446288405028433],[-157.7313756615968,21.446390361599526],[-157.7311166665027,21.446492271144393],[-157.73081094875093,21.4465576927025],[-157.73053448729416,21.446587203281435],[-157.73034023420914,21.44659475688033],[-157.73011081047116,21.446624623603217],[-157.72992223381272,21.446672870687],[-157.72976435203572,21.446798130143073],[-157.72965272922096,21.446874057061628],[-157.7294818521771,21.446967589381497],[-157.72937594467825,21.447079678261908],[-157.72923502258968,21.447196017956458],[-157.72907608735756,21.447303188096253],[-157.72901756951845,21.447374996565763],[-157.7289879163775,21.44745605686725],[-157.72891142464414,21.447514178486784],[-157.7288637995364,21.447581553767172],[-157.72870591411632,21.447706794037533],[-157.7285699317029,21.447809622154683],[-157.7284288106076,21.447948538896146],[-157.72829897856195,21.448037865020744],[-157.7281813609275,21.44810922223169],[-157.72809965163566,21.44821246330048],[-157.7279996933208,21.448333628148397],[-157.7279057662264,21.448454840582375],[-157.7277879914011,21.448544258831664],[-157.72765808009825,21.448642615530567],[-157.72751163404564,21.4487002027519],[-157.72736417963745,21.448735202876108],[-157.72724687644356,21.448770433095465],[-157.72717649024204,21.448819569478022],[-157.72713465922905,21.448914082524208],[-157.72710014307,21.448999622191547],[-157.7270645001572,21.44907611794778],[-157.72697618107333,21.449107053483836],[-157.72685875988603,21.449155831896604],[-157.72678218610596,21.44922298355029],[-157.72665911611725,21.4493665509466],[-157.72657004989694,21.449483280962774],[-157.72647639538164,21.449572880859787],[-157.72636990696583,21.44961271039395],[-157.72630555248531,21.449661892284663],[-157.72621132008666,21.449679233908622],[-157.72611716900138,21.449687545287034],[-157.72602293656973,21.44970488680289],[-157.72595282604004,21.449722414634447],[-157.72587045837574,21.44976242748709],[-157.72581185953075,21.44984326399724],[-157.7257764109284,21.44989718253587],[-157.7257348533335,21.449960086257576],[-157.72574130330204,21.450050451596987],[-157.7257768556389,21.450122977835115],[-157.72586419090402,21.450204932793707],[-157.7259288486291,21.4502596171953],[-157.72598739647057,21.450323286767706],[-157.7260699467868,21.45040068933903],[-157.72611760156246,21.450468790890888],[-157.7261530757325,21.450550348175657],[-157.72614629801961,21.450636098755183],[-157.72608271569635,21.450734959927345],[-157.72599979731822,21.450838189707493],[-157.72589995506053,21.45094580552859],[-157.7258110843689,21.451039957263635],[-157.72575866953818,21.45110277738875],[-157.72568190091303,21.451192506254127],[-157.72560602148002,21.451318367791906],[-157.7255463726814,21.451381133647835],[-157.72550006858063,21.451434969415725],[-157.72543466387964,21.451466078591917],[-157.7253292229377,21.451523976977345],[-157.72525312017677,21.45153694025813],[-157.72517581128452,21.451549895217628],[-157.72505243555668,21.451589591551357],[-157.7250469417607,21.45166631921776],[-157.7251178256518,21.451698473913467],[-157.7251826407173,21.451735098197165],[-157.72525850615108,21.451749226467182],[-157.7253404825863,21.451754371353978],[-157.7254297320657,21.45175505574806],[-157.72549458649445,21.45178716345638],[-157.7255590475425,21.451864426695384],[-157.7255885696154,21.451936905235602],[-157.7255885945534,21.4520723810773],[-157.72555878340324,21.45217150282441],[-157.72551212487062,21.4522659767677],[-157.72545811276598,21.45237394404992],[-157.7254053842577,21.452472886668996],[-157.72535880498305,21.45255833035629],[-157.7252999671989,21.452666260811842],[-157.72529407900038,21.452788142212164],[-157.7253239426562,21.452959973996442],[-157.72534154885957,21.45315429076101],[-157.7253534385156,21.45331243442815],[-157.7253411663617,21.453474911679074],[-157.725364305633,21.453587985216334],[-157.7253640143131,21.45375958544562],[-157.72533517322725,21.453885806916052],[-157.725306447926,21.45399848169878],[-157.72526418030535,21.45414266426818],[-157.72518798475926,21.45430465081674],[-157.72511225925737,21.45441244795393],[-157.72502330828806,21.45451563021808],[-157.72492338127063,21.45463227452896],[-157.7248116322116,21.454721733548777],[-157.7247001953106,21.45477506714354],[-157.72457043153952,21.45485535515742],[-157.72440572888098,21.454930859921205],[-157.72429429361415,21.454984193243728],[-157.72415869522365,21.455041856267282],[-157.7239222152114,21.455049070858582],[-157.7237630853449,21.455038816299147],[-157.7236923967515,21.454984083220456],[-157.72359616075562,21.454816258931128],[-157.72348786073522,21.454648339835686],[-157.72346784656912,21.454454007341983],[-157.7233978514559,21.454457985505563],[-157.7232782555238,21.454755109113087],[-157.72327871264642,21.454840912860227],[-157.72333548681476,21.45510778219521],[-157.72329248455958,21.455197766535196],[-157.72316746560045,21.45528712222069],[-157.72298291002676,21.45542569229544],[-157.722870425097,21.4554609541204],[-157.72274672886715,21.45553677111378],[-157.7226238068692,21.45566226645738],[-157.72255270568874,21.455792675960886],[-157.7224886464184,21.45594572205923],[-157.72244159017714,21.456085348616874],[-157.72238822667214,21.456256537928574],[-157.72232400768377,21.45642764340448],[-157.72227038514978,21.456490452126854],[-157.7222354687515,21.456621137818782],[-157.72218789946007,21.456819459156215],[-157.72217107328012,21.456950283904664],[-157.722130047192,21.457089950973256],[-157.7221350920189,21.457202886611277],[-157.72214082747942,21.45737453083566],[-157.72212345010888,21.45756857232117],[-157.7221118663214,21.457789755851625],[-157.72208885358236,21.457938595796914],[-157.7220826857618,21.45809208387913],[-157.7221056645696,21.458223223510206],[-157.72212370164456,21.45836787021944],[-157.72212971453487,21.458507905611533],[-157.72211798918937,21.45860716106502],[-157.72214692116967,21.458747377859456],[-157.72222417866092,21.45887894294379],[-157.7222705079001,21.458960587500428],[-157.722393599265,21.459092495378805],[-157.72247623289772,21.45916086871689],[-157.7226117376157,21.459252228622784],[-157.72277635192006,21.45932575001272],[-157.7229820521055,21.45939055773365],[-157.72314114626812,21.459405330610014],[-157.72330647087486,21.45939757345439],[-157.7234649909855,21.45934008987305],[-157.72361732284358,21.4593006205052],[-157.72384688616984,21.45925723069058],[-157.7240064548961,21.459217817073394],[-157.72423006671642,21.45916534781722],[-157.72442321065986,21.45914877272187],[-157.72459480061116,21.45911396785621],[-157.72477082140188,21.459124353286256],[-157.7249652500176,21.459098752942094],[-157.72511718662201,21.459104439481],[-157.72525951314483,21.45910553408725],[-157.72540557792058,21.45909310950322],[-157.725564555317,21.459121427638056],[-157.7256824826554,21.45915394514594],[-157.72584141997785,21.459186777665334],[-157.7260172840296,21.45921522490727],[-157.72621754633136,21.459212248599922],[-157.72635854816755,21.459226880648227],[-157.72651725133338,21.459286806770102],[-157.72665926429025,21.459324026433457],[-157.72688302086456,21.45939348272815],[-157.726993829345,21.45941239759068],[-157.72712405624935,21.459417914393715],[-157.72729991994407,21.45944635940146],[-157.72751819687716,21.45945255212495],[-157.72771199659016,21.45949919927123],[-157.72788218328915,21.459486958711324],[-157.7282123969381,21.459521104126882],[-157.72841826070712,21.45956784490014],[-157.72855922501304,21.459586989781414],[-157.72876496767972,21.45964727497435],[-157.72892970233522,21.459707245604427],[-157.7290943989467,21.45977173164395],[-157.72919400106412,21.459831203531447],[-157.72930580952058,21.46001269619574],[-157.72942987964234,21.460171705363308],[-157.7295182723321,21.460271732821756],[-157.72964199868107,21.460331388596302],[-157.72981187132532,21.4603552705713],[-157.729976225585,21.460320405246016],[-157.7301297622873,21.4602809381615],[-157.73028820284608,21.46023247734626],[-157.73050590085225,21.460166408112293],[-157.73074204529996,21.460059834938455],[-157.73097678968705,21.459975830986657],[-157.73118262065583,21.45988709061508],[-157.73138242241873,21.459798302445762],[-157.73157712473954,21.459741085466256],[-157.73170560608176,21.459669815879664],[-157.73188221541895,21.459612459539926],[-157.73203517071423,21.45950073158646],[-157.73213606576402,21.459411184583164],[-157.73222338027776,21.459357662368983],[-157.73231804800815,21.459290646445417],[-157.73240652759443,21.459241647915206],[-157.73260002457457,21.45918442146254],[-157.73274196716255,21.459090671011396],[-157.73295289675508,21.45897035324374],[-157.73313495296526,21.458840782997424],[-157.73328794748937,21.45872453734659],[-157.73344712870338,21.458590274939272],[-157.73363564593208,21.458411075829616],[-157.73379478749354,21.45828132771787],[-157.73403011051985,21.45812958119085],[-157.73415905821966,21.45800411915656],[-157.73431216611257,21.45787432485165],[-157.73447601325253,21.457758160130815],[-157.7346410263538,21.45764652082362],[-157.7347646788549,21.457575207687835],[-157.7349063847369,21.457508548654225],[-157.7350231126969,21.457401055130767],[-157.73515298849748,21.457307210327954],[-157.73525298857143,21.457181524883143],[-157.73530571058933,21.457082574438232],[-157.73539364586682,21.456956797685358],[-157.73552325129694,21.456894561577524],[-157.73571736721794,21.45676507763265],[-157.7358706272675,21.45661721584352],[-157.73604085297256,21.456460453961792],[-157.73617045771306,21.456398216410438],[-157.73631768470946,21.456390304976647],[-157.73652911038803,21.456351271727613],[-157.73667046220515,21.4563252512368],[-157.7367817388565,21.4562899708955],[-157.73686515813267,21.45626802594238],[-157.73692916400495,21.45611948376316],[-157.73699347921502,21.456074812456897],[-157.73713498917525,21.45603073018384],[-157.73728225468108,21.456018303208765],[-157.7375522360535,21.455902939920044],[-157.7376295464836,21.45588998020938],[-157.73778163644343,21.455877589190298],[-157.73793489366716,21.455869722706403],[-157.73813487893952,21.455898340011846],[-157.73845256123045,21.455986560890633],[-157.73864114477095,21.455938317318825],[-157.73881751514043,21.45590804493962],[-157.73897583101987,21.455873119510493],[-157.7391004133791,21.455833422009086],[-157.73924118145408,21.455735138262874],[-157.7393347929483,21.455650043953938],[-157.73941171331907,21.455542242659753],[-157.73951707578374,21.455353367224774],[-157.73959356707863,21.4551552424599],[-157.73963461411364,21.45501103838284],[-157.73972374965822,21.4548852663521],[-157.73981148582405,21.45478206127805],[-157.73986432323062,21.454669560651084],[-157.7398640504935,21.454561172246933],[-157.73983479152622,21.45445708048577],[-157.73984619016292,21.4543939423242],[-157.73996392323963,21.45430903108824],[-157.74018740660077,21.4542700820411],[-157.7404000355699,21.45423104916482],[-157.74055224008575,21.454205106978073],[-157.74079315112388,21.454103063358342],[-157.74101733388315,21.45398282909988],[-157.7412872313169,21.453876486978903],[-157.74152347472804,21.453756342741947],[-157.74170481869712,21.453708039279814],[-157.74185208364136,21.453695606352316],[-157.74218135417644,21.453698101053167],[-157.74234094966687,21.45365414835826],[-157.74254069901812,21.453569853507563],[-157.7426761715589,21.453525718276985],[-157.74285837262005,21.45351806376739],[-157.74301742576938,21.453537332221124],[-157.74311745475336,21.453547120863227],[-157.74325227009035,21.453579755548937],[-157.7433931152383,21.45361243270572],[-157.74352298815802,21.45365857588239],[-157.74373515032204,21.453673729326415],[-157.74391715813874,21.453688654316196],[-157.74407029701734,21.45369432884298],[-157.74434031239383,21.453714434380426],[-157.74449944336612,21.453724669364608],[-157.7446754206748,21.45373954828166],[-157.74481155777534,21.453758640398252],[-157.74493450564407,21.45376860261353],[-157.74506367748668,21.453756030220532],[-157.74516374739852,21.453761302077705],[-157.74534692305608,21.453780750159773],[-157.74545181561814,21.45378605981707],[-157.74561686159612,21.453809887542807],[-157.74572903161172,21.45381073390218],[-157.74589298741208,21.453821004641693],[-157.74608230984504,21.453826949454747],[-157.74627046670534,21.453828369439265],[-157.7463814672848,21.453824692524485],[-157.74659378461223,21.45382177729127],[-157.74674085456215,21.453831920701063],[-157.74687578498913,21.453851003919326],[-157.74708145233168,21.453920296883837],[-157.74722833048736,21.4539530187463],[-157.7474050498118,21.45402209004946],[-157.74759390789282,21.454082219370694],[-157.74782252933275,21.45414716468066],[-157.74799348939132,21.454184576582232],[-157.74813534782064,21.45423983861303],[-157.7483518312576,21.454313721452007],[-157.74857543711454,21.454401208556842],[-157.7487523137614,21.454452215220407],[-157.74890529783923,21.4544759450257],[-157.74914629026065,21.45450485039522],[-157.74937600374548,21.454583350353953],[-157.7495754482527,21.4546751696281],[-157.74975299169475,21.454789408047432],[-157.75004718265401,21.454945167108352],[-157.75025811608566,21.455104815133783],[-157.75045842647407,21.455237287353285],[-157.7506170220923,21.45531073499635],[-157.7507290395654,21.4553296404526],[-157.75088214330464,21.455339819023834],[-157.75107007360947,21.455368324602755],[-157.75125310050984,21.455405826953026],[-157.7513938745807,21.455447526944457],[-157.75156386469595,21.45545783273154],[-157.7518058022832,21.455518354419834],[-157.75207637937515,21.455615221913494],[-157.75225800858277,21.4556752931],[-157.75238750508476,21.455766587443975],[-157.75255808706316,21.455849157176814],[-157.7526761876911,21.45600359237724],[-157.7527346345256,21.45608080635314],[-157.75278825868438,21.456157986163632],[-157.7528058132799,21.456221344882618],[-157.75287060034458,21.456262475366557],[-157.75294086414885,21.45622687204142],[-157.75301802017106,21.45623196576016],[-157.7530826920792,21.456286643873614],[-157.75315234134348,21.456323295507623],[-157.75323564346175,21.456314886366982],[-157.7533468419193,21.45628861970518],[-157.75342317774832,21.456248544628806],[-157.75357655150916,21.45622711066662],[-157.75365830091602,21.456259335452756],[-157.75372885035068,21.456332122475644],[-157.75379394482954,21.45633712598616],[-157.75388214932244,21.456319721262663],[-157.75401128470244,21.456311653122114],[-157.7540882489358,21.456339327078297],[-157.75415299805744,21.45638497359177],[-157.754264709958,21.456440003375892],[-157.75437623103977,21.456517615632233],[-157.75445284919928,21.456585931663646],[-157.75452358908407,21.45663613943738],[-157.7546707808115,21.456632722017197],[-157.7548647809856,21.456656753621985],[-157.75504702828474,21.456644566806574],[-157.75524717636523,21.456655094243427],[-157.75544705419813,21.456697233377124],[-157.75561172326817,21.45676620843918],[-157.75585241950142,21.45683123378728],[-157.7560353750187,21.456877762273088],[-157.75634139543567,21.45692069410876],[-157.75695275056026,21.457087842511424],[-157.75726442174908,21.457175977215396],[-157.75760010006258,21.4572778400369],[-157.75784158340926,21.457392549585236],[-157.758123217193,21.45746691111013],[-157.75836473956278,21.45757710161539],[-157.75850038637807,21.457654891202324],[-157.75857700615686,21.457723206353222],[-157.75867654435427,21.457791693342745],[-157.75875324268614,21.45785097721219],[-157.75885394899615,21.457923989567146],[-157.75894177071905,21.457951741911092],[-157.7590657386959,21.457984279148345],[-157.75918251075564,21.45801224792944],[-157.75932348002655,21.458031364302695],[-157.75947086436358,21.458005361952026],[-157.75964712053448,21.45798861075624],[-157.7598470399208,21.45802622916149],[-157.76007073925527,21.458104672979605],[-157.7604184856659,21.458206621554577],[-157.7607885373409,21.458380996234812],[-157.7610709591692,21.458505039048593],[-157.76135937329494,21.458633643477388],[-157.76157097637056,21.45871651077937],[-157.76174732932498,21.458830732695166],[-157.76193073189265,21.45896758700293],[-157.76220704769273,21.459100617288378],[-157.76239554175007,21.45920589388723],[-157.76258325116353,21.459261485982537],[-157.76275983720643,21.45934860960096],[-157.76293031529755,21.459444721474316],[-157.76308936624653,21.459608493492336],[-157.76323066562327,21.459731483803743],[-157.76337777049454,21.45988161864122],[-157.76350067261242,21.460040604442256],[-157.76361867687527,21.460208589370595],[-157.76367795651478,21.46033097126001],[-157.76374194871852,21.460466937465117],[-157.76379583239745,21.46065702695965],[-157.76382524930648,21.460887580519902],[-157.76383076870073,21.461090861162745],[-157.76380150138866,21.461271297985515],[-157.76370200710284,21.461482828838495],[-157.76357861491982,21.461667083053076],[-157.7634896460326,21.46177481595391],[-157.76334930517504,21.461823452374798],[-157.76325472317745,21.46188146243596],[-157.7631846112762,21.461899007596745],[-157.76311302348654,21.46194815400091],[-157.76306650225573,21.46202910245207],[-157.7630257804542,21.462137193679652],[-157.76296026168447,21.46218186989985],[-157.76291377840508,21.462258302683242],[-157.7629250381469,21.462353231550544],[-157.7629959608633,21.462525380972505],[-157.76311407975882,21.462679816713038],[-157.76321414271248,21.46282960206071],[-157.7633429045742,21.462866690371452],[-157.76342613391205,21.46286730935094],[-157.76352500507954,21.462872560727504],[-157.763601722902,21.462787319484153],[-157.7637258651595,21.46265726795893],[-157.76386631907437,21.462595081684302],[-157.76394288323067,21.462527905436055],[-157.7640375796577,21.462456347241964],[-157.76418975464435,21.46243489670758],[-157.76433721702261,21.462399860809878],[-157.76447872630496,21.4623557490055],[-157.76454922092307,21.462293041718567],[-157.76467849132487,21.462126895592323],[-157.7647955070432,21.461983240157483],[-157.7649373202594,21.46190299756474],[-157.76503665040536,21.461854055190074],[-157.76519621415272,21.461814591949178],[-157.76524861304603,21.461751752554814],[-157.76531341933833,21.46164835530125],[-157.76543669335663,21.46147764654685],[-157.76554899900336,21.461320406247783],[-157.76561956679473,21.461248667200714],[-157.76568422046697,21.461163334063713],[-157.76575438243498,21.460996748992304],[-157.76576634307503,21.4608658607451],[-157.7658303596949,21.46071277798671],[-157.76586598802348,21.460636262401028],[-157.76586652036482,21.460573037378712],[-157.7658362637284,21.460441835819157],[-157.76584309423532,21.46034704233809],[-157.76591894344992,21.46022114404651],[-157.76596565455546,21.46011761387679],[-157.76602519087916,21.4599238485107],[-157.76606621104202,21.459779627777234],[-157.76606591917775,21.459671232218266],[-157.76605963435355,21.459558274740402],[-157.76612447607377,21.459450362345773],[-157.76621916944723,21.45937880093731],[-157.76631853258172,21.459325339330018],[-157.76646603131337,21.45928578575884],[-157.76655932532537,21.459236796053535],[-157.76661281778712,21.45918751102278],[-157.76666563500268,21.45907499292314],[-157.76661249726916,21.458939105956276],[-157.76655407789593,21.45885737719762],[-157.76645332792302,21.458788883984933],[-157.76643008013093,21.45868483502531],[-157.7664654776525,21.45863541659485],[-157.76655402441895,21.458577358251457],[-157.76671237803978,21.45853788356086],[-157.76693628360474,21.458449213363],[-157.76730097755123,21.45804317610575],[-157.76761022841384,21.45755994737823],[-157.76775542765537,21.456933237393855],[-157.76783313248868,21.456084721759865],[-157.76781369824835,21.45559906037732],[-157.76785838216279,21.45473223411852],[-157.76773948839664,21.454096794432516],[-157.76767800804058,21.45359049942847],[-157.76774684850034,21.453078391724105],[-157.76790528017452,21.452598560472556],[-157.7683128318782,21.452186056788992],[-157.76860232157654,21.45189913859335],[-157.76916239391448,21.451709062645566],[-157.76983091799792,21.45160333868275],[-157.77030655383345,21.45148489800961],[-157.7706234917342,21.451304313935093],[-157.77128144520583,21.451092367513734],[-157.77215436932792,21.450920388940762],[-157.7726148112047,21.450743114101932],[-157.77285033294896,21.450489663811823],[-157.7731113951054,21.450067030515807],[-157.77330670009616,21.449718436814116],[-157.77363752343055,21.44931889802802],[-157.77410617871246,21.449024248835546],[-157.7746721693626,21.448700956155623],[-157.77490990785418,21.448470099361533],[-157.77529094517377,21.44805060064922],[-157.77587613300952,21.447738732537978],[-157.77640078561575,21.447525781695678],[-157.77674531494577,21.447288929410853],[-157.77720410221886,21.446946773052133],[-157.77767082001594,21.4467379043011],[-157.77796557398239,21.446539064353047],[-157.7780969004572,21.446266757868234],[-157.77801785858614,21.44590935135666],[-157.7777456767598,21.44549858999805],[-157.7773211523102,21.445204152899112],[-157.776719374332,21.44490389799513],[-157.77598857131585,21.444672706472733],[-157.77529534230732,21.444563741072894],[-157.77443775703713,21.444205143187798],[-157.77409350198636,21.444049048241332],[-157.77357934256966,21.4439459060045],[-157.77290003121317,21.443760246873527],[-157.77284888754846,21.443746321440173],[-157.7721219177834,21.44363483916204],[-157.7715109527005,21.443569375264417],[-157.77109255748005,21.443625020703326],[-157.77041987476056,21.443656211309047],[-157.76980404558182,21.443667493199353],[-157.7692455952018,21.443740169085665],[-157.76857492151504,21.443891060857833],[-157.7677986536563,21.44412021590834],[-157.7672881612629,21.444513930294296],[-157.76677430925255,21.444948267761585],[-157.76619977986348,21.445282786307846],[-157.76578297055426,21.44550780583438],[-157.7653509358233,21.44617987273393],[-157.765256458917,21.44651341528614],[-157.76512186459536,21.44681278384905],[-157.76489873662695,21.447025667745283],[-157.76452325766402,21.44714031974456],[-157.76420435233797,21.44719667643996],[-157.76386728183817,21.447047401569865],[-157.76374782332067,21.44683876489241],[-157.76376617403614,21.446450459322254],[-157.76388679439611,21.446092269289977],[-157.76399435556067,21.44570914113274],[-157.76390638203182,21.445342634267647],[-157.76375157798068,21.445034352268735],[-157.76345954258093,21.444765704896668],[-157.76328234442732,21.44453855783418],[-157.7631051051112,21.444173648488373],[-157.7629810394097,21.443653305634637],[-157.76306745758683,21.443274537637176],[-157.763160349628,21.44277160690306],[-157.76299138256573,21.442427084238176],[-157.76262337225597,21.442157876815507],[-157.76213588820744,21.442111360910527],[-157.76167719728204,21.442083123851127],[-157.7612177905116,21.441853885855693],[-157.76073871531312,21.44159740018474],[-157.76023560582567,21.441259435359125],[-157.759723264006,21.44108625965741],[-157.75916946168,21.440966976785727],[-157.7587604286954,21.440771982664835],[-157.75839551443897,21.440423746128946],[-157.758030205393,21.439908386812984],[-157.75753633572103,21.439620167709435],[-157.75732432380886,21.43930468144168],[-157.7571134604921,21.439138255324675],[-157.7568200899376,21.438887656271703],[-157.7564509810932,21.438537127151655],[-157.7561121594522,21.438313290134747],[-157.755882722795,21.437848620892456],[-157.75561761617035,21.437110425899768],[-157.75509912981283,21.437095278330826],[-157.75469389877665,21.437449084773277],[-157.75429966616375,21.43757261956929],[-157.7539660584406,21.437800490187993],[-157.7537287777042,21.43790486607964],[-157.75332428941317,21.438170598661543],[-157.75293387794,21.43855386735213],[-157.7528283975855,21.438973135836505],[-157.75295958130826,21.439502566968823],[-157.75323696416913,21.440001470254423],[-157.75337803128437,21.440361601034514],[-157.7531916128075,21.440796073861996],[-157.7527877280757,21.441344100075913],[-157.7525264288824,21.44171929746028],[-157.75224701649222,21.44209661683844],[-157.75179159816565,21.44246358874926],[-157.75135078378344,21.442814859470563],[-157.75065452131568,21.443207130143982],[-157.75012684003948,21.443489997065385],[-157.7501618690123,21.443201191029825],[-157.7504384766885,21.4429412903157],[-157.75074155479612,21.442618351526626],[-157.75112167694238,21.442241787234316],[-157.75141934311924,21.441916550099346],[-157.7517086607864,21.441579956309777],[-157.75199171737955,21.44127041515462],[-157.7521336865662,21.440957562441174],[-157.75198064920517,21.44051604364484],[-157.75178861959202,21.440333943541035],[-157.75135610900784,21.44020650777005],[-157.7512204362825,21.440063219296626],[-157.7510695901035,21.43971882455275],[-157.75104138272692,21.439490520350596],[-157.7511824534314,21.439141529114757],[-157.75123742192156,21.438918363092075],[-157.75116589378698,21.438678445540397],[-157.75097677834717,21.438437647974354],[-157.75079113679496,21.43849723776242],[-157.75048704812417,21.438727578878076],[-157.7501893098908,21.439061848611935],[-157.74986615088477,21.439194936809365],[-157.7495394046612,21.43918346100336],[-157.74921783878415,21.439271390052813],[-157.74904538244976,21.439270100512243],[-157.74877036553173,21.439132542211468],[-157.748441008099,21.439073621121764],[-157.7480281745181,21.43911569845986],[-157.74755728932152,21.438823105887753],[-157.74730994236083,21.4387647961606],[-157.74696957620725,21.43872384979518],[-157.74665425740886,21.438574687258527],[-157.7466287391229,21.438314786064307],[-157.74687455768154,21.43819920054096],[-157.74732991052272,21.43812131880332],[-157.74772587135178,21.438219132957897],[-157.7481287384507,21.438355388786068],[-157.7485954534029,21.438358881837846],[-157.7490041113199,21.438382263524964],[-157.74927784433734,21.43831655961716],[-157.7496327388232,21.437926259352345],[-157.74997979243096,21.437323616552273],[-157.75030191721964,21.436745627374773],[-157.75064146867106,21.43638682588651],[-157.75103984854084,21.43613008776434],[-157.75125795737205,21.43572746928008],[-157.75115874394663,21.435410561420976],[-157.75069227523701,21.43537772215967],[-157.75010132271936,21.435587854927874],[-157.74977224155015,21.435709607102453],[-157.74936217411795,21.435711059442458],[-157.74898592990564,21.435918274148456],[-157.74847034134547,21.43591893577186],[-157.74812124569712,21.43605408266908],[-157.74766292600208,21.43612743690746],[-157.74719471089995,21.43573549774981],[-157.7469432418363,21.435665859430458],[-157.74637836961253,21.435505790578617],[-157.74608026510805,21.435248359394258],[-157.7457711910383,21.435004395016158],[-157.74532070278033,21.434937773807473],[-157.7449802692291,21.43455355699438],[-157.74457187333937,21.43450080152728],[-157.74437626322975,21.43431640463942],[-157.74368219864084,21.433963397197374],[-157.7431470171241,21.433717727906142],[-157.7427325831084,21.433384889898864],[-157.74214179118087,21.43301458915023],[-157.74149595014075,21.43308650442298],[-157.7410909910152,21.433266375665823],[-157.74065971980406,21.43363123084399],[-157.7402378585787,21.4339532452314],[-157.73983246420076,21.433972767684956],[-157.73933216847666,21.433878656808933],[-157.73921757546995,21.433460001258293],[-157.73895664036695,21.43322993950377],[-157.73871153742428,21.43291192203203],[-157.73871573157209,21.432424156178655],[-157.7388216718119,21.431955225607457],[-157.73881318193344,21.431399615070514],[-157.73933828016814,21.43099256411015],[-157.73977785630765,21.43078360010166],[-157.7404272006346,21.430512984134193],[-157.7408399326422,21.430269937558215],[-157.7414414289678,21.43016381509488],[-157.7415496462688,21.430553063290844],[-157.74170952054274,21.430895276914086],[-157.74256713202382,21.430456845802375],[-157.74310192326203,21.430113088482628],[-157.74364039754033,21.429902598747255],[-157.74405231579038,21.429894405677448],[-157.74448784665145,21.430227398437605],[-157.74506432626947,21.430719532474175],[-157.74554734008166,21.43071864560168],[-157.74605663643953,21.430535028439678],[-157.74646714902465,21.430691677511952],[-157.74684961181964,21.430814240630994],[-157.7472557941251,21.430772121775266],[-157.74748607922078,21.431202929297907],[-157.74783378744706,21.431370388326318],[-157.74890638536257,21.43096287088706],[-157.7492106491403,21.430992243740523],[-157.74955704530652,21.431243248441994],[-157.74993925871405,21.431395152059796],[-157.75031000492646,21.43133694344562],[-157.75049430363904,21.430938591810076],[-157.75096503100914,21.4307523997432],[-157.75173004113162,21.430493873882252],[-157.7527223894144,21.43023477762691],[-157.7535567110947,21.430263570214507],[-157.75436207231655,21.430294401639454],[-157.7548294729032,21.43014430720836],[-157.7552974369951,21.430141009156994],[-157.7558284647181,21.430167537605],[-157.7563593573259,21.429925317753714],[-157.7566947923703,21.429977489802692],[-157.75699875688994,21.429900702129128],[-157.7576174792708,21.429611703546154],[-157.7586080574823,21.42920350556305],[-157.75971757039255,21.428920391122002],[-157.76022047004207,21.428707309611525],[-157.76064503850014,21.42848687073028],[-157.76159928259594,21.42816645975581],[-157.7622850024515,21.42801118109954],[-157.76303123730304,21.427901513830076],[-157.7635291491032,21.427491904437165],[-157.7639044491691,21.427106231037357],[-157.76437053796494,21.42660830782271],[-157.76483005389645,21.426031289396242],[-157.7652791962801,21.425540013582353],[-157.7653474210071,21.425027861651774],[-157.76518420096593,21.424574984259635],[-157.76497939444155,21.423904994404054],[-157.76452939728216,21.422993810737577],[-157.76440479622627,21.422466689930218],[-157.76431953008284,21.42228087573219],[-157.76430411670918,21.422034596980204],[-157.76425774934,21.421740665943002],[-157.764238254564,21.421406277206174],[-157.76429099163522,21.421158240045504],[-157.76444485532096,21.420859005285514],[-157.7645363500801,21.420877747389724],[-157.7645862600932,21.420893924358218],[-157.76457872974893,21.420785465045192],[-157.7646071696607,21.420702113535167],[-157.76462466560977,21.42055770237785],[-157.76466455391548,21.420259887021306],[-157.76478595322735,21.419949120387503],[-157.76491403653318,21.419703895972294],[-157.7651731493872,21.419364784859837],[-157.76535358622658,21.41920350810787],[-157.76549369775933,21.4191051686573],[-157.76577252133944,21.41900333423209],[-157.7659787281587,21.41893258223789],[-157.76609194866538,21.418876954936334],[-157.76623226902376,21.418753773819493],[-157.76631581885627,21.41864146840839],[-157.76635867375714,21.41849272686687],[-157.76641206874197,21.418165650933073],[-157.7663988501198,21.41801649828515],[-157.76641044634198,21.41785623718395],[-157.76639574230822,21.41766868055676],[-157.76632459579014,21.41738133900859],[-157.76626258835225,21.417369592144528],[-157.76610614312668,21.41747458729464],[-157.76602654402862,21.41740399021647],[-157.76607182343525,21.417325279218918],[-157.7660791425498,21.417171760978242],[-157.7660811171857,21.416936901373163],[-157.7660972605701,21.41666601058141],[-157.7661095217711,21.416426708081712],[-157.76601988026763,21.41633119630948],[-157.76593886439994,21.41628543132766],[-157.765972998477,21.41609823526971],[-157.7660457163858,21.41591132245746],[-157.76610062801208,21.415762669707977],[-157.76614588882444,21.415686216930883],[-157.7662273386961,21.41568004237294],[-157.7664108334461,21.415656549082723],[-157.76661041734596,21.41565575817282],[-157.76678539631428,21.415641235440184],[-157.766892271721,21.415479414357797],[-157.7669883871952,21.415306224648685],[-157.76701989500407,21.415216119909143],[-157.76714141035526,21.415034080630416],[-157.76726910612365,21.41483402029889],[-157.76740729543073,21.41460467854757],[-157.76760699906401,21.414445799086167],[-157.76773990836693,21.4143428876526],[-157.7679370251748,21.414276582886057],[-157.7681986146266,21.414215268688114],[-157.76842042777315,21.414223670812948],[-157.76866170543693,21.414211893550593],[-157.76885689682774,21.41423139154456],[-157.76903577081399,21.414255288079296],[-157.76916861825475,21.414303690727166],[-157.76939587248918,21.41438214426088],[-157.76966371199708,21.414510578870626],[-157.76989019878266,21.414537082529673],[-157.77002933771703,21.414553912864303],[-157.7703264233452,21.414574157100976],[-157.77056487503197,21.41453977039394],[-157.77086135850746,21.41448774170884],[-157.7711242277938,21.414417397721444],[-157.7713423896879,21.414358018485256],[-157.77148803220174,21.41424616366141],[-157.7715734209427,21.41412935194758],[-157.77163872683664,21.41396270866345],[-157.77165252297758,21.413755035319532],[-157.77176122048434,21.413518697274004],[-157.7717366156069,21.413432697020323],[-157.77168341305736,21.413233568020164],[-157.77164192706377,21.41307517552218],[-157.77170595295664,21.412917555557428],[-157.7717053524166,21.41277301236795],[-157.7716342316053,21.412625694730426],[-157.77161194537607,21.412478734153748],[-157.7716553194908,21.412266760751365],[-157.77178879033247,21.412096100145845],[-157.77201342958142,21.411910294074605],[-157.77233937486068,21.41172297416375],[-157.77265591642603,21.411578497387953],[-157.77297236311605,21.411445310486677],[-157.77315611387883,21.411390195338527],[-157.7733815417585,21.411398620809937],[-157.7735707370718,21.41141355607312],[-157.77382220001357,21.411408620969414],[-157.77410648439033,21.411372309511925],[-157.77437507534069,21.411338139403057],[-157.77469592843735,21.411326935205366],[-157.77499488974505,21.41133815457274],[-157.77525102430496,21.411351318835223],[-157.7754717025088,21.411350674904064],[-157.7756297937074,21.4113360210825],[-157.77577938779982,21.411328081204115],[-157.7760290241746,21.411397656444493],[-157.77624610595763,21.411466994495097],[-157.7764782974209,21.41160419524767],[-157.77660946751456,21.411709040310367],[-157.77676823885275,21.41182989571021],[-157.77693562029816,21.411930488012107],[-157.77724236364858,21.411948535487845],[-157.77760604417685,21.41193538164184],[-157.7779218847494,21.41187444944393],[-157.77821607575885,21.411734313994305],[-157.77850309058115,21.411587351328787],[-157.77863048911144,21.411565697483702],[-157.77893574238092,21.41154533777832],[-157.77919300970862,21.411567537988503],[-157.7796236688124,21.411620360126673],[-157.77965887097434,21.411302179621604],[-157.77968365387582,21.411004248131825],[-157.77976738772057,21.410722555750628],[-157.779993769606,21.410543531834374],[-157.78025072838997,21.410457324640646],[-157.7805249124854,21.410402859427013],[-157.78068143207483,21.410286560222374],[-157.7808504115263,21.410267463774275],[-157.78101978932418,21.41034548232633],[-157.78137655222017,21.4103661461767],[-157.78179950129265,21.41040309757331],[-157.78212148044625,21.410328651309783],[-157.78262376078695,21.410250998305838],[-157.78310164868333,21.41027931359355],[-157.78344004454192,21.410333714273655],[-157.78384110980795,21.4104653546864],[-157.7842041183117,21.410605752684344],[-157.78445203347658,21.41081080952309],[-157.78475764752866,21.411111139283307],[-157.784858162431,21.411132194001215],[-157.78508117982634,21.41114058625678],[-157.78531261079235,21.41107902885406],[-157.78557831569427,21.411029010737042],[-157.78556495024372,21.41118700290878],[-157.7853533813346,21.411325492057568],[-157.78515930175263,21.41153637738084],[-157.7849962116132,21.41171812668638],[-157.78482168643427,21.41189753536844],[-157.78459278192256,21.412017827640508],[-157.78436474462316,21.41217878026277],[-157.78431123267944,21.412379391118193],[-157.7843966712003,21.4126194041392],[-157.78463959199544,21.412700211106518],[-157.7849084610698,21.41263215152992],[-157.78524122709408,21.412639081010305],[-157.78565123839735,21.412637535919114],[-157.7857909317018,21.412733402135412],[-157.7859912000703,21.412868100372823],[-157.78610268661615,21.412947952996255],[-157.78618087576126,21.413190170229978],[-157.78627694137106,21.413385090842624],[-157.7864753286748,21.413528810436365],[-157.78665362854215,21.41362269623711],[-157.78681186796126,21.41380903305536],[-157.78697268916923,21.4139750625769],[-157.7871638998706,21.41411195236062],[-157.7874252961117,21.414511326593168],[-157.7875601177599,21.41468620024999],[-157.78774879883593,21.41476435198145],[-157.7879304863029,21.414813095159023],[-157.788109756367,21.41478954915013],[-157.7883999625833,21.414766805157328],[-157.7885756025056,21.414817760535797],[-157.78868170389435,21.41489305574856],[-157.7887942203097,21.415067768127635],[-157.78886593169386,21.41529187001752],[-157.78887385853255,21.415427433027748],[-157.7888352672409,21.41557395192547],[-157.78872321327302,21.415708647600976],[-157.78861737648066,21.415820802955096],[-157.78857474959284,21.41594470831246],[-157.78864472155956,21.416087495189824],[-157.78876218101072,21.416320961569895],[-157.788880409367,21.41653410848352],[-157.7889276630471,21.41672641555103],[-157.78902192662625,21.41692132172325],[-157.78908170453946,21.41705725947193],[-157.78903654475744,21.41726922441924],[-157.78904930659192,21.417330294219276],[-157.78899524345672,21.417451858572022],[-157.78901384843,21.417535554889117],[-157.7890112381728,21.417632647525203],[-157.78903278240102,21.41772539879711],[-157.7892809826296,21.417752035308247],[-157.7894514987555,21.41776681802598],[-157.78957547847605,21.41779481493408],[-157.78974846127718,21.417802839888218],[-157.78993489559008,21.417788379341],[-157.7901423581191,21.41778310234647],[-157.7903849983587,21.41797230395729],[-157.7904212975791,21.417884487307944],[-157.79042899764383,21.41782808217863],[-157.79042274797956,21.41770834123081],[-157.79040085237656,21.417511699835522],[-157.79043180725154,21.417340282717195],[-157.79051089473643,21.417255034271296],[-157.79071147554205,21.417206796706186],[-157.79090919552925,21.41721274055372],[-157.79116328524444,21.417329755742397],[-157.79132437441075,21.41746416438576],[-157.79146497259933,21.417670695724187],[-157.79151985531547,21.41781563110004],[-157.79178107940186,21.417871717457523],[-157.79192270200886,21.41795404219547],[-157.79205855327757,21.418151504224376],[-157.79207904102088,21.418372978057572],[-157.79201230932262,21.41856897938951],[-157.79182550114209,21.418775407835813],[-157.791561758939,21.418951920639934],[-157.79123295456102,21.419121189190857],[-157.79094553152456,21.419171057181522],[-157.79074222026375,21.419257667587726],[-157.79065650836486,21.41941513888488],[-157.79060052721942,21.419550240475086],[-157.79057819615528,21.419699134640613],[-157.79053274180663,21.41980043576627],[-157.7903998325555,21.419977892001533],[-157.79028197016302,21.420085445497765],[-157.7901046305698,21.420239995440202],[-157.78983925999714,21.420393908371352],[-157.78967858886938,21.420501151252548],[-157.78955226571367,21.42061090148996],[-157.78955648345442,21.42075772975957],[-157.78947791163046,21.420926544070035],[-157.78929699408886,21.4211488200324],[-157.78913300814463,21.42129217411282],[-157.78893495475165,21.421399145992265],[-157.788694861434,21.421485488700014],[-157.78860015666748,21.42163611845622],[-157.78859591160517,21.42178514301901],[-157.7886046352926,21.421970397095418],[-157.78871023878241,21.422106666356814],[-157.78877650268097,21.422260717618226],[-157.7888217714717,21.422547865129886],[-157.7891180578642,21.422520647630652],[-157.78934304988562,21.42251098175961],[-157.78955797688278,21.422478658582715],[-157.78990306585513,21.42245631099059],[-157.79017332108927,21.422514723800997],[-157.79038705949333,21.42262693033602],[-157.79053461143778,21.42279512123053],[-157.79135896097753,21.424178713293177],[-157.79149394633657,21.42433551879364],[-157.79160568596018,21.424532809095442],[-157.7917063672179,21.424754861359737],[-157.79180781893714,21.42495659508352],[-157.7918974626099,21.425201151002167],[-157.79185207153017,21.425514744156075],[-157.79187271916442,21.425643625280394],[-157.791861929099,21.42585583965409],[-157.7917880319078,21.42604275518464],[-157.79168178063227,21.42620459545797],[-157.79161615633785,21.426411896420184],[-157.79160769297792,21.42670768933965],[-157.79154617951818,21.42692857047269],[-157.7914879481345,21.427190127844653],[-157.79142807490877,21.4274313465858],[-157.79140370345982,21.427681857911747],[-157.79139561029822,21.427932483988787],[-157.79147543042043,21.428271824935432],[-157.79156012356825,21.42838535742374],[-157.7915661161532,21.428389917518462],[-157.79179083641617,21.428560922719306],[-157.79206600293864,21.42875713420233],[-157.7921089610571,21.428739376630674],[-157.7928728331913,21.428902977023444],[-157.79304201699,21.42886128720557],[-157.7932963614883,21.42887667245957],[-157.79358187249437,21.428914864323165],[-157.79383342396477,21.428903127509063],[-157.79405919499527,21.429019935081808],[-157.79419669182914,21.429018666714224],[-157.7945610357433,21.429003224044163],[-157.79473878289366,21.42902031418381],[-157.79480360804672,21.429056915573828],[-157.79502350828477,21.429081082247343],[-157.79515142077813,21.42899844069558],[-157.79513053531494,21.428677594431427],[-157.7951012833517,21.428347651536853],[-157.79499834959117,21.428105258131225],[-157.79490977535716,21.42787651947306],[-157.79488113482165,21.427618851569633],[-157.79478308906158,21.427295188868005],[-157.79468177999763,21.427075393078148],[-157.79460147175294,21.426941565977184],[-157.79458905921706,21.42683758890305],[-157.7945703009527,21.42662516246039],[-157.79453633779036,21.42642843287073],[-157.79447164283076,21.426229226355815],[-157.79453654693103,21.426035468594584],[-157.79463154356012,21.425848700849325],[-157.79475878494466,21.42570056108237],[-157.79480803081313,21.425504432074604],[-157.79496542949127,21.42528198094078],[-157.7951677050159,21.42517503147553],[-157.79538465611824,21.425043344570184],[-157.79550588682653,21.42503969956059],[-157.79571722653264,21.42493055705524],[-157.79586043023474,21.424820923541407],[-157.79606424466698,21.424673332249313],[-157.79622561529493,21.424701595057016],[-157.79638793279386,21.4247614807393],[-157.7965487366994,21.42478522050071],[-157.79672952996984,21.42479781336515],[-157.7969028372866,21.424767440268326],[-157.7970848384552,21.424780039618838],[-157.79722936252577,21.424803663618913],[-157.7973975437601,21.424883918138026],[-157.79754228260694,21.424954972281874],[-157.79760855309007,21.424962223326627],[-157.79775893970026,21.425006216655287],[-157.79784779004305,21.425054283254468],[-157.7979444400748,21.425106922648354],[-157.7981060888908,21.42510130919624],[-157.7982026905587,21.42508619514607],[-157.79827593234458,21.42497831773467],[-157.79834143855422,21.424931360642606],[-157.79838412054463,21.424947477682313],[-157.79848248139405,21.42486462222306],[-157.79855921130206,21.424772578718677],[-157.79861971079072,21.42474817172397],[-157.79864170032627,21.42463992470313],[-157.79871182066253,21.424471046112128],[-157.79877713851633,21.424299873705166],[-157.79887205472426,21.424122140023865],[-157.79900347321203,21.423978545397123],[-157.7991254048363,21.423889082313362],[-157.79930251114496,21.423836153189054],[-157.79950629185197,21.42383987587351],[-157.79973361683392,21.423913778447],[-157.79989515994166,21.424068513009153],[-157.80001709348534,21.42420037842808],[-157.8001409933617,21.424386459342294],[-157.8001974219481,21.42456528158006],[-157.80019757614838,21.424694014274287],[-157.80024104481146,21.42468755124698],[-157.8003581827153,21.424668066164557],[-157.80052708409835,21.42466024566917],[-157.80067338269467,21.42468839628783],[-157.8007186730017,21.424754216950966],[-157.8007108288183,21.424828688183318],[-157.80065925767562,21.42494124058316],[-157.80067889157385,21.425047527535263],[-157.80077813995345,21.425077599605054],[-157.8008873318311,21.425071607870812],[-157.8009330629846,21.42508322923561],[-157.80101069235326,21.425176382537224],[-157.80100476877237,21.42523731783617],[-157.8009904774353,21.42528915859593],[-157.80094678079365,21.425397250584385],[-157.80098334139493,21.42542461351468],[-157.8011344626383,21.42545280009209],[-157.8011960878132,21.425511962258575],[-157.80120688142333,21.42559334311783],[-157.8012923857028,21.425682035797905],[-157.8013664855787,21.42583839892396],[-157.80153241388092,21.426047365812067],[-157.80156171876786,21.426076935139218],[-157.80165057904563,21.426271799849086],[-157.80165171126322,21.42628084168426],[-157.8020541410062,21.4263266380271],[-157.80234322718763,21.426443890126354],[-157.8025901474885,21.426481794191943],[-157.8028262696836,21.42651284721797],[-157.80326072627741,21.42662436422197],[-157.80351461853152,21.42684299333369],[-157.8037128733825,21.427081549693415],[-157.8038511565235,21.427353553141543],[-157.8040257135717,21.427614522450586],[-157.80402377684348,21.42763031766272],[-157.8042056806854,21.42780326302242],[-157.8043415767448,21.427998460473905],[-157.8045524950967,21.428311636486747],[-157.8047708897274,21.428891359116896],[-157.80485883861007,21.42919913662668],[-157.8050287916594,21.429507500168558],[-157.80533497723937,21.429970413564522],[-157.80598722634312,21.430738429111653],[-157.80644748636684,21.431238575932078],[-157.8069222302193,21.43144071040408],[-157.80750695619807,21.431688799166327],[-157.80787332769256,21.432018887374184],[-157.80809918232157,21.432424761506205],[-157.80841463108584,21.43286289197242],[-157.8086076369471,21.433155608114472],[-157.8085363479631,21.433618079318148],[-157.80861250274683,21.433819623799224],[-157.80884671875108,21.434013261742052],[-157.80907351822066,21.434005846721416],[-157.80915095351565,21.434272894738807],[-157.80926877208785,21.434542489259087],[-157.80967409631256,21.43475541489625],[-157.80992868705425,21.435039533720214],[-157.80995079378286,21.435362649045388],[-157.80995217976943,21.43563818901766],[-157.8100614502763,21.4357722152047],[-157.81019814938827,21.43587030307518],[-157.81028724600813,21.436187120000543],[-157.8104565967603,21.436497731803893],[-157.81062912990527,21.436788042844647],[-157.8108146544289,21.436963263943987],[-157.81119188376348,21.436923039931237],[-157.81163779841037,21.436815549503603],[-157.81199311760312,21.436800010946683],[-157.81213932007648,21.436916230434043],[-157.81204989337812,21.43708723713514],[-157.81185082710596,21.43724391237565],[-157.81148635270273,21.43742199303285],[-157.81119365349178,21.437747383621936],[-157.81107623052503,21.438098864914235],[-157.81107858655722,21.438403772337388],[-157.8110575911331,21.438613656883568],[-157.81080384616473,21.439043213124073],[-157.81059662417263,21.43946180727594],[-157.81031756769974,21.439814394176004],[-157.8098597998977,21.439969223517725],[-157.80940238006428,21.440006613629922],[-157.80873687982262,21.440047036009343],[-157.8087431371641,21.440613950241012],[-157.80868315696227,21.4408709848732],[-157.80866568091605,21.441241242770733],[-157.80860127943507,21.441448559424842],[-157.80855384131038,21.441497907322546],[-157.80838912018817,21.441582553468134],[-157.808048572678,21.44163432401573],[-157.80756592819097,21.441657978655794],[-157.8075245180749,21.4417073691859],[-157.8075007246355,21.44181560356626],[-157.80728391761767,21.442076035273594],[-157.8072718145782,21.44222952156477],[-157.80727758517838,21.442410239117265],[-157.80736602137242,21.442659298676872],[-157.80748318440862,21.442935664959684],[-157.80782398885245,21.443001336043576],[-157.80848287013646,21.442960869824876],[-157.80878862553052,21.44303532319339],[-157.80883602936285,21.44299049187737],[-157.808777703791,21.442746165061987],[-157.8088828903388,21.44256623891978],[-157.80898917071247,21.44254893132993],[-157.8090600725572,21.442581053887437],[-157.809124540758,21.44266281799479],[-157.80923049127045,21.44268615791049],[-157.80911920974572,21.44242790203842],[-157.80911884495222,21.44232401148212],[-157.80921288572267,21.4421801425491],[-157.80931854620383,21.44209055862825],[-157.8096595708499,21.44198006871854],[-157.80972473439925,21.441976015234182],[-157.8098830199679,21.44194100937412],[-157.81009506777852,21.441969621717778],[-157.81041273731367,21.442062224249316],[-157.81061864522798,21.442104342914007],[-157.81080635234278,21.442159882633412],[-157.8110599534967,21.44227009445504],[-157.81163601526876,21.44292462727293],[-157.81177142328664,21.443183053823542],[-157.8121001347922,21.443700318436345],[-157.8125178435396,21.444547946386933],[-157.81330543634965,21.446193177508388],[-157.81389990638232,21.447706018492205],[-157.81427603392757,21.448625594243122],[-157.81433425791508,21.44873441167906],[-157.8143935785973,21.448856785672575],[-157.8144286287841,21.448997054280962],[-157.81442329250393,21.449209303982144],[-157.81440465509056,21.449425976311137],[-157.81434588359303,21.449683013395926],[-157.81434054925285,21.45004431709388],[-157.8143398919965,21.45012561429348],[-157.81433397007007,21.450261074823796],[-157.8143754559444,21.450500758366378],[-157.814451699163,21.45076778847267],[-157.81452823471633,21.450998686561913],[-157.81461050916448,21.45126576113744],[-157.81472279071838,21.451551114812492],[-157.81476361888826,21.45172304326622],[-157.81485784617024,21.45200375210353],[-157.8149101867538,21.452243511498104],[-157.81496300390086,21.45242455765546],[-157.81501022641243,21.452551362642534],[-157.8150753243771,21.452705395426747],[-157.81519879270016,21.452950176208706],[-157.8153813647622,21.453493485168476],[-157.8154753750733,21.453652241190973],[-157.81558086068975,21.453883344702554],[-157.8157101062586,21.454159785938334],[-157.81589267842858,21.454404987318647],[-157.8161155310984,21.45459175694959],[-157.81626330565027,21.45466507427481],[-157.81642727207148,21.4546752716429],[-157.81660991444195,21.454613334634026],[-157.81710476796633,21.454427140820947],[-157.8174511552574,21.454253444105188],[-157.81794593011767,21.4539272277162],[-157.8183456042908,21.453726805175165],[-157.81872180797933,21.453444913104125],[-157.81902165985366,21.453207647256257],[-157.81938682361164,21.452948260924273],[-157.81964610460943,21.452805557450443],[-157.8200453374034,21.452659330006668],[-157.82040432914093,21.452567015884537],[-157.82077498255669,21.452524468804143],[-157.82229330489722,21.452413243846202],[-157.82241692115645,21.452490900816585],[-157.8225223715832,21.452577463621424],[-157.82261634361717,21.452591675533586],[-157.82268699676388,21.452655408082126],[-157.8227345906798,21.452737044971926],[-157.82278128474766,21.452780283854455],[-157.82292717158703,21.45271356063791],[-157.82302857327105,21.452628455955725],[-157.82316190195482,21.45254809174084],[-157.82335490444166,21.45254719426519],[-157.82362532646164,21.452668793038775],[-157.8238550535158,21.452826239476163],[-157.82413261580473,21.45311049354042],[-157.8248163643879,21.453207898831874],[-157.8248873103144,21.45323549840511],[-157.82582225986172,21.454122848768858],[-157.82636887072997,21.45500295096727],[-157.8264159955396,21.45514330216866],[-157.8264332681088,21.45539636510583],[-157.82648053961577,21.455518650694763],[-157.82651128407858,21.45559565333659],[-157.82635943962555,21.455879145425605],[-157.82630554950887,21.456131706407223],[-157.82639385194506,21.456100709509453],[-157.82647908093332,21.456001938683606],[-157.82659304058754,21.455930471515668],[-157.82662437881152,21.456084263487234],[-157.82655760430532,21.456137995013044],[-157.82645120701105,21.456168865069],[-157.82650582438487,21.456277651534506],[-157.82664237472991,21.456246992929618],[-157.82678520899213,21.456184761911548],[-157.82696295245583,21.456131810207257],[-157.82712133634,21.45623680804842],[-157.82734566199156,21.456391954581626],[-157.82755155773464,21.456438568292352],[-157.82779243338823,21.456485426853234],[-157.8288274605023,21.456628191379025],[-157.82901628994924,21.456697268262104],[-157.82915125316305,21.456865335797406],[-157.82927514539534,21.45706042796791],[-157.82935093301947,21.457237115002737],[-157.82940387597435,21.457404608387233],[-157.8294867939495,21.45759489500994],[-157.82962150608466,21.4577945786356],[-157.82973899167655,21.457885738232832],[-157.82988088908584,21.457940935235232],[-157.83002190674554,21.457955474004525],[-157.83012220061167,21.45793359279128],[-157.83025070679795,21.457853189284183],[-157.83033944393367,21.45776799073225],[-157.83043929003142,21.457651254305684],[-157.83053899090507,21.457552581629237],[-157.83063364872012,21.457480974951125],[-157.83075767202408,21.457508944952586],[-157.83081648517876,21.457545491092134],[-157.83089814719574,21.457591230664104],[-157.8310213394184,21.457723081242875],[-157.8312222495107,21.457941294675315],[-157.83131532588058,21.45806841775672],[-157.83163991614384,21.458811446320272],[-157.83173929292948,21.459056049527796],[-157.83192196770105,21.45959483016071],[-157.83236338850793,21.461269140941578],[-157.83240339326966,21.461395890292735],[-157.83240359016173,21.461522362664862],[-157.83234553045813,21.46169359541383],[-157.8323093259753,21.461846914974423],[-157.8323275804805,21.461978029381445],[-157.83237493077905,21.462091282068727],[-157.83243356721073,21.462150410900584],[-157.83259232154776,21.462512865340653],[-157.83281210994613,21.46248278464841],[-157.83288008962063,21.46242905909603],[-157.83276391262464,21.462324360012914],[-157.83288010719141,21.46227548690219],[-157.8331040154275,21.462182199955226],[-157.8332868050638,21.462102174737637],[-157.83348640813284,21.46203130124902],[-157.83364550184052,21.46189690771724],[-157.83373924434375,21.461789157885068],[-157.83373919006638,21.461644618919053],[-157.83366314248556,21.46149955097371],[-157.83364495678956,21.461359400656615],[-157.8336741039179,21.46118344889964],[-157.83380358148682,21.4609810962403],[-157.83403355334534,21.460883331516268],[-157.83416821894025,21.460938474624403],[-157.83432232717573,21.46097568556854],[-157.83447416667897,21.46099481301077],[-157.83461043478366,21.461000281162676],[-157.83472137188394,21.46100557273755],[-157.83468703827018,21.460924029550142],[-157.8346152744492,21.460846742469926],[-157.83452180035962,21.460769304996894],[-157.8344161931598,21.460700813995913],[-157.83429245658897,21.460636715284867],[-157.83418092328085,21.460554633984607],[-157.83412143973348,21.46045033096377],[-157.83408647417502,21.46029651485261],[-157.8340337764009,21.460097407153313],[-157.83398689530816,21.459925440412103],[-157.8339978035678,21.45976742715482],[-157.8340924434312,21.459546763780384],[-157.83411569923857,21.459352701451152],[-157.83421044540788,21.45911848986237],[-157.83425716082533,21.45885683944965],[-157.8342397668614,21.458617325804262],[-157.8342158389986,21.458441002170133],[-157.83425169528545,21.458179276958127],[-157.83432780945535,21.458012686034873],[-157.83442761582236,21.457900461017182],[-157.83456254580236,21.45777041577738],[-157.8347334464848,21.45766772141715],[-157.83486918542036,21.457587364631326],[-157.83499835669906,21.457574715356877],[-157.83528642097554,21.457603826133106],[-157.83549242810108,21.457636880322074],[-157.83569843629724,21.457669934268086],[-157.83594538407883,21.45771230842994],[-157.83614568416561,21.457704670083515],[-157.8363340655113,21.45767888282701],[-157.8364572415822,21.457661674731924],[-157.8365921194047,21.457689714142123],[-157.83672177916586,21.457767402079334],[-157.8368393778713,21.45784500877055],[-157.8369809199196,21.457945364502038],[-157.83709823132804,21.45805910236176],[-157.83717521128844,21.45808673883082],[-157.83730388235045,21.458137320815673],[-157.83742239941978,21.458251066840656],[-157.83756950777533,21.45841017949634],[-157.83770466070644,21.45855565918828],[-157.83783913452987,21.458786955041223],[-157.8378811621048,21.45896340315649],[-157.83792219644116,21.459112743903365],[-157.83791618803625,21.459261757844565],[-157.83785696528054,21.4594284687636],[-157.83783918289404,21.459541265748737],[-157.8378746516593,21.45963185002925],[-157.83793978706697,21.459632302530448],[-157.83802787758452,21.45962839937569],[-157.83813387964275,21.459647205051915],[-157.83823956247028,21.45970665868126],[-157.83831614978297,21.459783977765255],[-157.83840419198876,21.459938163555822],[-157.83854566555576,21.46004755046562],[-157.83893411455088,21.459892163989547],[-157.83891560531092,21.460248863840544],[-157.83893996834894,21.46037098909099],[-157.83896848869782,21.460425389781324],[-157.8390284069919,21.46047549149658],[-157.83917542186794,21.460494581187636],[-157.83928678809838,21.460445669968713],[-157.83939851284526,21.460351592213033],[-157.8394932399877,21.460270947136294],[-157.83959282963573,21.46018582064492],[-157.8397045182305,21.460096260214648],[-157.83982191515972,21.46004739045021],[-157.83992224409468,21.46002098670968],[-157.84006348059074,21.460008417264195],[-157.8402044282794,21.46003198086266],[-157.84038102707132,21.46012354312879],[-157.84055145199505,21.460233131813524],[-157.84066383497097,21.460360382941325],[-157.84079307070215,21.460492268590112],[-157.84103971957643,21.46087791299392],[-157.84121013806947,21.461141073678665],[-157.84138073374461,21.46138165094988],[-157.84148155098822,21.461599157582338],[-157.84153337445932,21.461757607893805],[-157.84160414009682,21.461961357438415],[-157.84216891145243,21.462543429765763],[-157.84188061323388,21.46269500468044],[-157.84194535752627,21.46274513882636],[-157.84204007889463,21.462818064971046],[-157.8421695667647,21.462918334924407],[-157.8422631197089,21.462986735964694],[-157.84239842515348,21.46311414468981],[-157.8424990712613,21.463200664092334],[-157.84262217181262,21.46334605667431],[-157.84272817093174,21.463518432226145],[-157.8427987259785,21.463749279437497],[-157.84294576717707,21.464070996426063],[-157.84301625147677,21.464310876858526],[-157.84304537416307,21.464442068329802],[-157.84304529485604,21.464604673357154],[-157.8430463504902,21.46477632092945],[-157.8430225398363,21.464889076822594],[-157.84295775240116,21.46499703232938],[-157.84285152254122,21.465158902925843],[-157.842716271417,21.465329603705904],[-157.84259925682787,21.465482366599275],[-157.84247482594364,21.465657659836086],[-157.84238044475887,21.465846712559944],[-157.84229837498262,21.466004231273477],[-157.84225135959346,21.466152961535354],[-157.84222247311067,21.466297300390483],[-157.84225145071784,21.46644655763008],[-157.8422925269512,21.466591380821285],[-157.84234027004834,21.466808522278306],[-157.84236343243631,21.46693063606691],[-157.84241046897674,21.467084536086112],[-157.8426109740593,21.467510509289284],[-157.84268735456922,21.46761492648267],[-157.8427520655549,21.467669578852316],[-157.8428864912351,21.46775633005538],[-157.84306888275123,21.467879549974505],[-157.8432104743216,21.467975386102797],[-157.84333971783886,21.468107270968055],[-157.84336327339412,21.468179704220717],[-157.84339853354476,21.46829738557168],[-157.84346338089938,21.468487543678922],[-157.8435221256017,21.46868669063869],[-157.84363972901286,21.468917865586576],[-157.84373459208734,21.46912629783889],[-157.84386372369357,21.469425305787073],[-157.84393431952594,21.469651635925864],[-157.84401097986134,21.469873493777662],[-157.84415235494922,21.470150000786834],[-157.84424604879425,21.470353906896566],[-157.84432199927397,21.470666096713376],[-157.84434569120998,21.470874035829553],[-157.84435238774498,21.47109540816188],[-157.84435713481653,21.47125804647862],[-157.84438150067913,21.471533743660906],[-157.84435818244864,21.47173684004761],[-157.84435147382635,21.47182261287075],[-157.84434008237187,21.471890287554377],[-157.844304564239,21.471957795473987],[-157.84421628907816,21.471984284850386],[-157.84413390204034,21.472028882460833],[-157.84401071633698,21.472046096594998],[-157.843863859772,21.472158000830248],[-157.84377522793062,21.472229656436248],[-157.8436572517749,21.47235079307111],[-157.84352859569438,21.47244927308339],[-157.84338060529288,21.472552133423935],[-157.84324524048128,21.472736385949872],[-157.84314042619545,21.472871165726342],[-157.8431101879532,21.473033563726922],[-157.8431099684266,21.473214236099558],[-157.84311666300965,21.47343560924495],[-157.84309816894063,21.473638739617726],[-157.8430987960771,21.473864587659996],[-157.8431050278293,21.474144678085768],[-157.84311087467984,21.47432087732807],[-157.84308060036292,21.474487790119007],[-157.84296883190697,21.47458638464513],[-157.8428342871993,21.474666755686307],[-157.84267514938756,21.47480567324315],[-157.84245792766666,21.474966772031447],[-157.84230978919183,21.475087698708666],[-157.8422339963157,21.475213644064254],[-157.84218108747402,21.475344265659523],[-157.84215152121183,21.4755744204824],[-157.84209271356738,21.475840505168755],[-157.8420281604765,21.476070417614086],[-157.84195129448213,21.4763318602429],[-157.84191086831967,21.476561939745785],[-157.84188090552857,21.47684177659293],[-157.84189884139383,21.477167114147726],[-157.8418509275293,21.477428759949827],[-157.84179254801873,21.477640646535036],[-157.8417693329305,21.477830193197367],[-157.84166372559415,21.478064335114393],[-157.84155077433488,21.47831197761849],[-157.84151066940163,21.478501404453493],[-157.84147468277317,21.478627626096273],[-157.84146363812224,21.478803708166613],[-157.84148037422557,21.478975463177374],[-157.84151005905676,21.47918796262477],[-157.8415398511518,21.47938691214625],[-157.84154508857665,21.479639893230285],[-157.84151604567236,21.479955869527743],[-157.84145113122284,21.480230947902008],[-157.84141574487043,21.480433958013442],[-157.84148683962383,21.480597060520495],[-157.84159312520475,21.48088687972219],[-157.84170420302118,21.481181248056007],[-157.84175730210578,21.4814842465227],[-157.84182260841064,21.481769262917233],[-157.841863498903,21.482090244292866],[-157.84184006854193,21.482306890670618],[-157.84176341178454,21.48254123302258],[-157.84170460191615,21.482807318114375],[-157.84166889155787,21.483050979741144],[-157.84172781723913,21.48322754847192],[-157.8418048027765,21.483408756513953],[-157.84190478301284,21.483581094610475],[-157.84202754177633,21.483771658022512],[-157.84220405255064,21.48403034612167],[-157.8423342678504,21.484193859669734],[-157.8424397525236,21.48428041477227],[-157.84258061671932,21.484317529092074],[-157.84264527183197,21.4842276427415],[-157.84268743310375,21.484083396154965],[-157.8427748947703,21.484160790664692],[-157.84283442908603,21.484260576196828],[-157.8429160015382,21.484319864121996],[-157.84300484741183,21.484374683670293],[-157.84311069147705,21.48441607198943],[-157.84317477529993,21.484398449850175],[-157.84323439023248,21.484335629692627],[-157.84331000897717,21.484232266487908],[-157.84341088940107,21.484138113650445],[-157.84354033352764,21.484093846871758],[-157.84373964173574,21.484063613119993],[-157.84404011089498,21.484056668720086],[-157.84433454886815,21.484049680266455],[-157.84459307804826,21.484006307935655],[-157.8447927067207,21.483935424937098],[-157.84497572514522,21.483981864206694],[-157.8451819460332,21.4841459045342],[-157.8453346258855,21.484214718230486],[-157.8456231691067,21.48434319347691],[-157.8458645915601,21.484480376616247],[-157.84618754909138,21.484681359726334],[-157.84655199297512,21.484823911715917],[-157.84682932286174,21.484997476468493],[-157.84710523450676,21.485198134150124],[-157.84738817320604,21.485425938502527],[-157.84768218318058,21.485626716492295],[-157.84786988838735,21.48569125077275],[-157.84807682584974,21.485764953007465],[-157.84824700147547,21.485910671903984],[-157.8484233163115,21.48604287955687],[-157.84861116308988,21.48624292258016],[-157.84881770788937,21.486519881381763],[-157.84903557224297,21.4868917735543],[-157.84917658117823,21.487217965468094],[-157.849218342926,21.487430548810277],[-157.8492879264111,21.4876342899467],[-157.84930651777472,21.487724756717075],[-157.8493063749802,21.487896397633556],[-157.8492712426686,21.48806779759657],[-157.84919424185907,21.488193737576577],[-157.84908260841877,21.48827427096792],[-157.84895866153747,21.488386335892898],[-157.8489177824071,21.488521561035153],[-157.84907071622155,21.488712326627684],[-157.84904179321038,21.48901475912209],[-157.84897664234117,21.489167883737846],[-157.84887668204453,21.48929818315949],[-157.84877019180183,21.489491673991367],[-157.84875844531936,21.48960451442041],[-157.84870649218414,21.48976676270803],[-157.848600321142,21.4899196035876],[-157.84853570336824,21.490004976498867],[-157.84841775047485,21.490121599125494],[-157.84821122824385,21.490300847597005],[-157.8480883076805,21.490435502377863],[-157.84786428835298,21.490691415057828],[-157.84771194907134,21.490884586221767],[-157.8474404809895,21.491343430091263],[-157.847288350806,21.49166307601108],[-157.84709441091624,21.49223537352093],[-157.84702960793393,21.49249690397538],[-157.8470112578493,21.49268196880146],[-157.84702952800598,21.49281308460558],[-157.84705287523516,21.49291261904291],[-157.84714715543768,21.493044262976092],[-157.84732312168026,21.493221642047935],[-157.84754692193803,21.493453554469003],[-157.84779375141218,21.493672076583913],[-157.84802411808298,21.49383627947946],[-157.848300582711,21.493969182559134],[-157.84847648236234,21.49400201871686],[-157.84862378301494,21.493989488713165],[-157.8487470954719,21.493958723915092],[-157.84881838556439,21.493945666309457],[-157.84895308709753,21.49400080071569],[-157.8491237333139,21.494241376878612],[-157.8495000520722,21.494718253962436],[-157.84987140318327,21.4952131654264],[-157.85014769217975,21.495675798185946],[-157.85032412645722,21.495948033094407],[-157.85044165408937,21.49603918329639],[-157.85053601220906,21.496161792217876],[-157.85059555643085,21.496261574395795],[-157.8505535051682,21.49639227483616],[-157.85058867226704,21.496523508405435],[-157.85063593836972,21.496650308326192],[-157.85073341705092,21.49683617416363],[-157.850803928894,21.496922481967648],[-157.8508740860529,21.49705395800247],[-157.8509091136044,21.497203258107547],[-157.85091543052906,21.49732074158087],[-157.85096237884787,21.497488191233156],[-157.85099179996578,21.4977368261187],[-157.85108048210324,21.497967800154886],[-157.8511510307419,21.498203167222908],[-157.8512270094313,21.498515357814476],[-157.8513222588226,21.49883219959261],[-157.8513634606663,21.499117050532394],[-157.85138588961954,21.499334016326017],[-157.85148074980287,21.499546967807902],[-157.85156318808873,21.499805000910264],[-157.851710673982,21.50007703275491],[-157.85173416715483,21.50015850006793],[-157.8520299432624,21.50083130563797],[-157.8522110801304,21.50150557596173],[-157.8523710660235,21.50210743054979],[-157.8525063040908,21.50278816049717],[-157.85262163059787,21.50339196463052],[-157.85263078093007,21.50399503742897],[-157.85255681709282,21.50465625504838],[-157.85240906881262,21.505032398045742],[-157.85232420122497,21.505160544274684],[-157.8520642017066,21.505463638898682],[-157.85162060083857,21.505636732991555],[-157.85129441234199,21.505839998745163],[-157.8510352789073,21.506032434804236],[-157.8509397105604,21.506370543552762],[-157.85108647567768,21.506658380988608],[-157.85133654770164,21.506928866863884],[-157.85142676038373,21.50719598721104],[-157.85129889869302,21.507420950078636],[-157.85073922411158,21.507469025071018],[-157.8501663142651,21.50743570043109],[-157.84946594650026,21.507345030120316],[-157.84883238648837,21.50727514887643],[-157.8481980114117,21.507232359105135],[-157.8468720675599,21.50728412325957],[-157.84613605108967,21.50727672442668],[-157.84527853718058,21.507374619784088],[-157.84435579126594,21.50748108666818],[-157.84376104530998,21.507691474038015],[-157.84234836694296,21.507952588154797],[-157.84159185753435,21.508170864387633],[-157.84092618156936,21.50834686551069],[-157.84057384271307,21.50842117722292],[-157.8403514323613,21.50846930021533],[-157.83990630868027,21.508527149790364],[-157.83958854911342,21.50865364544328],[-157.8393846965975,21.508719964473794],[-157.83898941754163,21.508730736315048],[-157.83879676514724,21.508754223139295],[-157.8384989608984,21.508950866899873],[-157.83811261943356,21.509052034363787],[-157.83770962304592,21.50904693858955],[-157.83721556024193,21.508885372150765],[-157.8366557712342,21.508567509953473],[-157.83618013213953,21.508744828433898],[-157.8357619858891,21.508899967498166],[-157.83536864093878,21.50927434098933],[-157.8350878323822,21.50960885772599],[-157.8348843422341,21.51038656070727],[-157.83504913900188,21.511361083868966],[-157.83507465327685,21.511869398151422],[-157.83528151231727,21.512790019405557],[-157.8353402623162,21.5129891730391],[-157.83541605072733,21.513170378062615],[-157.8354576917875,21.51339650986855],[-157.8354864913239,21.51356834973563],[-157.83552222747122,21.51392994259216],[-157.83553987923872,21.514137837776158],[-157.83550458569354,21.51462991510356],[-157.83554637474114,21.515140604780452],[-157.83568147607318,21.517268950023112],[-157.83571105230322,21.517494997561414],[-157.83570503813237,21.517644008401117],[-157.83605134436502,21.51780003035444],[-157.8354345612428,21.51796730111948],[-157.83537478279163,21.518048178478615],[-157.83535191124977,21.518192552992524],[-157.83531657662448,21.51838652237875],[-157.8353047992617,21.518652927696078],[-157.83529862443842,21.518973572605766],[-157.83528296379112,21.520030381280126],[-157.83527556569513,21.52050458898776]]],[[[-157.78824047245556,21.422916300442576],[-157.78817185622373,21.422974523130996],[-157.78822017270784,21.423038108604562],[-157.7883099439691,21.423120061353686],[-157.78828664714632,21.42323958851232],[-157.78836279378982,21.42329208313685],[-157.78848912699937,21.423254603672227],[-157.7886085776671,21.42317416423417],[-157.7885831281293,21.423042992355203],[-157.7885172239457,21.422918302266233],[-157.78837076615704,21.422910467672725],[-157.78824047245556,21.422916300442576]]]]},"properties":{"moku":"Ko'olaupoko","mokupuni":"O'ahu","other":"O'ahu","gisacres":51205.22359656}},{"type":"Feature","geometry":{"type":"MultiPolygon","coordinates":[[[[-157.89888599699353,21.501570336989566],[-157.89915156781112,21.501716635188075],[-157.89947429129313,21.501804588438823],[-157.89965149096406,21.501828342488732],[-157.8997517768061,21.501810935399163],[-157.90014008015487,21.501682503424025],[-157.90059233269423,21.501554491481105],[-157.90088101570888,21.501515740819432],[-157.90135242429392,21.501568532413373],[-157.90172810380923,21.501674898364765],[-157.90181690557947,21.501097305207367],[-157.90188736389985,21.501034531232555],[-157.90197002277802,21.50095376965329],[-157.9020403095204,21.500913579206973],[-157.902234301256,21.500950991716362],[-157.90232931634665,21.50099227050184],[-157.9024231936566,21.50102450605979],[-157.90254720300825,21.50106145831141],[-157.90265318026317,21.501089258109126],[-157.90275801775974,21.501108016461167],[-157.90287013069602,21.501122303786516],[-157.90297634518421,21.501118486316884],[-157.90308245710617,21.501128217138373],[-157.90315854147943,21.501119684722568],[-157.90324065788414,21.501111190075026],[-157.90335303985418,21.501089343270568],[-157.903570668567,21.50103205355683],[-157.90367598010695,21.500987576283762],[-157.90382376134764,21.500911758143573],[-157.90396433477542,21.500831375619903],[-157.90410631960918,21.500723900545655],[-157.9042351312837,21.50060278626885],[-157.90435301766095,21.500490635919206],[-157.90449506761684,21.500374125211568],[-157.9046302179296,21.50021240144586],[-157.90473661077135,21.500023385486077],[-157.9048008094611,21.499829574932868],[-157.90481885141162,21.499676115156657],[-157.90480706683684,21.49947728851103],[-157.90481254543454,21.499228889512917],[-157.90485434695532,21.49912527375217],[-157.9050303822761,21.49898188362929],[-157.90513086751722,21.498937373720768],[-157.90591367785035,21.49881603380765],[-157.90644270022455,21.498747230472258],[-157.90671391161905,21.498785144153967],[-157.9070136752018,21.498877447655666],[-157.9071781998048,21.498982417646182],[-157.90727804343575,21.499023725219313],[-157.90756718474975,21.49908434050063],[-157.90818488887982,21.49909741858807],[-157.9083853146198,21.49908066163961],[-157.90872607654399,21.4990151357706],[-157.90932022149232,21.498951267505564],[-157.9096386583422,21.49896689915789],[-157.91019754180385,21.498938934114378],[-157.91037997229574,21.498908505575407],[-157.91053233712242,21.49886433167638],[-157.91065102040545,21.498806385303773],[-157.91078531997036,21.498757574587408],[-157.91085667642557,21.498735455094817],[-157.91095665553087,21.49875869355813],[-157.91108046276744,21.49882273991027],[-157.91115017463852,21.49885933000601],[-157.91121513032738,21.49888685696517],[-157.91136786122053,21.49895560859884],[-157.9114857693591,21.499001548387042],[-157.91157365028027,21.499029224606332],[-157.9116737286074,21.499038910619372],[-157.9118040723439,21.499035244684322],[-157.91187415502787,21.499022150373033],[-157.91196227024383,21.49901820740884],[-157.91205061961014,21.498982649027585],[-157.9121331366032,21.49891994725374],[-157.91223278269047,21.498825740991006],[-157.9122986098095,21.498735830499683],[-157.91239222277693,21.49864158213504],[-157.91250369832625,21.498579070521963],[-157.9127044923634,21.498512625102723],[-157.91311577044783,21.4985378910354],[-157.9139336642757,21.498403188789908],[-157.914245801899,21.498292295787564],[-157.91455733392888,21.498262704442865],[-157.91479935182875,21.498332034958345],[-157.9157817122036,21.498473932060843],[-157.91613510476088,21.498494296968307],[-157.91638188404474,21.498410077591878],[-157.91671761397686,21.498208992786445],[-157.91719990126276,21.49776945466379],[-157.9173415730108,21.4977026184877],[-157.9174350131193,21.497630952652003],[-157.9178066363772,21.497470751718396],[-157.91812453311704,21.497396025210726],[-157.91839477217354,21.497402293984283],[-157.91914761173598,21.497578820626735],[-157.91965994029047,21.497645377804925],[-157.92051899506976,21.497818068300084],[-157.92071348831013,21.49778770809926],[-157.9212369032832,21.49766009887289],[-157.92182533839198,21.497550978238312],[-157.9219846054742,21.497552007948947],[-157.9222845106016,21.49762621823775],[-157.9224964366738,21.497686305993632],[-157.92292577977315,21.497716176720132],[-157.92366057555626,21.497558301130674],[-157.9238671327873,21.497528013146376],[-157.92406745873976,21.497524784789547],[-157.92442055409273,21.497585781146174],[-157.92451443375276,21.49761800440528],[-157.92476778287372,21.497624152336563],[-157.92508574534835,21.49754037622976],[-157.92533268342402,21.49743355591849],[-157.92562037937648,21.49736313406274],[-157.9258677616232,21.49736020798716],[-157.92625631234185,21.497358189015706],[-157.92696206631507,21.497046533072588],[-157.92746059964227,21.496855501132],[-157.9275839542824,21.49665302647481],[-157.9278189749641,21.496360926220103],[-157.92801341685487,21.49617245836943],[-157.92821332763535,21.49606081486536],[-157.9285437125777,21.49592742401735],[-157.92887252666412,21.495843708269685],[-157.92943207829782,21.495887947887184],[-157.92964410243505,21.495934478097805],[-157.93009104580204,21.496032199531815],[-157.93060881419055,21.496180059962647],[-157.93083844167535,21.49629445606188],[-157.930925828166,21.496389873703237],[-157.93110833685628,21.496513002758675],[-157.93144427655767,21.49661001035192],[-157.9326322115819,21.496857008507398],[-157.93287088374956,21.496890152217112],[-157.9331406296042,21.49696414868624],[-157.9335641716339,21.496962337041047],[-157.93397655737058,21.497001105065745],[-157.9346060614506,21.49705029092164],[-157.93527069023193,21.497081630365855],[-157.93592433575813,21.496963836723232],[-157.93650704873346,21.496976582390747],[-157.93664247987252,21.49693679167547],[-157.9368129364331,21.496892704979608],[-157.9369640529153,21.496853013826577],[-157.93727516302246,21.49671496494902],[-157.93738757040327,21.496688577195563],[-157.9375819611793,21.496671745666028],[-157.93789860189545,21.496768617693444],[-157.9384931818092,21.496808532879335],[-157.9386815070313,21.49679617851524],[-157.9389111149983,21.496747950265657],[-157.9392413586406,21.49679973449817],[-157.93947563196775,21.496774120033304],[-157.94016426420816,21.49665653082957],[-157.94027050929807,21.496648170880135],[-157.94038797147118,21.496590193322113],[-157.94059423146012,21.496600535494178],[-157.940893982214,21.49669729479148],[-157.94121750821077,21.49667676069962],[-157.94151227923996,21.496294679996197],[-157.94184780679976,21.4961161223827],[-157.9422306872438,21.495730081370112],[-157.94248364503397,21.495456141814476],[-157.9426776432713,21.49532637516511],[-157.94277798406938,21.495299908240536],[-157.94342489914703,21.495276899897775],[-157.94372478158473,21.495188454571775],[-157.94404820581607,21.495014332800185],[-157.9443541508369,21.494921410345007],[-157.94465461651507,21.494751659268257],[-157.94487241749331,21.494667212081243],[-157.945172165732,21.494596832114755],[-157.94527870220998,21.494547815985218],[-157.94537291160538,21.49453485974261],[-157.94548427420392,21.494485875750325],[-157.9456792152762,21.494559379862146],[-157.94618418273544,21.494811004333716],[-157.94642611654166,21.494893837109807],[-157.9466382757412,21.494922277844935],[-157.94709119338384,21.49486189321412],[-157.9479969343583,21.494921801384425],[-157.94820247578423,21.49503150535184],[-157.9482964905231,21.49504564822974],[-157.9487202214093,21.495016694422965],[-157.9489149337359,21.49495467979565],[-157.9492322280394,21.49496119098303],[-157.94934485928937,21.494903179267908],[-157.94960396625333,21.494611196349044],[-157.94970916513228,21.494580238741055],[-157.94988039882355,21.49459486616377],[-157.94998628368361,21.494636184704255],[-157.95033367672215,21.494651916951053],[-157.95096809408827,21.494520389059048],[-157.95109164915635,21.494453408005565],[-157.95126310266093,21.494269284577616],[-157.951398024388,21.493962971690245],[-157.9515047526763,21.493886850683875],[-157.95160365805594,21.493891986567583],[-157.95173895334017,21.49387025051237],[-157.95193427765173,21.493722413938908],[-157.9520283881034,21.493723002484483],[-157.95224511647436,21.493787599865907],[-157.95271020859394,21.49404798613888],[-157.95291004594122,21.494112476796165],[-157.95309839856617,21.49409559007666],[-157.95333451681373,21.493979625585776],[-157.95361021451225,21.4937283948802],[-157.95379924571887,21.493616652679783],[-157.95457596409923,21.493495034946154],[-157.95488241725076,21.49332981849712],[-157.95519427351323,21.493083330022493],[-157.95529943801378,21.49305688560116],[-157.95562300585019,21.492860157493656],[-157.95577052639788,21.492815907689078],[-157.95599356382766,21.49267275366527],[-157.9560581553738,21.492582816196578],[-157.95615894230534,21.492493105743574],[-157.95630548321287,21.49241723026506],[-157.9569996169794,21.492200226942607],[-157.95763611017378,21.492113855267966],[-157.95788913109155,21.49182634041345],[-157.95808288353797,21.49172817271972],[-157.95827129802797,21.4917022454955],[-157.9586656766831,21.491727287170942],[-157.95876601157116,21.491700810407032],[-157.95898319017886,21.491702163697656],[-157.95931225319256,21.491749381943748],[-157.95942449477684,21.491745564004415],[-157.95951895837644,21.49169646515547],[-157.95962460093057,21.491602264829798],[-157.95977797459884,21.491413501621594],[-157.9599485395843,21.49101254474163],[-157.96000723683656,21.49073285165569],[-157.96005379318274,21.4906337662248],[-157.96013047781497,21.490539384392363],[-157.9602542171194,21.4904452953332],[-157.96034864751763,21.490400712776825],[-157.96085466662416,21.49033610258676],[-157.96099615055195,21.490291812276816],[-157.9612606374633,21.490257318774262],[-157.96136065136267,21.49027600855276],[-157.96166002028116,21.4904269324835],[-157.961760129517,21.49043207157408],[-157.96198462937303,21.490081133736062],[-157.96213679187676,21.489892361549536],[-157.96224960658984,21.4898072371191],[-157.96264331896327,21.489755475833338],[-157.96325493267474,21.489772822799182],[-157.96336129911484,21.48974637971413],[-157.9637850453688,21.489712870114378],[-157.964014188811,21.489727842016723],[-157.96440294562453,21.489694113904044],[-157.96453255734644,21.489622643037183],[-157.9647145569196,21.489479225254698],[-157.96502055086688,21.48920557903703],[-157.9653504177157,21.48896821709344],[-157.96561423570054,21.48885692308727],[-157.96626195785132,21.488544735385002],[-157.96683877879033,21.48819145351821],[-157.96741505296848,21.48808660332454],[-157.9676266054713,21.488029189133538],[-157.96786267322776,21.487917719101976],[-157.96817456046475,21.48766217124044],[-157.96837983089853,21.487469205650484],[-157.96859821135916,21.487298903112556],[-157.96879185751783,21.48721427472011],[-157.96899845597449,21.487174894446504],[-157.96932145057863,21.48722657415284],[-157.9695333183581,21.487295636126916],[-157.9701100598828,21.487637970297573],[-157.97022197963503,21.487679313257956],[-157.97053999098347,21.487753546885653],[-157.9707451600376,21.487745774842306],[-157.9708635909187,21.487719402088377],[-157.97141052044918,21.48749691542009],[-157.9715050410146,21.487438774027336],[-157.97189331489653,21.48730113359741],[-157.97210511849545,21.4872075780485],[-157.97221024540838,21.48718563951015],[-157.9725045686179,21.487196481695474],[-157.97259972347726,21.487219651880483],[-157.97346428394016,21.487640532595087],[-157.9736821554111,21.487714143299474],[-157.97391113810176,21.487751683909725],[-157.97439999562712,21.487723063914814],[-157.97482907041794,21.487788933379715],[-157.97508193090135,21.48786275693603],[-157.9754177252174,21.48798225894395],[-157.97591798305518,21.48804856208456],[-157.97605320699444,21.488035839636904],[-157.976323875941,21.487978775637714],[-157.97683615632928,21.487706368634026],[-157.97751817187583,21.487489203928106],[-157.9783830721275,21.487345427069616],[-157.97871851261866,21.48734296039767],[-157.97876522003796,21.487392933224175],[-157.97900128540297,21.487453097150148],[-157.97958365153517,21.487510856883247],[-157.97991842956802,21.48760323971633],[-157.98035487112818,21.48765107188275],[-157.98100709008287,21.487727322859424],[-157.98180214941817,21.487736682531985],[-157.98221914822935,21.487630811189604],[-157.98277229458782,21.487552868930525],[-157.9831314127803,21.48744212679033],[-157.98376658527803,21.487193031883464],[-157.98389082398208,21.48719830439735],[-157.98586138026684,21.487336744608992],[-157.98612641131766,21.487744890214536],[-157.98815062760087,21.48727833901164],[-157.98944467564812,21.488063102189706],[-157.9913815458627,21.48783990850309],[-157.99611880927344,21.48533433326658],[-157.99617569984034,21.485307570860275],[-157.99936609424603,21.48932431250214],[-158.00354921598606,21.487384358282817],[-158.0075205793115,21.485519830637482],[-158.0085967169861,21.485178396642965],[-158.0127218489395,21.48375280969797],[-158.01363958015205,21.483460093434157],[-158.0201576712993,21.481235333167668],[-158.02129313923132,21.480853507491407],[-158.02224862970675,21.480502241708965],[-158.02337824785025,21.480093282820146],[-158.02425024866298,21.479596986073442],[-158.02607955716348,21.478473881573933],[-158.02620415373352,21.478424919469983],[-158.0425115062568,21.473970667559133],[-158.042679572025,21.47649665477171],[-158.04349624500406,21.476700090056635],[-158.04373750647835,21.476705990968394],[-158.0438208105031,21.47669743594669],[-158.04421514587108,21.476541599402722],[-158.04448518877217,21.47638956775834],[-158.0447918906676,21.476350671882745],[-158.04580736846864,21.476410691512612],[-158.04742230462378,21.476496749743827],[-158.04948565370435,21.477945337085128],[-158.04983756335847,21.478191326659356],[-158.05005131670447,21.478346159366495],[-158.05017393568747,21.478414636267072],[-158.051490949249,21.48128156132702],[-158.05382178303483,21.482243724831786],[-158.05564548421543,21.482335661032863],[-158.05821039731651,21.482928709666336],[-158.07030103669908,21.487510141261914],[-158.07487880102724,21.487703216640625],[-158.0803925363373,21.487951081879817],[-158.0815221349668,21.487338719519553],[-158.08454120900922,21.4857659725842],[-158.08544132598846,21.484221977731064],[-158.09553212874337,21.475390392499033],[-158.10416940884969,21.467690327509676],[-158.10399811713566,21.46749065452431],[-158.10379234065812,21.467209484862625],[-158.10368066053715,21.466928812967147],[-158.1035922061308,21.46620555058093],[-158.1035804338545,21.465961544183717],[-158.1036048643362,21.465518961986835],[-158.10353407578742,21.465062323335385],[-158.1034213734111,21.464555774733793],[-158.1033628724581,21.46406306450958],[-158.10336909706177,21.463638455143343],[-158.1035152531558,21.462428539729554],[-158.10352706676568,21.46207623763672],[-158.10359854385496,21.461633900128216],[-158.10358650648234,21.461236299380996],[-158.10355676420883,21.461168380638334],[-158.10311600189746,21.46065108415231],[-158.10260383431975,21.4599753034921],[-158.10252707533172,21.459902622409217],[-158.10244461762102,21.45977570287436],[-158.10232132639982,21.459422696671883],[-158.10218623720368,21.45922322348426],[-158.10212134646372,21.45918222791527],[-158.10190418476705,21.459185610110364],[-158.10177432049346,21.459117169798176],[-158.10166285862047,21.458999133925182],[-158.1015685317269,21.458840530963695],[-158.10138648250492,21.45862726068176],[-158.1012916280623,21.458554485472717],[-158.1009271225031,21.458389954028654],[-158.10066804949423,21.45834342416582],[-158.1005153506108,21.458261312262387],[-158.10039114659997,21.45805737996151],[-158.10035088508502,21.457935199903357],[-158.10026245322538,21.457799216502156],[-158.0996854405666,21.457470948472743],[-158.09944467693762,21.45719413068559],[-158.09914466443797,21.45693958933094],[-158.0989150457221,21.45681190279523],[-158.09877943303326,21.45669826121639],[-158.09865607895966,21.45655306178583],[-158.0983970556263,21.456303254425478],[-158.09817380348633,21.456121393401215],[-158.0981211191137,21.456057876294967],[-158.09772124253598,21.45576215951867],[-158.0975797124301,21.45563041823527],[-158.09713301445757,21.455298278606428],[-158.0966679657886,21.455006573103805],[-158.0964446865691,21.45482915099864],[-158.0963847619567,21.454765572590365],[-158.0957791979929,21.454373698301566],[-158.095525956921,21.45416448389964],[-158.09547980553847,21.454019672447796],[-158.0955026883847,21.45363582796637],[-158.09559130126124,21.453351734485533],[-158.0957146161388,21.45311300918503],[-158.09579105695164,21.453041160249228],[-158.09586780789616,21.45291962411181],[-158.09592090675176,21.45272115926383],[-158.09575641455407,21.452011020944227],[-158.09573811898335,21.451848295007856],[-158.0956143941264,21.45137328400811],[-158.0956145288053,21.45115645525685],[-158.09563825933205,21.45102558563424],[-158.09584392744927,21.450538871729698],[-158.09596168147223,21.45022332055896],[-158.09604361239383,21.449848845353728],[-158.0960618678544,21.449627599062655],[-158.09615563784416,21.449289328675572],[-158.0962030430926,21.44923087052925],[-158.09622646461077,21.44914968977229],[-158.09663173788675,21.4483749897084],[-158.09719680165932,21.447117841167177],[-158.09728580315019,21.446964735592907],[-158.09745571528666,21.446599648999122],[-158.09752655089724,21.446261132836057],[-158.0975148759264,21.446197815016713],[-158.0975442699301,21.44612567164951],[-158.09752073129295,21.445637558201582],[-158.09751407776557,21.445149532157323],[-158.09746165973542,21.444846524851553],[-158.09746704049363,21.444756185109533],[-158.09757361357364,21.444490148941053],[-158.0976381109868,21.44420130360766],[-158.09764407326273,21.444016079236874],[-158.09762007699072,21.44379906952811],[-158.09769125536974,21.44360062892888],[-158.097850345034,21.443425235336278],[-158.0980207076874,21.443182124831953],[-158.0981200283826,21.443114864429358],[-158.09833235701907,21.442912639668798],[-158.09864344868888,21.442340417020397],[-158.0987147378528,21.442123904170575],[-158.09874389167143,21.441893618324855],[-158.09873178927882,21.44170378300052],[-158.0986847334969,21.44150924591829],[-158.09875004481788,21.44128366648104],[-158.0989083552943,21.44084168727116],[-158.09893172925035,21.440570704800525],[-158.09893140899712,21.440426113674786],[-158.09883806375413,21.440109340194592],[-158.09878543629358,21.44003677122572],[-158.09856080160003,21.43988649317137],[-158.09837908965088,21.43981776963003],[-158.0981556618969,21.439667495743645],[-158.09770212451178,21.439276542278513],[-158.09716666934054,21.43867276184086],[-158.09688461045678,21.438445271545827],[-158.0964493991449,21.438212413657435],[-158.09614367409654,21.438106790694693],[-158.0954847986579,21.43795853639881],[-158.09524406948316,21.43787586689898],[-158.0949314992931,21.43770694807045],[-158.0943969631607,21.43734702107606],[-158.09422018711487,21.43726018971921],[-158.0933442045068,21.43691643813152],[-158.09320835555198,21.436843387910603],[-158.09303797643247,21.43669785408518],[-158.0927024318871,21.436343557505104],[-158.09229637085855,21.435884948708395],[-158.09223146338954,21.435848441367607],[-158.09206711510652,21.435702940200446],[-158.0916726224601,21.43552001430814],[-158.09146106840242,21.43540136041617],[-158.0911264308894,21.435096774518087],[-158.09084396385103,21.434742778750103],[-158.09066702454587,21.43448877318616],[-158.090649380625,21.434416382737233],[-158.09067277074783,21.43433970337872],[-158.09066166123446,21.43418602124591],[-158.09059074697606,21.433950678115462],[-158.09057362175315,21.43320959354431],[-158.09054952319937,21.43301065647049],[-158.09047925873332,21.432865683758465],[-158.09036677982536,21.432720474484128],[-158.09036172306455,21.432368026220693],[-158.09039652970876,21.43220104374765],[-158.09039714366807,21.432101645784392],[-158.09032597968553,21.431906968378133],[-158.0903785094854,21.431604538060487],[-158.0904493567869,21.431460348024615],[-158.09050884722961,21.431397421661572],[-158.09058505498064,21.431361698136236],[-158.0908556074826,21.43110565932401],[-158.09095534523124,21.430970663844768],[-158.0909727899956,21.430880395176047],[-158.09094341917285,21.430753723244404],[-158.09082572035837,21.430477458072602],[-158.09077904678483,21.43041846153813],[-158.0907735759749,21.4303280666655],[-158.09073775528697,21.43026913084905],[-158.0907312974664,21.429948301411603],[-158.09064950409072,21.429717418163342],[-158.0906381661702,21.429405597463624],[-158.09069016257934,21.42918901021803],[-158.09070198984887,21.428836651662234],[-158.09066097861813,21.428642141677695],[-158.0905609830282,21.428429231862],[-158.09055531181852,21.428176179623545],[-158.09058444858377,21.42795042846966],[-158.0906493204041,21.427797166011306],[-158.09067312903485,21.42765271493649],[-158.0906201703942,21.427440065937315],[-158.09057837801635,21.4273720615082],[-158.09061410731806,21.427250266460074],[-158.0908605867755,21.426985047776054],[-158.09099639041244,21.426868322009526],[-158.09115502596265,21.426765275159674],[-158.09140770557977,21.426667264543873],[-158.091890791486,21.426367197383623],[-158.0922016397484,21.426224321884412],[-158.09240169933997,21.42605372617617],[-158.09245523829236,21.425977209787096],[-158.09257271920106,21.425702238773045],[-158.09257824136796,21.425589310315235],[-158.0925605954592,21.42551691998584],[-158.0923960311332,21.425213290683168],[-158.09237841519973,21.425136383319227],[-158.0924312224551,21.42498305104092],[-158.09255543721196,21.424789445567193],[-158.0926841696963,21.424645566077128],[-158.0928143861076,21.424456510072783],[-158.09289675844727,21.424398223795592],[-158.09308985751352,21.424182402280778],[-158.0933312416678,21.423763520884965],[-158.0934256102333,21.4235200460725],[-158.09351325115765,21.423389493210834],[-158.09359631972708,21.423218251895058],[-158.0937430555975,21.423088020448212],[-158.0941256349181,21.42285063757892],[-158.09426710197658,21.422792671932278],[-158.09440753005688,21.422707590227603],[-158.09450761886092,21.42251384546772],[-158.09453170123433,21.4223242052061],[-158.0946963500666,21.42202689056616],[-158.09479001807495,21.421896367716716],[-158.0950491401146,21.42173065901188],[-158.09533684094376,21.421429646538783],[-158.09558393103288,21.421259378286255],[-158.09578356720425,21.421156595025323],[-158.09603110614088,21.421108265370034],[-158.09609533232245,21.42105893915148],[-158.09648958371932,21.420884957107102],[-158.09687819192257,21.420647719352317],[-158.0970078512211,21.4205490727103],[-158.09720740027373,21.42045983696523],[-158.09748954411415,21.420276188646696],[-158.09755385272896,21.420213307110902],[-158.09758935783623,21.4201276917007],[-158.09754786955128,21.41981586188402],[-158.09756079539656,21.419675933066824],[-158.0975902426242,21.419594800395934],[-158.09767737971384,21.419545589702],[-158.09781873219643,21.41950569805971],[-158.0979127723685,21.419510716196562],[-158.097989028562,21.419465962128484],[-158.09850153886453,21.4192790186467],[-158.09867811610115,21.419198670142748],[-158.09890699612865,21.419046342205696],[-158.09907220822527,21.418853029545193],[-158.09912484719092,21.418726858425995],[-158.09908400415003,21.41850535259999],[-158.09907209565333,21.41808980661245],[-158.09909480069336,21.41773315572194],[-158.09911829982084,21.417638440985275],[-158.09918916453026,21.417489787284115],[-158.09939458998358,21.417228943403593],[-158.09954204564423,21.416981341091304],[-158.09960090613814,21.416823590097984],[-158.09968317473664,21.41639047770681],[-158.09969549650057,21.415956996657947],[-158.09973046126711,21.415762988702834],[-158.0999003453911,21.415398083004703],[-158.1002592743598,21.41488514482881],[-158.10034738039187,21.414677868636048],[-158.10041891170408,21.414420826946294],[-158.1007892840828,21.414007300008386],[-158.10105928218363,21.413638402068354],[-158.10131803676288,21.413332671395917],[-158.10118846393567,21.41322359817636],[-158.1005301724173,21.412804636191538],[-158.1002884201942,21.412699488191294],[-158.10019488776,21.412613186457545],[-158.1000354631145,21.412260085140066],[-158.1000123477052,21.412097381826616],[-158.10008307991654,21.411578400144865],[-158.10004190317983,21.411411086259257],[-158.0999365069321,21.411293109372593],[-158.09981240847344,21.411274390334068],[-158.09969529568625,21.411296352624433],[-158.09941232346432,21.4112271177258],[-158.0992775951229,21.411172212668223],[-158.09911812851547,21.411022338786985],[-158.0985710143784,21.410373646265388],[-158.09853586927255,21.410206364488722],[-158.09854780865066,21.410030299769385],[-158.09877174414746,21.409308905041808],[-158.0986890605708,21.409028470352514],[-158.09851917630053,21.408417901888466],[-158.09827764450478,21.407106961728168],[-158.0981534283238,21.406717923211296],[-158.0979715239561,21.40629697008159],[-158.09796605260382,21.40620661844693],[-158.09798890249021,21.406021579827755],[-158.09810120866646,21.405800881372727],[-158.09830145810994,21.405594194849545],[-158.09831917632914,21.405458805043363],[-158.09825988805866,21.405295914096225],[-158.09810670835728,21.405105432895635],[-158.09790748025713,21.404756647131407],[-158.09788977543022,21.40449913681596],[-158.09773655941976,21.40392479113251],[-158.09772396580968,21.40381633777988],[-158.09773658075633,21.403726081656558],[-158.09785976689926,21.403500924625693],[-158.09786578965605,21.40330676462592],[-158.09779458354268,21.403121230631854],[-158.0978074219832,21.402994848974835],[-158.0978950239139,21.40286885699127],[-158.0980951804214,21.402481523761733],[-158.09810089612262,21.40233703857475],[-158.0980074348651,21.401654619846795],[-158.09807128273474,21.40146979263079],[-158.09827779107525,21.400834104314658],[-158.09831309487876,21.400780095053406],[-158.09837730931895,21.40073075484413],[-158.09844741353731,21.400704025037886],[-158.09870677622484,21.400687316400816],[-158.09882971325294,21.40069698995256],[-158.09948875718044,21.400592046033704],[-158.0998591280264,21.400368173198242],[-158.09988862501808,21.400278003851255],[-158.09986469422503,21.40005207326151],[-158.09985310771802,21.399975238553626],[-158.0999005702541,21.39970903464631],[-158.09992360989813,21.399492379760098],[-158.0999711112577,21.399415853211252],[-158.1003411163303,21.399250682732085],[-158.10042344457813,21.399196918069606],[-158.1005474921821,21.399025951660487],[-158.10054689791474,21.39892659175766],[-158.1004114386116,21.39860072421705],[-158.10040638410143,21.398442633043167],[-158.1006585465097,21.397635553228426],[-158.10075305932253,21.397365073246046],[-158.10078836135366,21.39731106338024],[-158.10092399185206,21.39721692854373],[-158.10110530425416,21.39714561094289],[-158.10123490725013,21.397051444433792],[-158.1015876262403,21.396556429764985],[-158.1016289806317,21.396497922278883],[-158.10177600406632,21.39651223620604],[-158.1018461323468,21.396480980585878],[-158.10192889602737,21.39635492954821],[-158.10195268906105,21.396210502878542],[-158.1019469436104,21.395966546777565],[-158.10198794686994,21.395768004020898],[-158.10212302744935,21.395565433340916],[-158.10244675846184,21.395273495782966],[-158.10276971857627,21.395108035138527],[-158.10297530603003,21.395009722172897],[-158.1031871966706,21.394866269706984],[-158.10326962876692,21.39479442079736],[-158.10331714866786,21.394713357987293],[-158.10341054767815,21.394424743618224],[-158.1035510758916,21.394317058479675],[-158.1044394563695,21.393969314838376],[-158.10449892327932,21.393906380668742],[-158.1044691359976,21.39384750334636],[-158.10420392827953,21.393638342419198],[-158.10405694162253,21.39342075843051],[-158.10392845998834,21.39273800096558],[-158.10391556791103,21.392082944380693],[-158.10396849128816,21.391708291755986],[-158.1039276658992,21.39148222232931],[-158.10393931574387,21.391351285570178],[-158.10407466450533,21.391103540567034],[-158.1042398278909,21.390910154836938],[-158.10433365719248,21.390748020200384],[-158.10436829669388,21.390603650918685],[-158.1043386518309,21.39032343295565],[-158.10426283354164,21.390101699329087],[-158.10390956683025,21.3895036059495],[-158.10389192069792,21.389431239960803],[-158.10389781669915,21.389255100348674],[-158.1040216616602,21.388718196091972],[-158.104004458345,21.388374801769835],[-158.1038860049486,21.388026367411424],[-158.10389847504,21.387958674093074],[-158.1039446764659,21.3878956727565],[-158.10425660087188,21.387757251070592],[-158.1043922193704,21.387663092152785],[-158.10452682247467,21.38753730542503],[-158.10475067619274,21.387208707850334],[-158.10500914119103,21.386740252952578],[-158.10525587591812,21.386416290278405],[-158.10554431389173,21.386173848526973],[-158.1060680255789,21.385905517142966],[-158.1066197138948,21.385596671816458],[-158.1067792495343,21.385534253278603],[-158.10691357354585,21.385453635127664],[-158.10711404601844,21.385201704019764],[-158.1071968279021,21.38507113097113],[-158.10737880355285,21.38488686288185],[-158.10761328104877,21.384594449894017],[-158.1076847167175,21.38454512877853],[-158.1081247347153,21.384357667958863],[-158.10824853589492,21.3842227879622],[-158.10856598013586,21.383768180328804],[-158.1087839027572,21.38342147641228],[-158.10884212940405,21.383363051071107],[-158.10915428683842,21.38318396517184],[-158.10941284779224,21.383094946619938],[-158.10995920424287,21.382867370385586],[-158.11061267156637,21.382671961713612],[-158.11080585196197,21.382627779177092],[-158.11169382414803,21.38253294527847],[-158.1118822066202,21.382484217960627],[-158.112523008429,21.382189358545777],[-158.1135286405209,21.38157563419537],[-158.11415148774591,21.381258089149167],[-158.1143689927763,21.38117788764793],[-158.11468649030172,21.381111746198904],[-158.11482749693386,21.38112149932052],[-158.1153211921448,21.381227910785856],[-158.1154919621757,21.381301055985396],[-158.11573332259863,21.381464906685544],[-158.116345241581,21.381761639026408],[-158.1164208459984,21.38182074665213],[-158.1166744841375,21.381948519301115],[-158.11692115762597,21.38203108449033],[-158.11727352248366,21.38177991098689],[-158.1175443482231,21.381654802786898],[-158.11762038636755,21.38164163838228],[-158.11774377060001,21.381574505380527],[-158.11824438933732,21.381531875419476],[-158.11840260402937,21.38148750567258],[-158.11900819601433,21.38143185250899],[-158.11979072367282,21.381426783350683],[-158.11998472863158,21.381445835606307],[-158.120995182029,21.381432880146175],[-158.12110141420447,21.381410832459558],[-158.12130697081446,21.381312492162756],[-158.12241895915582,21.380649558951834],[-158.12332426409125,21.380071414423735],[-158.1235709720233,21.37994617924676],[-158.1242405772775,21.37946621702378],[-158.12464602939858,21.379206264597208],[-158.12508767875408,21.37873869724548],[-158.125569005081,21.378289399807592],[-158.12592754105827,21.377807859653732],[-158.12599240494276,21.377645564440286],[-158.1260566519019,21.377587164173864],[-158.12677508011248,21.377206815554516],[-158.12712160689165,21.37691945574749],[-158.12748007894552,21.37624366685886],[-158.12755056712422,21.376149158729692],[-158.1284142490643,21.375670153286872],[-158.1289027119037,21.375437710019188],[-158.12937281779855,21.375047065799837],[-158.13010769560532,21.374327987348053],[-158.13138295985897,21.37315536327634],[-158.1326625922447,21.371851749486833],[-158.13579588186047,21.36899867979037],[-158.13595986009798,21.36817276914696],[-158.13590668119969,21.36778398679866],[-158.1359071582483,21.3677026715626],[-158.13584732945225,21.367625573982217],[-158.13570100490452,21.36729053708796],[-158.13558313676572,21.367036960684032],[-158.1355596595053,21.366928418609376],[-158.1354773494144,21.36677892465092],[-158.1353364179261,21.366552338217378],[-158.1351592154224,21.366343641039506],[-158.13503647165655,21.366099073650926],[-158.13501283768016,21.366017637798922],[-158.13500059818818,21.3656380933606],[-158.1349769112442,21.365565691725607],[-158.13489446980697,21.365438785771644],[-158.1346476894338,21.36517100891824],[-158.1345773306932,21.365039644234553],[-158.13454206613295,21.364885866970553],[-158.13449501046716,21.364686854621564],[-158.13447751096177,21.364587379520295],[-158.13441826619527,21.364410892357697],[-158.13437654940586,21.364329366801012],[-158.1342713372676,21.364179755102906],[-158.13417702747233,21.364021165070096],[-158.13413641027782,21.363957714121447],[-158.13410090742227,21.36384459438718],[-158.13402958224142,21.363672565651317],[-158.13395286779334,21.3633920851841],[-158.13383548174258,21.363057188783934],[-158.1336238419964,21.36255466415557],[-158.13350684209476,21.36235981688589],[-158.13345928464702,21.362246636615925],[-158.13332931464555,21.36200202894016],[-158.1332292984364,21.36178919473628],[-158.1331887088127,21.361721226464848],[-158.1331711288131,21.361635302559396],[-158.13305953714342,21.361341092599847],[-158.1330238496068,21.361259594240746],[-158.1329240450621,21.361010619351706],[-158.1328120023178,21.36079320736444],[-158.13277138656025,21.3607297561116],[-158.13268905407048,21.36058477528173],[-158.132612592691,21.36046693184955],[-158.1325243145843,21.360308368483164],[-158.13244206428993,21.360149834409757],[-158.13241832426243,21.360086468459553],[-158.13237645110726,21.360032045117634],[-158.1323238337199,21.359959497251488],[-158.13228221540405,21.359656601212937],[-158.13227090510102,21.359530048047315],[-158.13224753769708,21.359403435283323],[-158.1322059830864,21.359294801137413],[-158.13217037725502,21.35919975127999],[-158.13212394747575,21.359100128224544],[-158.1320654074675,21.35900947886883],[-158.13202998710727,21.35888280377641],[-158.131970456537,21.35875600946849],[-158.13194677015642,21.35868360561863],[-158.131835856188,21.35847975059633],[-158.13181217183157,21.35840734854569],[-158.131647027493,21.357995405098563],[-158.13161171226184,21.357850659659416],[-158.13157647888187,21.3576923628873],[-158.13156514071858,21.357570327675948],[-158.1314822179494,21.357321435652374],[-158.13142895654664,21.35715401110989],[-158.13135294766136,21.356959367199387],[-158.13128428040866,21.356746686813985],[-158.1312037704793,21.35649780713731],[-158.13120454086814,21.35636679823032],[-158.1312462447238,21.356245029251355],[-158.1311643511752,21.356231062879722],[-158.13100477825122,21.356307058505323],[-158.1307982679954,21.356369262008304],[-158.13055805803086,21.35642225990204],[-158.1305161322944,21.356376872155867],[-158.13046464358203,21.356317881331414],[-158.13050592253992,21.356268394472576],[-158.13050042718143,21.35617801200045],[-158.13039437255412,21.356172958274154],[-158.13030788933787,21.355915010968307],[-158.13047351914935,21.35583452920671],[-158.1306316750455,21.355794671060917],[-158.13083815694534,21.355736984840576],[-158.13099181133163,21.35564288792112],[-158.13090911032697,21.35556115127897],[-158.1308332199201,21.355551731265084],[-158.13074511382024,21.355569357814137],[-158.13069841961453,21.35551490912678],[-158.13064668204856,21.355293278910207],[-158.13060054758057,21.355143961812153],[-158.13051395889457,21.354904084849526],[-158.13056729029768,21.354854658544976],[-158.13064350201523,21.354809867909808],[-158.13075616922916,21.354715565328547],[-158.1307508611961,21.35459356125568],[-158.13065683390323,21.35459308541905],[-158.13058067560624,21.35462884003401],[-158.1305213701976,21.35466920091889],[-158.1304382188234,21.354664262206043],[-158.13036403891107,21.354569014064708],[-158.13028739578593,21.354482789443807],[-158.1302590488865,21.354383255922496],[-158.13027201000864,21.354229718469508],[-158.1303722214686,21.354203119420433],[-158.13043627154156,21.354176338511788],[-158.1305184017886,21.35414964756512],[-158.13056605484599,21.35404146398224],[-158.13064989576853,21.35392894502761],[-158.13072162951968,21.35382540057554],[-158.13068835590593,21.35374391242522],[-158.13067075150443,21.35366250537219],[-158.13072917358042,21.353567929220993],[-158.13078137982302,21.353504945248485],[-158.13081663146662,21.35345542888524],[-158.13086436205177,21.35333369203714],[-158.1308637958933,21.353225264238333],[-158.13083528897323,21.353152837088462],[-158.13077552182224,21.353066698212235],[-158.13074093630428,21.35300327409157],[-158.13070509206167,21.35294887975877],[-158.13069341041398,21.352885572361515],[-158.13069386140458,21.35280877419717],[-158.13068732132916,21.35269128097347],[-158.1306636659788,21.352614359847106],[-158.13061707734687,21.35254184088059],[-158.13057549906037,21.352437721656845],[-158.13055181618603,21.352365319431087],[-158.13052837124437,21.35225225594367],[-158.1305579398293,21.352143980513166],[-158.13061135299515,21.352081003721498],[-158.13067561330823,21.35201808034144],[-158.13077019740962,21.35192368768037],[-158.1307634441737,21.35184233497223],[-158.1306699238673,21.35175602499922],[-158.13059304119935,21.351710458166487],[-158.13051731267458,21.351673931777444],[-158.1304404310627,21.351628364882483],[-158.1303698137327,21.351542169700494],[-158.13037021349362,21.351474405767906],[-158.13036948774516,21.351393084252567],[-158.13038796734213,21.351325412115145],[-158.13039348203668,21.351207979470615],[-158.1303868603535,21.351104037555455],[-158.13038165732047,21.350963961354328],[-158.1303809848613,21.350873603799116],[-158.1303695433272,21.350769638733905],[-158.1303401514506,21.350642992666156],[-158.13029841393202,21.35056597967385],[-158.1302398278499,21.35048436398749],[-158.1301583888194,21.350393597245585],[-158.13012859926982,21.350334715091982],[-158.1301221377221,21.350203668672098],[-158.1301106430971,21.3501087378173],[-158.13009328122277,21.349986671256648],[-158.13006356982285,21.34991423593304],[-158.13002301238933,21.34984174623954],[-158.12997511475285,21.349787291142306],[-158.1299404769725,21.349732902905384],[-158.12988781098485,21.34966938677542],[-158.12984596537822,21.349610443932498],[-158.12976908503734,21.349564876762905],[-158.12968086948783,21.349397272376336],[-158.12963969079416,21.349225388987552],[-158.12953424667026,21.34891312873573],[-158.12942240139122,21.348664085813134],[-158.12932783360668,21.348347362741453],[-158.12924620473157,21.348084919133854],[-158.1291519081965,21.347926319275548],[-158.12909289027823,21.347713684390396],[-158.12905725292757,21.34741985021372],[-158.12901615741958,21.34723441353583],[-158.12892869574353,21.34714361320551],[-158.12887482470617,21.347080090529907],[-158.12883421425204,21.34701663479525],[-158.12883410125093,21.34683140877994],[-158.12893998730087,21.346660285951216],[-158.12903416683451,21.34643037625841],[-158.12910399583456,21.34624099916493],[-158.12910493157702,21.346082893824896],[-158.12901042479783,21.345960442573627],[-158.128911019397,21.3458515167298],[-158.12888736494583,21.345774600775993],[-158.12884608506917,21.345620798313547],[-158.1288454954203,21.345516892103436],[-158.12889309322722,21.345417752096676],[-158.12889871540185,21.345282258219115],[-158.12891612664748,21.34519199799921],[-158.12891614607273,21.34478091174379],[-158.1288868936827,21.344631687085325],[-158.12888646215043,21.34450067906195],[-158.12886331685272,21.34433793429837],[-158.12881611712913,21.3441660321052],[-158.12875062411408,21.344030174880082],[-158.12858100874382,21.343767299941824],[-158.12851604999886,21.343541098511185],[-158.12851583424936,21.343373951758117],[-158.12852121638034,21.34327911191279],[-158.12854585987677,21.34318888831794],[-158.1285449458571,21.342935908292993],[-158.12848684315867,21.342772983963943],[-158.12836917165288,21.34269558929135],[-158.12804492832473,21.342693936781547],[-158.12795131128536,21.342625699352272],[-158.12790488916687,21.342526078825234],[-158.12788734467128,21.342435640873873],[-158.12783358318242,21.34215076758203],[-158.12780987831957,21.34208288572388],[-158.12778011669837,21.341816206002264],[-158.12784590135342,21.341699088007257],[-158.1279333014869,21.341595631218535],[-158.12799769358983,21.341510128518046],[-158.12799822967514,21.34141978258996],[-158.12795646908614,21.341347291599927],[-158.12782821876627,21.341224667321026],[-158.12770966406447,21.341093056963523],[-158.12768116273602,21.34102063293172],[-158.12767513473167,21.34081731794443],[-158.12770933910764,21.34074069494353],[-158.12773384709814,21.34067305972523],[-158.12778586336518,21.340438418006894],[-158.12780383555506,21.34025329479215],[-158.12777423775407,21.340162794253274],[-158.1277278966069,21.34004962232912],[-158.12758079127474,21.33985462392369],[-158.12747410242955,21.339754695806548],[-158.12733342615314,21.33969525184639],[-158.12725756897427,21.3396813115529],[-158.1271806162563,21.339649298322104],[-158.1270919012157,21.33956753053932],[-158.12709230413273,21.33949977200003],[-158.1271095265987,21.339441133530965],[-158.12719231922574,21.339301514198578],[-158.12721023849798,21.339125427083253],[-158.1271569619514,21.338962527373724],[-158.12711576572732,21.338795171333246],[-158.12699766899385,21.338586767741052],[-158.1269510080713,21.338527802824533],[-158.12691527743064,21.33845534110921],[-158.1267040489212,21.338097387633283],[-158.12663357756358,21.337988609091166],[-158.12661624824798,21.337862032265313],[-158.1264925274668,21.337585838470417],[-158.126280578809,21.337349848453645],[-158.12620394764593,21.337263625801313],[-158.12615747474797,21.337173040866354],[-158.12611585193372,21.337077962076464],[-158.1260803361191,21.33696936145998],[-158.12576282948166,21.33664700397555],[-158.12572833195208,21.33657003118121],[-158.12560407741313,21.336384180908226],[-158.12528727329467,21.335944371263942],[-158.12518077821056,21.335812821993958],[-158.12512214601404,21.335740242519133],[-158.12493471044695,21.33543661605139],[-158.1248811974144,21.335314373342225],[-158.12484053813677,21.33525995637633],[-158.12474623303305,21.3351058804293],[-158.124698663565,21.33499721857555],[-158.12465800636775,21.33494280157881],[-158.12461057391303,21.33481155413863],[-158.12458681606648,21.33475270607988],[-158.1245045091185,21.334607727006823],[-158.12445785234468,21.33454876145783],[-158.12435261888228,21.334408181947015],[-158.1242811601241,21.334263260190472],[-158.12426945874168,21.334001188476115],[-158.12424597120278,21.333897167418506],[-158.12427546160686,21.333802451476963],[-158.12440528717931,21.333658557582066],[-158.12436307769633,21.333459574828694],[-158.12416423563874,21.333250755919984],[-158.12415154234628,21.333155825601903],[-158.12416407800615,21.333074574896518],[-158.12413475186517,21.332938902604994],[-158.12401120240946,21.33263560263089],[-158.12396963387235,21.332531489107804],[-158.12391039021293,21.332359522806954],[-158.12385763103566,21.332110795125708],[-158.1238345768244,21.331731212797653],[-158.1238278046936,21.331451096768173],[-158.12378147566267,21.331134638298217],[-158.12370517474133,21.330790923645615],[-158.12366360882032,21.33068681005963],[-158.12363414940484,21.330573723258826],[-158.12359858218855,21.3304741581868],[-158.12351046863904,21.33029300851991],[-158.12344027964878,21.32973248734464],[-158.1233811727324,21.32953793528035],[-158.12332817185106,21.32932986145977],[-158.12327468806745,21.329203099344255],[-158.12325765757788,21.329026832080253],[-158.12320417925028,21.328696786170237],[-158.1231698726308,21.328588193067503],[-158.12312804175946,21.32832596673565],[-158.12312852678775,21.328244655018672],[-158.12311088614445,21.327765717447683],[-158.1231280593334,21.32751282793856],[-158.12318031463946,21.327440817125066],[-158.12340361753914,21.326777896739195],[-158.12341012861205,21.3266966164213],[-158.12342748496457,21.32661539264701],[-158.12342156995618,21.326394007102433],[-158.12336278713556,21.326145247774374],[-158.12332714056933,21.32605923399268],[-158.12330946631766,21.325991381146217],[-158.12323343288955,21.325805777058264],[-158.1231919759009,21.32568359487889],[-158.12315159004888,21.3255840045699],[-158.12313311320563,21.325448386829677],[-158.123115733327,21.325330843843044],[-158.12307481327687,21.325118315641713],[-158.1230393334432,21.324801913423112],[-158.12298590507388,21.324666116974964],[-158.12295639796554,21.324358780402743],[-158.12291518410143,21.32419594047351],[-158.12283912517185,21.324014853336333],[-158.1228045781923,21.323946916027126],[-158.12268658120405,21.323724956504698],[-158.1226098247229,21.323661319794255],[-158.1225564776824,21.323511970054543],[-158.1225099573638,21.323430418429076],[-158.12243998198497,21.323240328349538],[-158.12230987922635,21.32302734172341],[-158.122269358423,21.322950336803068],[-158.1222096395997,21.322859681684875],[-158.12209257993916,21.322682902869964],[-158.12173069995725,21.321926636260976],[-158.12161637257782,21.321695661579984],[-158.12160469678508,21.321632357150698],[-158.121492834959,21.321392358039724],[-158.12145095044377,21.3213424511729],[-158.1214103498722,21.32127899922583],[-158.1213219205287,21.321152055728447],[-158.1211756407292,21.32102481709635],[-158.12111077790726,21.320988345454154],[-158.12101120540447,21.3209110370298],[-158.12088182579137,21.320779367422908],[-158.12081613454208,21.320679647000052],[-158.12075167259948,21.320575413010705],[-158.12069337315756,21.32044862492403],[-158.12065772845025,21.32036261061481],[-158.12056338194094,21.320217566761983],[-158.12053488779839,21.32014514159998],[-158.12051121446123,21.320072739838377],[-158.120310419539,21.319588341050192],[-158.1201114190676,21.319207850196925],[-158.1199993450509,21.319003988922006],[-158.11989978184195,21.318723394216356],[-158.11983484318756,21.3184971859728],[-158.11975788081884,21.318266401127573],[-158.11963432178064,21.31796761163749],[-158.1195586988531,21.31771424560999],[-158.11947568643293,21.31748794442031],[-158.11941171163062,21.31730239911087],[-158.11934010994108,21.316981291528453],[-158.11930508642186,21.316791376894827],[-158.11928792492517,21.316637692962768],[-158.11926449516872,21.31652463515841],[-158.11921717772773,21.316375315983763],[-158.1191875605968,21.316289331134108],[-158.11914594576854,21.316194251636137],[-158.11913438012039,21.316112878574764],[-158.11909999633878,21.316017834225722],[-158.1190814682807,21.315891248479065],[-158.11905241718338,21.315710400490296],[-158.11902317752381,21.31556117323337],[-158.11896991760753,21.31539827017885],[-158.11895859176198,21.315276238497244],[-158.1189400917947,21.315145137423915],[-158.11894684517245,21.31502319953626],[-158.11895839024635,21.31490580581287],[-158.1189348551056,21.314810816446126],[-158.1189526414979,21.314657313712523],[-158.11870554537649,21.313653162042094],[-158.11860563646806,21.31343129096446],[-158.1185580240334,21.313331661733216],[-158.11845305332102,21.3131504221061],[-158.11842938199177,21.313078021872908],[-158.1182935635306,21.31281530707163],[-158.11820540849843,21.312643189056992],[-158.11814697737168,21.312538985742382],[-158.11788823037904,21.31187358267896],[-158.11772375981627,21.311565546389673],[-158.11764144383855,21.31142507954881],[-158.11758764514724,21.311352522984667],[-158.1174877123725,21.31113516931835],[-158.11741736705113,21.31100831695577],[-158.11737677092842,21.31094486230929],[-158.1173409702412,21.31088595007577],[-158.11724778098676,21.310749945070985],[-158.11704785262714,21.310527557287116],[-158.11692403593642,21.31027393895604],[-158.11687064308515,21.310133621773005],[-158.11682421091908,21.310038515535492],[-158.11668925190816,21.309834532938076],[-158.11665342281432,21.30978013767874],[-158.11658294472622,21.309675870596546],[-158.11653637876702,21.309603351694918],[-158.11650660232175,21.3095444709293],[-158.1164539578623,21.309480952800293],[-158.11635972729772,21.309317836488262],[-158.1162833312271,21.309195470966177],[-158.1161654063128,21.308964469363087],[-158.11614165563387,21.308905620192434],[-158.1161119605652,21.30883318619773],[-158.1160596939437,21.308706426472654],[-158.11598359672115,21.308534369807692],[-158.11594190489018,21.308452840032206],[-158.1159062115587,21.308375857222753],[-158.1153951436666,21.307587172849612],[-158.11534258150414,21.307510103041814],[-158.11530678049007,21.307451191301983],[-158.11528908287085,21.3073878547779],[-158.11525462225595,21.307306361058977],[-158.11521914594474,21.307193241162782],[-158.11520750086376,21.307125419197206],[-158.11516594608005,21.307021300040397],[-158.115065909463,21.306822012613274],[-158.11503032517768,21.306726961156386],[-158.11494201791317,21.306581944296454],[-158.11483105497754,21.306396152853452],[-158.1147188901298,21.306210355017647],[-158.1146951674995,21.30614698854016],[-158.1146605180075,21.306097116349047],[-158.11463712023829,21.305979540822122],[-158.11457759733682,21.305857259741146],[-158.1144724721901,21.305703122335732],[-158.11444874975047,21.30563975401937],[-158.11436057809428,21.305472149471452],[-158.11411415083109,21.30516820114142],[-158.1139841826346,21.304937134689943],[-158.11389609123688,21.304755978551192],[-158.11386045493003,21.304669963820235],[-158.11383199391756,21.30459301868298],[-158.11381429724136,21.304529680209583],[-158.11374299586484,21.304362164203557],[-158.11368993312587,21.304167637053293],[-158.11366048495438,21.304054546789065],[-158.11363799525697,21.303986667596053],[-158.11360819393556,21.303932303477048],[-158.11352623723954,21.303733108616473],[-158.1134846293448,21.30363802511694],[-158.11344334768137,21.303488732572657],[-158.1133910028139,21.30337552524293],[-158.1133733064537,21.303312186725762],[-158.1133378053342,21.30320358358228],[-158.11330195191073,21.303153704784613],[-158.11323809985288,21.302950086119022],[-158.11320230073397,21.302891173064097],[-158.11312607215405,21.30274169989032],[-158.11301985598186,21.302569485027753],[-158.11297937242517,21.302487959121304],[-158.1128561474863,21.302338243525043],[-158.11265601986352,21.3021519860711],[-158.11249653864022,21.302020150800466],[-158.11233853310569,21.30184314784333],[-158.1122087313379,21.301584977408275],[-158.11214403917273,21.301521394452397],[-158.11211442884414,21.301435408454168],[-158.11203324718855,21.301308496797052],[-158.11190314876904,21.30110001716203],[-158.11180892928294,21.300936896700076],[-158.11163840249577,21.300637855556772],[-158.1116098347429,21.300578978547577],[-158.11156793213527,21.300533586537014],[-158.11149786728515,21.300361557093492],[-158.1114035128969,21.30022102382015],[-158.11134503692017,21.30012585075857],[-158.11130334987746,21.300044320828476],[-158.11113978551197,21.29979048858998],[-158.11099761128693,21.29958646087509],[-158.1108625054859,21.299409575765583],[-158.1106637232668,21.299200737774687],[-158.1103339520601,21.29893248731149],[-158.1096759807557,21.298536036960783],[-158.10949952705718,21.298422179151455],[-158.10934095633428,21.298340038430485],[-158.1091233441147,21.298257589576597],[-158.10894070178983,21.29817080381199],[-158.10880626102264,21.298084269474924],[-158.1082062090785,21.297475792756867],[-158.10811878984114,21.29738498615481],[-158.1078768542277,21.297139775557433],[-158.10734193714453,21.29672136694661],[-158.10695425307327,21.296466353857493],[-158.10635465730903,21.29618312586202],[-158.10606143505487,21.29605058188082],[-158.10584984927254,21.29596815731802],[-158.105632954734,21.295967021265767],[-158.10499801716122,21.295950142480525],[-158.10446331197556,21.295897648416407],[-158.1041984907935,21.29585108295182],[-158.10411055682525,21.295846103113853],[-158.1039986023098,21.295827446306728],[-158.10335238112694,21.29568400905274],[-158.1031405801884,21.295637721659578],[-158.1029410466427,21.295555355006908],[-158.10254652882304,21.29543582414863],[-158.10197167560727,21.295247578774926],[-158.1015533873231,21.295073709944685],[-158.10117804283323,21.294972347299158],[-158.10099004115227,21.294975875031522],[-158.1006135459985,21.295064245948236],[-158.1001431727338,21.29513405057767],[-158.09963278895617,21.295244302378016],[-158.09914453463017,21.295282385960014],[-158.09814537292536,21.295317773117116],[-158.09800431009666,21.295330579869987],[-158.09755861187426,21.295305638118073],[-158.09674670499723,21.295260644310275],[-158.0957597698405,21.29526437451398],[-158.09550680569785,21.295249460952974],[-158.09501388351478,21.29526036238051],[-158.0945256171742,21.295298390899138],[-158.09228675013867,21.295485094044484],[-158.0921343962657,21.295570107294754],[-158.09119967583976,21.29570510325935],[-158.09085847201922,21.295734882325306],[-158.09051765620544,21.295701415944567],[-158.0899830569506,21.29563075795142],[-158.08880803120493,21.295651500187528],[-158.0883380324414,21.29565798704352],[-158.088131534677,21.295729147991775],[-158.08783875176522,21.2957230434765],[-158.08757357294795,21.295735156152535],[-158.0873263553521,21.2957654374763],[-158.0870565219653,21.295750419743413],[-158.08679268565416,21.295739952260387],[-158.08649295116774,21.295688629858926],[-158.0862810967876,21.295651336622612],[-158.08591680041135,21.295712602775584],[-158.08573470943534,21.29573420183461],[-158.0856115247634,21.29577870780935],[-158.0854642374822,21.29582308183434],[-158.08534595451286,21.295854061618556],[-158.08525779509742,21.295885206833546],[-158.08516974747403,21.295898280939657],[-158.0850937226833,21.295915936685457],[-158.08499939847553,21.295969634450838],[-158.08484715397128,21.296036568978934],[-158.08476446184287,21.2961580965683],[-158.0846651794969,21.29623435517863],[-158.08457074592985,21.29630612285859],[-158.08447045231682,21.296350751561473],[-158.0843882893918,21.29638644615947],[-158.0841888817739,21.29648022964532],[-158.08404134438567,21.296565259784288],[-158.08391796162718,21.29664138677741],[-158.08375938301677,21.296757981746993],[-158.08360102821382,21.296838433550622],[-158.08339550951885,21.296945742628697],[-158.08327196087797,21.29704898158327],[-158.0830953904671,21.297151930704448],[-158.08297209080175,21.297214507517676],[-158.08280163097666,21.297303936995085],[-158.08264333014742,21.297375360907065],[-158.0824440603216,21.2974465595194],[-158.0822616341138,21.29752236967848],[-158.08208525786796,21.297593694488718],[-158.08192580849166,21.297656075160926],[-158.08168562420772,21.297718014296606],[-158.08142632628252,21.297752743550394],[-158.08115615520478,21.297791929373265],[-158.0809041170676,21.297822178405468],[-158.08069192611498,21.297839092100865],[-158.08055063327726,21.29788801710269],[-158.08027441059247,21.29793168837944],[-158.080028312731,21.297975522055232],[-158.07979908278426,21.298019448493648],[-158.07959869022483,21.298077085823696],[-158.07936948910722,21.29811649549553],[-158.07912924877604,21.298187467792086],[-158.07889410587808,21.298213290792184],[-158.07872888108056,21.29823497624817],[-158.0785118150006,21.298260895849836],[-158.0783947328168,21.29829188082232],[-158.07822454892835,21.298336130203154],[-158.07805938027428,21.29834877993466],[-158.07787112025468,21.298392929934614],[-158.07770113152262,21.298405551999235],[-158.0775419333103,21.298427270205593],[-158.07733601816057,21.298403551718817],[-158.0771373039195,21.298384390600887],[-158.07691936713044,21.298356086652266],[-158.07674935016883,21.298373227540086],[-158.07651339494222,21.298335787958855],[-158.0762843894355,21.298343568431246],[-158.0760904681976,21.298328948715294],[-158.07589685577008,21.298264631911064],[-158.07583797835522,21.298237200732956],[-158.07577879408365,21.29825946731382],[-158.07565061696374,21.29833105172589],[-158.07551529158272,21.298389045083425],[-158.07536811488805,21.298415346292135],[-158.07525588028452,21.298441836651172],[-158.07511489619654,21.298441061962478],[-158.07496191769516,21.29843118496808],[-158.07485122636498,21.2984034686616],[-158.07479232082608,21.298380555099776],[-158.07473851619392,21.298312486432703],[-158.07481011630378,21.298231553659868],[-158.074868404793,21.298159585755506],[-158.07480955591436,21.298127634442075],[-158.0747273634756,21.298167844893225],[-158.0746392298822,21.298194469145255],[-158.07455098407806,21.29823916526079],[-158.07446274014424,21.298283862241906],[-158.07435776473804,21.29830587649803],[-158.07426366356074,21.298323431464695],[-158.07413977214782,21.29828660492475],[-158.07402187845406,21.298254329424733],[-158.0739280310666,21.298231221514353],[-158.07382818220273,21.29820356329935],[-158.07375128688545,21.29816699508629],[-158.0736427267294,21.298184470133197],[-158.0735461853209,21.298206529398566],[-158.0734869157995,21.298242348183063],[-158.07343487720493,21.298278206753743],[-158.07329969270597,21.2983136075228],[-158.07318740408022,21.298349136070723],[-158.0730705475101,21.298343974403256],[-158.07289341363688,21.298342998760553],[-158.0727705018277,21.29834232166016],[-158.07259947800316,21.298327824979356],[-158.07245852054672,21.298322530988752],[-158.07238260565077,21.298322110794253],[-158.072270654215,21.298303421218044],[-158.07214146512158,21.298343372224185],[-158.07201824712646,21.298392391407067],[-158.0719009679885,21.298454996730623],[-158.0718066698214,21.298504175225492],[-158.0716183522524,21.29855735139444],[-158.07143020292602,21.298583418600103],[-158.07126620936148,21.298600582633803],[-158.07110700832803,21.298622292892496],[-158.07095994244997,21.298630515600816],[-158.07084294381073,21.298647940431767],[-158.07066650725898,21.298728289877438],[-158.0704842708801,21.298772461173936],[-158.07035511033615,21.29880789100167],[-158.07018503554823,21.298834057537213],[-158.06999685724946,21.29886464199099],[-158.06982672645407,21.298899843201458],[-158.06962052985705,21.298921290487204],[-158.06942635479228,21.298947322114852],[-158.06928015314963,21.299009764735242],[-158.06913283271845,21.29905864485034],[-158.06892150469307,21.299129762274724],[-158.06880332893397,21.299142661028394],[-158.06862109156617,21.299186830265935],[-158.06841593054088,21.299235389637808],[-158.0682397160614,21.29927959088939],[-158.06809236559653,21.299332988935202],[-158.06796937057445,21.299345859506698],[-158.06783398644905,21.29941287977102],[-158.06766990716338,21.299443593252093],[-158.06749854173546,21.299483302449477],[-158.0673465408768,21.299509566216148],[-158.0671704949422,21.299526659418223],[-158.06701146262952,21.29952125522959],[-158.06679915429496,21.29955621860283],[-158.0667001735576,21.29958277666767],[-158.06651703915765,21.299577238349787],[-158.06635907010693,21.299594431865216],[-158.06619395662636,21.299598029413335],[-158.06604218096595,21.299588147351184],[-158.0659120393029,21.299587422376906],[-158.06570632301242,21.29953205939348],[-158.06557730169428,21.299544894749566],[-158.06544833846013,21.29954869317989],[-158.0652543315381,21.299547612141033],[-158.06513021401184,21.2995469191184],[-158.06491322817726,21.29955926440661],[-158.06474903388883,21.299608046863167],[-158.06456079752647,21.299647657475113],[-158.0644314357708,21.299714706609148],[-158.0642313483841,21.299722625018227],[-158.06403725547236,21.29973509645441],[-158.063855070508,21.299770222701714],[-158.06369099015788,21.299800932256815],[-158.06349081677183,21.29982240366354],[-158.06271536771638,21.299917464628546],[-158.06221623646576,21.299955332704243],[-158.06161089410614,21.300019714914654],[-158.06113477038664,21.30003963738113],[-158.06086946856357,21.30006977582705],[-158.06055220672877,21.30012221259045],[-158.06032305494327,21.3001525537653],[-158.06007106536603,21.30017372993848],[-158.05966471764523,21.300212112184205],[-158.05910160446058,21.300267682302795],[-158.0587664391778,21.300292908679822],[-158.05843090064138,21.300376862377732],[-158.0582609375906,21.300384943088773],[-158.05813197078376,21.30038873495784],[-158.05797282401375,21.30040139402617],[-158.05780762144087,21.30041853715427],[-158.05766161356567,21.30044934013649],[-158.05748545251907,21.300484491331378],[-158.05742018217933,21.300515749863873],[-158.0572911028817,21.300537613814534],[-158.05710894542776,21.30056821200126],[-158.05680286965693,21.300566490535953],[-158.05656172419862,21.300587721286213],[-158.0563156124873,21.300631512600194],[-158.0561034737222,21.30063935190375],[-158.05587452056264,21.3006380621908],[-158.0556985869614,21.3006370705781],[-158.05553364185351,21.30061355169472],[-158.05538648709083,21.300635310922814],[-158.05521038217793,21.300661423801188],[-158.0549873096799,21.300682753743743],[-158.05475201557536,21.300731122509855],[-158.0545228619944,21.300761453897728],[-158.0542816273709,21.30079623519153],[-158.0540583830281,21.300844669784844],[-158.05382311734385,21.300888518378642],[-158.05359407717498,21.30090077668256],[-158.0534060353748,21.300908750790317],[-158.05320717836392,21.30091214392412],[-158.05298310293574,21.30090183967874],[-158.05276034835958,21.300873474648753],[-158.05254229809654,21.3008632055393],[-158.05233638296525,21.30083945196238],[-158.05213761299618,21.300829290900154],[-158.0519954196791,21.300828487248523],[-158.051807351879,21.30084097572499],[-158.05164934945873,21.300862667829197],[-158.0514490275556,21.300906711799687],[-158.0513088701484,21.300964647221267],[-158.05115545940674,21.301022509604362],[-158.05109727073497,21.301076391582757],[-158.05090317751123,21.301088845964163],[-158.0506850110945,21.30109664441012],[-158.05044492126905,21.301140459213663],[-158.05020357112952,21.301193301867453],[-158.05000324938018,21.301237344087642],[-158.0497860554031,21.30128128808822],[-158.04945765320915,21.301378812839694],[-158.04929810008173,21.301454705798584],[-158.0490688554481,21.301498580776336],[-158.04886333692306,21.301601319489894],[-158.04861050254388,21.301753482379514],[-158.04841720711238,21.30182918370688],[-158.04818118399217,21.301990476288044],[-158.04785831249757,21.302164827847225],[-158.04749937597282,21.302325420314776],[-158.04737588131343,21.302415068881373],[-158.04714135246633,21.302531190062012],[-158.0469418253233,21.302638473839128],[-158.04671219947116,21.302741068759737],[-158.04650065064024,21.30284376488244],[-158.04626023918183,21.302937261844242],[-158.0460595904436,21.30303098567569],[-158.04587234550192,21.303102196557084],[-158.0457066158604,21.303200636946478],[-158.04555463444404,21.303222355550215],[-158.04536030284257,21.303270937852712],[-158.04515501103054,21.303337527428358],[-158.04494354598611,21.303426669503907],[-158.044808173813,21.30348914007809],[-158.04460282113243,21.303564763912448],[-158.04426714952646,21.30366674602642],[-158.0439617503845,21.303746314374386],[-158.04389670593167,21.303741423997902],[-158.0436029948252,21.303690046763602],[-158.04347425820924,21.303657685611412],[-158.04319216093918,21.303674138847885],[-158.04285709882134,21.303681253246683],[-158.04272225138106,21.303662409254002],[-158.04235691716497,21.303691934605375],[-158.04208672367673,21.303731043312848],[-158.0415405758463,21.303768565528973],[-158.04121095639752,21.303866057835172],[-158.0410055135951,21.30395522736182],[-158.04089338686828,21.303963619066963],[-158.04060052967202,21.30396645321277],[-158.0402182388823,21.304009428777448],[-158.04000603274338,21.304026278885928],[-158.03917740257322,21.30413896566013],[-158.03883622624807,21.30415958686253],[-158.03856591558178,21.304216757948645],[-158.03755018043603,21.3043780511238],[-158.03699700364174,21.30438389252174],[-158.03659145907682,21.304480936565575],[-158.03632123549048,21.304524551122],[-158.03587445653696,21.304662012841987],[-158.03567547513856,21.30468344949887],[-158.03552149285295,21.304641902327884],[-158.03529259223654,21.304446325778898],[-158.03506918642594,21.30433209613857],[-158.03475834275696,21.30413604625741],[-158.03457085655256,21.304058162227765],[-158.03447583228302,21.30403050846275],[-158.03428769881702,21.30405200664891],[-158.03388215656696,21.30414904414939],[-158.03377722823063,21.30416198870533],[-158.03347722948286,21.304151216962556],[-158.03306013676854,21.304171387633197],[-158.03279493812812,21.304183403283762],[-158.03261885462297,21.30420496975536],[-158.0324895889123,21.304253911965205],[-158.03229636859552,21.304316035123897],[-158.03214297435812,21.30436935547882],[-158.03198963824397,21.304413639849102],[-158.03180244268472,21.304475799795636],[-158.0316673289362,21.3044976018928],[-158.03156107772534,21.304528607076783],[-158.03145488665055,21.304550578171078],[-158.0313089265081,21.30457231844666],[-158.03111461876594,21.304616365222962],[-158.03102647348612,21.30464295713436],[-158.03091419590947,21.3046739271976],[-158.0306558432506,21.304744704953357],[-158.03046259195366,21.30481134476718],[-158.03026828369008,21.30485538963979],[-158.03000975058725,21.304953271143408],[-158.02975609857535,21.305042143309695],[-158.02955088514997,21.30509515881586],[-158.0293212147098,21.305202241862457],[-158.0290866041053,21.305327363896993],[-158.02885096717523,21.305425374775805],[-158.02861024248762,21.305564015080062],[-158.02852794421696,21.30561774428979],[-158.02832860533692,21.305693378078253],[-158.02822214660884,21.30575600196493],[-158.02805175816027,21.30582728724309],[-158.02786455932338,21.30588944176277],[-158.0276930556645,21.305947166878234],[-158.02754700549968,21.305982454839718],[-158.0272117017941,21.30602567300602],[-158.02688833032855,21.30608703093173],[-158.02670031059756,21.306090450644227],[-158.02624750547363,21.306042632728623],[-158.02551350347898,21.30605641305657],[-158.02511935964523,21.306067662380627],[-158.02467219288275,21.306078598007264],[-158.02402586264134,21.30613806080712],[-158.02373197613406,21.306113752796435],[-158.02305647323462,21.30602848396507],[-158.022786480837,21.306035936882473],[-158.02257421003583,21.306061796097534],[-158.02225134416108,21.306046351510282],[-158.02100226561583,21.30631914037559],[-158.0201442192507,21.306503857724348],[-158.01998578981915,21.306588763056588],[-158.01955640043928,21.30664497833926],[-158.01930376690402,21.306760952416887],[-158.01907390895693,21.306895129374983],[-158.01887444683118,21.306988827824732],[-158.01842782805176,21.30709914663414],[-158.01815829216207,21.307219538392147],[-158.0179046298029,21.307308399469576],[-158.01772251672446,21.307329920370506],[-158.0174588786729,21.307287718316424],[-158.01721771705888,21.30730889201586],[-158.01681212719836,21.307410414492317],[-158.0165246320798,21.30751262723642],[-158.01601802825314,21.307581933473728],[-158.01565437404966,21.307719837496315],[-158.01504380557512,21.30801891512796],[-158.01467851974024,21.308039356608507],[-158.01421511471784,21.308136013301937],[-158.0138033457138,21.30826007979118],[-158.0134565296014,21.30840259388937],[-158.01319165695978,21.308545592426395],[-158.01306934325183,21.308635220017692],[-158.01298047031267,21.30877021714497],[-158.01289313234744,21.308855532626364],[-158.0127686193817,21.308913525131935],[-158.01248720643682,21.309006732134414],[-158.01170505470313,21.30919185278701],[-158.01060105470356,21.309388622372968],[-158.00884387065642,21.30976673926093],[-158.00770404596793,21.309913587037684],[-158.00740949195836,21.30998864012761],[-158.0061348162136,21.310116609215708],[-158.0055519763278,21.310230604586888],[-158.00516459880623,21.310309620295484],[-158.0049711482881,21.310403336422336],[-158.00292621859776,21.31091520106522],[-158.00255580264928,21.310980757922913],[-158.00198584673308,21.3111490256275],[-158.00132701721907,21.311271587747218],[-157.9999110116532,21.311624536451014],[-157.9989770545793,21.311799656371768],[-157.9982830593029,21.311953616229232],[-157.997965479906,21.312046582124708],[-157.99566244035012,21.312583947176396],[-157.99432450492196,21.312973477359296],[-157.99388057809549,21.312505536319485],[-157.9937067696834,21.312545152721732],[-157.99347140942317,21.312597952069257],[-157.99316105647085,21.31269096010722],[-157.9928291367212,21.31276576625221],[-157.99257075593007,21.31283649594099],[-157.9921410683084,21.31293330444647],[-157.99163734738002,21.31310646121388],[-157.9914126771867,21.313181909205294],[-157.991190233777,21.3132844730737],[-157.9906732237517,21.313462065208057],[-157.99037049941617,21.313496387340393],[-157.98992455327948,21.313502744310405],[-157.98954312782607,21.313590799772914],[-157.9891506715728,21.313705892686936],[-157.9887621383635,21.31377583237415],[-157.9883251844119,21.31387710439127],[-157.98794774294916,21.313910972703997],[-157.98759251849637,21.313868178989214],[-157.9872526807785,21.313866133187563],[-157.98697266697306,21.313927688685833],[-157.98671499288434,21.314070692111663],[-157.98637534263676,21.314217715557763],[-157.98612174599543,21.314292983807842],[-157.9859249438319,21.314346004811117],[-157.98564143648645,21.314389468448404],[-157.98542915393864,21.31441529271152],[-157.98520482035366,21.31444104219059],[-157.9850224478443,21.3144986681144],[-157.98472902166705,21.314582726326126],[-157.98440775169132,21.314684685320067],[-157.9841516829693,21.3147689680608],[-157.9839548795609,21.31482198670216],[-157.9836577728067,21.314915055024787],[-157.9834788609484,21.3149952875968],[-157.983283847207,21.31513866335285],[-157.98319293766124,21.31521490679793],[-157.98303290251192,21.315353977471464],[-157.98280683511314,21.315456509810243],[-157.98247360435184,21.315544840363813],[-157.98190235269146,21.31554590059171],[-157.98161349507788,21.315666118801182],[-157.98134984983295,21.315800043288192],[-157.9810832725305,21.31583456737411],[-157.98077733182285,21.315810126242635],[-157.9804718561116,21.31571792867846],[-157.98018412282408,21.315499351399446],[-157.97998556998454,21.315281315411998],[-157.9796532725287,21.315234126809067],[-157.97954950978442,21.315251565807007],[-157.97934828780765,21.315245827733325],[-157.97919981034747,21.315281065473815],[-157.9790747616085,21.31523965055605],[-157.97888673336143,21.31524302626447],[-157.97871773975146,21.31528265614487],[-157.97848694113117,21.315371600669813],[-157.97822240125535,21.31546033898893],[-157.97806706685122,21.315441326763985],[-157.97783525203212,21.31550316145576],[-157.97760562834756,21.315596629002332],[-157.97739911840944,21.315658616896226],[-157.97722292270632,21.315693684331013],[-157.9770204345903,21.315696969999557],[-157.9768694530814,21.315745741782543],[-157.97678932333804,21.315831085067106],[-157.97672686324543,21.315975257496266],[-157.97672976058948,21.316079176157952],[-157.97661128717593,21.31613266258963],[-157.9765874215902,21.31627255537492],[-157.97652446403382,21.316489004047558],[-157.97645427366143,21.316705409570954],[-157.976355129954,21.316926155049792],[-157.97623883340353,21.317187452841242],[-157.97613524342245,21.317353962931666],[-157.97598022658036,21.317637611281633],[-157.9758612494015,21.317763373400354],[-157.97578763096365,21.31795265315705],[-157.97568208467328,21.3182275663967],[-157.97541445620908,21.318587322843133],[-157.9752565716651,21.318762537548345],[-157.97499423206622,21.319054565069493],[-157.97477507191556,21.319202301271318],[-157.97456203015187,21.319336523123827],[-157.9744147703864,21.319543422475892],[-157.97432069220176,21.31972805956229],[-157.97422924469518,21.319881091001925],[-157.97411439617957,21.32010625801886],[-157.9740064500164,21.320204979645883],[-157.9737645140843,21.320334506990267],[-157.9736757251726,21.320451415570936],[-157.97359731232925,21.32063614869392],[-157.97350107334114,21.32078463331431],[-157.97336437422163,21.321032252830832],[-157.97328494400054,21.321189873252386],[-157.97317238048967,21.321433122824846],[-157.97304001544813,21.32157686941389],[-157.97284058583406,21.32183313863112],[-157.97274993853182,21.322044927228205],[-157.9726715292329,21.322229683327524],[-157.97249659562019,21.322255722571388],[-157.97230579639577,21.322484972743325],[-157.97221549192912,21.322647068515256],[-157.97210794230855,21.322863277724196],[-157.9720127852385,21.323029865330742],[-157.971882585693,21.32320979265921],[-157.9716988093404,21.323294519300468],[-157.97159330568607,21.323388756906397],[-157.971463384738,21.32352802524078],[-157.97130688976335,21.323676166013556],[-157.97126463474817,21.32386114523156],[-157.9711300813115,21.323973276839723],[-157.97097840426616,21.324121449463455],[-157.9709079746277,21.324197824670048],[-157.97081553967772,21.324319248008685],[-157.9707383022242,21.324508533641822],[-157.97072382637486,21.32468464488959],[-157.9707204156758,21.3248291977682],[-157.9706953432286,21.324969101825165],[-157.97062493062603,21.325217160632643],[-157.97050490309633,21.32566822442212],[-157.97044539757442,21.325907312968365],[-157.97037578338922,21.326214109776732],[-157.97036714564013,21.326417363869304],[-157.9705465921305,21.326436527578053],[-157.9707044712551,21.326437487002],[-157.97089946222445,21.326474815751848],[-157.97105900170988,21.326584215538272],[-157.97114261421075,21.326693155966247],[-157.97120774437656,21.32686071472922],[-157.97128860520453,21.327019334599537],[-157.97147854392082,21.3272644586374],[-157.97159975535126,21.327513681892917],[-157.97173086059937,21.32772682237362],[-157.97190442870834,21.32789955941391],[-157.9720839908302,21.32807684914301],[-157.97226868686857,21.328208992642733],[-157.97240434333787,21.32828662363631],[-157.97249911822712,21.328350449712772],[-157.97254014447182,21.32851786429238],[-157.9726897960404,21.32866334720916],[-157.97277687122775,21.328794897209896],[-157.97287936374613,21.32896268548562],[-157.97297385728072,21.32906717082166],[-157.97307276600907,21.329230417271802],[-157.97313592517784,21.329334714718183],[-157.97323931226563,21.329547684789436],[-157.97335072952578,21.32981943623006],[-157.9734885392427,21.33010942173349],[-157.9734988137176,21.3303670040851],[-157.97354710531343,21.330529943886212],[-157.97360203616847,21.3307787619728],[-157.97362547601392,21.33104997964021],[-157.97362341942429,21.33134815060792],[-157.9736256935427,21.33154243549078],[-157.9736210799878,21.33168698015792],[-157.97360125708244,21.33193986338178],[-157.9735394373376,21.33216538476372],[-157.97354550479525,21.332508784529715],[-157.9736357605963,21.332703602130454],[-157.97376121819772,21.33286248870145],[-157.9737684705279,21.333034213882833],[-157.97378282866813,21.333224053596183],[-157.97375902540722,21.333354929748083],[-157.97363960553673,21.333543958925784],[-157.97361561352167,21.333701941068565],[-157.97356269922932,21.333859747481725],[-157.97350419278624,21.33395427115347],[-157.9733494462832,21.33419730138056],[-157.9732340429062,21.33432762329521],[-157.97321446836557,21.33454436649217],[-157.97318831671075,21.334666191244366],[-157.97310830464656,21.334733475290736],[-157.9730626504646,21.334886810553417],[-157.97302466418972,21.33497693868127],[-157.97302199243538,21.33518926529097],[-157.97307900182656,21.335311595434394],[-157.9731982478463,21.33549755074228],[-157.9732974197647,21.33544845395895],[-157.97345073332028,21.335413237338727],[-157.97358423401147,21.335454704878345],[-157.97366278357262,21.335599753739075],[-157.97369470109922,21.335690303470546],[-157.97376931104682,21.33605670720264],[-157.97384446139765,21.336170108241763],[-157.97406106194612,21.336221113403358],[-157.9742245383201,21.336285350798047],[-157.9744438519376,21.336467390783394],[-157.97460058592804,21.33663549825922],[-157.9747031484479,21.3367942445093],[-157.9747938952102,21.337092971589176],[-157.9749959325568,21.337333637864973],[-157.97515513949423,21.337492723013913],[-157.97506711602745,21.337672908502274],[-157.97495805160733,21.337758091852706],[-157.97503251888352,21.33797088269629],[-157.97505855603623,21.338215004222842],[-157.97520778119164,21.338423726594854],[-157.97536990919951,21.338334344121304],[-157.975574873313,21.338150345254377],[-157.97577396731265,21.337943722080716],[-157.97590348167236,21.33803937611401],[-157.97605332835434,21.338157742200288],[-157.97630457452368,21.338254128587607],[-157.97663162419218,21.33836904288435],[-157.9768765645832,21.338506051260058],[-157.97688477708652,21.33871392176788],[-157.97691217840395,21.338935461331978],[-157.97702936039823,21.339071700679117],[-157.9768620946066,21.339382427099785],[-157.97671578159947,21.339625512522527],[-157.97718394520402,21.339727717510385],[-157.97722562473248,21.33997644749158],[-157.9770730383385,21.34025563913117],[-157.97707497389675,21.340499615493773],[-157.97734417717135,21.3406141764063],[-157.97757829710184,21.340922792591645],[-157.97772658575,21.34144323293425],[-157.97785079409573,21.342135205741176],[-157.97794880347612,21.342605647287616],[-157.97847281624627,21.34282563718654],[-157.9786926063592,21.34293989927077],[-157.97893978414345,21.34292782313202],[-157.97934046784624,21.342853414348284],[-157.9797095332596,21.3428194774392],[-157.97990867380392,21.343132396182824],[-157.9799596832387,21.34360254957634],[-157.9799693458967,21.343950477279957],[-157.9799801523731,21.344307447039828],[-157.98018250719787,21.344679111964233],[-157.98020134639617,21.34509486102671],[-157.980638893753,21.345445337539413],[-157.98089894971724,21.345839931892392],[-157.98103770684597,21.34617055426139],[-157.9812349998711,21.346402134289697],[-157.98144709517246,21.34676030012034],[-157.98170948119133,21.34716387209598],[-157.98179245978432,21.34753925641997],[-157.9819651783139,21.34766223628911],[-157.98203361541303,21.347874930839364],[-157.98199034846726,21.34820439786371],[-157.98219758536175,21.348390816313554],[-157.98234717046032,21.34872143011213],[-157.98251377136805,21.34885792373426],[-157.98237464339707,21.349105519342057],[-157.9824799128237,21.34939521779028],[-157.9827681275844,21.349202709549715],[-157.98310252186107,21.348956274104562],[-157.98346225432218,21.348705469654202],[-157.98385049543597,21.34868970681333],[-157.9841184401713,21.34881324972567],[-157.9842619679672,21.348800550058378],[-157.98454225978097,21.34870735999638],[-157.98494854855747,21.348696219017043],[-157.9851251830158,21.34860241241098],[-157.98542883170532,21.348617761843247],[-157.98598785396342,21.348657208219073],[-157.9863826306516,21.34891700219847],[-157.98688475413266,21.348992243730596],[-157.98716355925185,21.348939690712907],[-157.9875797418753,21.34889246791364],[-157.9878916035122,21.349115635321574],[-157.98810180609513,21.34887296836147],[-157.98842323189717,21.348757431228243],[-157.98874264537713,21.348759318271092],[-157.9890619075113,21.348607629016946],[-157.98948538300266,21.3485514092859],[-157.98967504956474,21.348665450987703],[-157.98969301015018,21.348507465281763],[-157.98978588884148,21.34832282469991],[-157.9900487125587,21.3483153400857],[-157.99039825207228,21.348493557363536],[-157.99058528920295,21.348639198478185],[-157.99073335975748,21.348667172821195],[-157.99089348738696,21.34851906082896],[-157.991261110988,21.3485212263398],[-157.9917034045075,21.34853286536734],[-157.99205829882473,21.348458166188344],[-157.9925270171193,21.348483509345293],[-157.9927190611357,21.348778235063083],[-157.99281943972392,21.349081455173305],[-157.9930634700354,21.34935390118994],[-157.99306108848776,21.349525528498383],[-157.99331967812512,21.349784512789533],[-157.9936856961241,21.350021541169117],[-157.99362549100485,21.350188310369052],[-157.9934392778688,21.35044919398196],[-157.99348554124384,21.350734029977666],[-157.99357423956872,21.350982978735633],[-157.99369430850987,21.35140375606554],[-157.9936164184582,21.351864018571597],[-157.9937467510044,21.352194515834057],[-157.99380197837655,21.352402617988176],[-157.99367705284635,21.352514804790236],[-157.9934223785874,21.35273915008979],[-157.99346558234794,21.352942663153723],[-157.99385933658795,21.35300369979645],[-157.99424431287807,21.353290527257943],[-157.9945486197849,21.35356332954101],[-157.99488287991176,21.353511092290393],[-157.99531934861955,21.35349559012716],[-157.9958709781825,21.35356206731091],[-157.99645793368904,21.35357454649967],[-157.99700919060376,21.35351906083109],[-157.99741104576614,21.353453673507236],[-157.99791894983994,21.353393443230864],[-157.99836899429548,21.3533328681611],[-157.9986236067587,21.35311756078284],[-157.9988079913859,21.352770849473966],[-157.99916815262523,21.352632952449703],[-157.9995489585427,21.352472594677195],[-157.9999277892616,21.352425144294717],[-158.0003191669278,21.35230549730231],[-158.0008715968142,21.352078390083978],[-158.0014222057418,21.35194161183209],[-158.00179957396534,21.351754122877562],[-158.0021786589586,21.351846693532657],[-158.00257601667667,21.35208843172436],[-158.00300561739436,21.352375528094285],[-158.00334731495659,21.352648554044745],[-158.0036655513397,21.3528265885495],[-158.00386411605533,21.353053603898424],[-158.00414541501573,21.353168182236704],[-158.0045020106673,21.35337805805591],[-158.00501640864059,21.35378309027386],[-158.00532628433905,21.354128199770486],[-158.00566898533071,21.354432848889186],[-158.00612162318194,21.35470200910973],[-158.00626441181393,21.35462154205908],[-158.00687165176217,21.354846436470474],[-158.00742828235485,21.355247193315556],[-158.0076863520879,21.355768160683272],[-158.00753237942985,21.355898251289744],[-158.00730046396237,21.356145324670983],[-158.0072887002366,21.35628076549444],[-158.0072093105316,21.35643387687433],[-158.00715387656473,21.35660971459741],[-158.00716040745354,21.356713643634293],[-158.00755240197665,21.356860487257137],[-158.00782419113378,21.356956937693116],[-158.0082593706747,21.35713565026098],[-158.0085242319866,21.35718689005645],[-158.0086552417314,21.357065699093273],[-158.0088776618979,21.35679598213014],[-158.00904001181632,21.35667497399686],[-158.00907127382075,21.356508027217366],[-158.0091202643147,21.356214709788517],[-158.00932875538007,21.3560442832937],[-158.00965998518495,21.35590619488796],[-158.0100298503078,21.35575929748136],[-158.01059872958973,21.355595493342634],[-158.01103892331048,21.355566446293857],[-158.0115724087482,21.355646352155464],[-158.01203298701765,21.35599233314071],[-158.01250716034085,21.356288707960566],[-158.0128924979968,21.356530357302177],[-158.01320174105575,21.356794148874798],[-158.01351119977267,21.357026322107888],[-158.01407891896446,21.357395510962146],[-158.01451094292457,21.357687119360953],[-158.01482293445352,21.35790123658808],[-158.01500257189443,21.358078447974385],[-158.01517763430687,21.35803881326876],[-158.01539998239065,21.357958800474968],[-158.0158610117592,21.357518813321242],[-158.01625007235134,21.357385563372095],[-158.0167677481157,21.357487947007833],[-158.01697246098828,21.35752075554715],[-158.01711675210214,21.35757579861948],[-158.017300643865,21.35765817436033],[-158.0175840425624,21.3578224343108],[-158.01777724455965,21.35795455257689],[-158.0178939631259,21.357986849818577],[-158.0181290544572,21.357983695695133],[-158.01832072176663,21.3579848090532],[-158.01901403787096,21.358142410153995],[-158.01919268580315,21.358287993247938],[-158.0193201921607,21.35832938681153],[-158.0198866934636,21.358341704156274],[-158.02002634780163,21.358369616662305],[-158.02008966416375,21.358455806475636],[-158.0201785088626,21.358691210081155],[-158.0202285380815,21.358781841265618],[-158.02040170548312,21.359026768321364],[-158.02050908452614,21.35919452091915],[-158.02056143305217,21.35929871877974],[-158.02075648036808,21.359516667539385],[-158.02121476719162,21.359487701456338],[-158.02155473782307,21.35948515302],[-158.02176692948643,21.359481862245865],[-158.02210135877232,21.359587690107173],[-158.0223556872423,21.359774365913704],[-158.02255761312463,21.360046564798214],[-158.02259671001082,21.360331369856407],[-158.0225947295232,21.360629486325273],[-158.0224111778141,21.36103947797634],[-158.02217090869,21.361458172460374],[-158.02222377871195,21.361846949373536],[-158.02235425364915,21.36216842189769],[-158.0224031134947,21.362435214304075],[-158.0223189236167,21.36294967580624],[-158.02210270113954,21.363377547017492],[-158.02184367276786,21.363534145324376],[-158.02161179708187,21.36359604144498],[-158.02154049723038,21.3638034144977],[-158.02168775288115,21.363957849181606],[-158.02198160033123,21.3641854075482],[-158.02226667395638,21.364281916268062],[-158.02248382107467,21.364441277162264],[-158.02257291549097,21.364640546595968],[-158.0228276145011,21.364773021928674],[-158.02315437398744,21.36494656778375],[-158.02330532212534,21.365453359823572],[-158.02318898056438,21.366089595629997],[-158.02263960364957,21.36639808632199],[-158.02184910803751,21.366343812555545],[-158.02145700916233,21.366206025834245],[-158.02093269722192,21.366189432700036],[-158.02042746290402,21.366385252144383],[-158.02003829082034,21.366351373447564],[-158.01988133029178,21.366205914956012],[-158.01947672457163,21.36613580774995],[-158.018834452324,21.365730055929582],[-158.01838684404132,21.365420292781753],[-158.0179335996181,21.365413138377345],[-158.01747447924615,21.365383365381085],[-158.01711005423243,21.365254765843734],[-158.0164604598136,21.365404560286883],[-158.0160590487919,21.365759069081257],[-158.01605515447065,21.365980382320146],[-158.01615693076243,21.3660848666318],[-158.01667870946497,21.36611952746393],[-158.01699494591344,21.3662433304834],[-158.01720922672052,21.36647043292764],[-158.0183697545939,21.367077957351878],[-158.01910663821664,21.3679404885633],[-158.0195107088584,21.368633950653265],[-158.02012111032425,21.368940142542872],[-158.02074979121986,21.370122754853636],[-158.0211061118674,21.37110955059847],[-158.02131713939085,21.372371046600435],[-158.02146429274794,21.373085604314408],[-158.02148624926502,21.373953016447835],[-158.02112208604746,21.37504855340114],[-158.02056826963008,21.37565514083032],[-158.0201882018947,21.375517413516608],[-158.02008174430046,21.375390316639898],[-158.01953735492322,21.375667204685673],[-158.01928297178605,21.37566572185015],[-158.01906807302197,21.37552895721548],[-158.0187789682917,21.375491133588085],[-158.01846325285302,21.375466707935974],[-158.01794155471458,21.375594658021093],[-158.01750406658726,21.37593088578925],[-158.01755982118726,21.376428088643948],[-158.01764824940003,21.376726730734465],[-158.01709800618147,21.3767957908998],[-158.01706315586478,21.37731956588213],[-158.01688842791563,21.37748567613752],[-158.0167651774174,21.377886974121004],[-158.01629380033222,21.378241064658706],[-158.0161729918327,21.378457176804183],[-158.01601429403576,21.378749855149394],[-158.01519796069064,21.378763144417487],[-158.014568911631,21.37907565022114],[-158.01399977891674,21.379442709390215],[-158.0131059382988,21.37968589997014],[-158.01290932078268,21.37987897799283],[-158.01269837639603,21.3802300663345],[-158.01255944595317,21.380450584282002],[-158.01211318498676,21.380294381417634],[-158.0115534311465,21.380340776708447],[-158.01134657655552,21.380262770461727],[-158.01097853178828,21.380129611116768],[-158.0105620308093,21.379851620002842],[-158.01018754369534,21.379600979392887],[-158.00976283761943,21.37946748500172],[-158.00914093000196,21.379612880380687],[-158.00851419965053,21.37975824491234],[-158.00812024460106,21.37989142831404],[-158.00758715551976,21.38009606360709],[-158.00701842882913,21.380043015839945],[-158.00650888631702,21.37979608680103],[-158.00643552919234,21.37941171082462],[-158.00638956568005,21.379077180830127],[-158.006285809873,21.378552599472723],[-158.00638696203794,21.37821442442301],[-158.006516974823,21.37770929031747],[-158.006586319546,21.37743868266431],[-158.00646641802035,21.377162438360052],[-158.0063652876217,21.37660625266905],[-158.0065167540453,21.37613737971578],[-158.00683228780414,21.37583208952047],[-158.00771292688339,21.375399138229493],[-158.00848917761164,21.375069455635746],[-158.0091357550386,21.374838380475552],[-158.00967906561928,21.374724135940067],[-158.00959262284331,21.374312579151386],[-158.0095177033255,21.374158560151177],[-158.00960280740355,21.37387448982606],[-158.0098722181855,21.373076563549688],[-158.00998065697758,21.372191867217627],[-158.00994395890288,21.37155475299636],[-158.00973579028783,21.371494810390935],[-158.00921541047225,21.372322878787894],[-158.00874223670303,21.372943439977323],[-158.00817169613074,21.373342093295506],[-158.00761305658716,21.374120241564043],[-158.00714038798256,21.37466400778872],[-158.0066910842722,21.37442647398867],[-158.00624848262825,21.374089605640105],[-158.00567926114456,21.37411334582587],[-158.00514017569725,21.374494102626947],[-158.0046725586605,21.374468754212952],[-158.00441459989136,21.374105870730247],[-158.0042518411083,21.37357190569599],[-158.00395984141042,21.37307331411101],[-158.00348471103635,21.37291240977009],[-158.00310665096265,21.3728379005799],[-158.00246321287042,21.372251404266585],[-158.0022962240594,21.371631594340386],[-158.00244038790237,21.37081939860544],[-158.00264288534115,21.370115953817],[-158.00258378786552,21.369587123926475],[-158.00268914302896,21.369163153218796],[-158.00288961262214,21.36875781501845],[-158.0035111805474,21.368300759677545],[-158.00397059010658,21.367933084042264],[-158.00439367755254,21.367587778155457],[-158.00462018295175,21.36743102027234],[-158.0046827986519,21.367264261573986],[-158.0046476924656,21.366929798877713],[-158.0044235510183,21.36638192659442],[-158.00417441511465,21.365964896048606],[-158.0041843017817,21.36539581779759],[-158.00412690475696,21.364970885674065],[-158.00367014930356,21.36459328224115],[-158.00315006769125,21.364310161232662],[-158.00291585347188,21.36418230445358],[-158.00248682819188,21.36433786424192],[-158.00184679841112,21.364320529582123],[-158.00151985573964,21.36417857089586],[-158.00116528516227,21.364199058199322],[-158.0007003245072,21.36396594425475],[-158.00056377676498,21.363481825605074],[-158.00041366834327,21.363218954244644],[-158.00010888843306,21.363009372560537],[-158.00036203447178,21.36283471042856],[-158.00028097220437,21.36234640297343],[-158.00000416684625,21.36210084983175],[-158.00003999097464,21.361265431707466],[-158.00001477091143,21.360366414738213],[-158.00046607918782,21.35959217200006],[-158.00105252935117,21.35915297918789],[-158.0013849500853,21.359019432761137],[-158.000984871193,21.358466005328992],[-158.00057101648486,21.35728012462682],[-158.00002417254584,21.357037495012147],[-157.99956387564242,21.356831514474194],[-157.99921658896386,21.356847526331855],[-157.99906164285247,21.35676530547464],[-157.99890444343217,21.35683664602535],[-157.99889356863497,21.35701725801015],[-157.9984268832439,21.35704159785931],[-157.99797460463176,21.357251213553962],[-157.99742533451868,21.35771771855997],[-157.99673049773608,21.358495050481327],[-157.99620843473946,21.35921468325301],[-157.99571124470617,21.35964537997993],[-157.99513470925848,21.359691671440306],[-157.99434104390014,21.359759266083586],[-157.9937259696928,21.359624649827886],[-157.9931471494207,21.359652852285173],[-157.99278870016883,21.35989013046805],[-157.9926775524587,21.359925609677138],[-157.99226909449183,21.360072252504374],[-157.9916665560283,21.36039390632765],[-157.99125666952804,21.36074831352014],[-157.99100821428823,21.361117225784376],[-157.99096326640213,21.361342801396464],[-157.99100607229303,21.361428874756392],[-157.99122336220574,21.361384991198786],[-157.99145406691457,21.361318604173213],[-157.99188224952727,21.361108843228084],[-157.9923337355021,21.36101665785282],[-157.9927232736155,21.3611680166157],[-157.99284656277888,21.361471373099207],[-157.9930699986877,21.361761772459126],[-157.99350404822238,21.361926942353307],[-157.9937111371161,21.361964300701107],[-157.99380429661306,21.362003242759172],[-157.99456332386296,21.362330678705565],[-157.99477248439572,21.362593891353054],[-157.9952576622249,21.3626870881798],[-157.99564232706018,21.363023605798368],[-157.99612732390545,21.36349621888729],[-157.9966331894746,21.364090912129683],[-157.99724470811705,21.36474946384903],[-157.99743221850832,21.365360359424482],[-157.99709632470825,21.365823611684046],[-157.99700029307112,21.366292802752632],[-157.99682182220863,21.36665310384389],[-157.9963568140379,21.366781352316004],[-157.99602941762126,21.36705946838328],[-157.9959215110089,21.367501486720975],[-157.995861052822,21.367880547372806],[-157.99596324237527,21.368450278054],[-157.99579870691085,21.369063604186938],[-157.99537918939924,21.369589600665307],[-157.99536994563817,21.370059302535733],[-157.99539118166493,21.370479496763743],[-157.99507508641673,21.370689923276174],[-157.9947571345709,21.3711713475951],[-157.9947476426421,21.371501022746195],[-157.9944866615695,21.371409141584316],[-157.99456510910792,21.371924530632086],[-157.99434020074656,21.37202256953077],[-157.99379826371148,21.37229037332099],[-157.99334006542261,21.37247736508118],[-157.99239937114172,21.372702146904516],[-157.99148888411457,21.37256575431879],[-157.99109223716644,21.37239176003798],[-157.99089493199898,21.372331867709683],[-157.99069305428415,21.37223581621894],[-157.99057225985416,21.372095076593432],[-157.99014035665041,21.371613724688007],[-157.98983235522638,21.370997605195264],[-157.98914247266333,21.369990769646673],[-157.98881192395177,21.369148674452628],[-157.9887823832115,21.36836257315776],[-157.98845966911816,21.367958657706797],[-157.9887264080568,21.367038811954657],[-157.98827674373183,21.366164392816852],[-157.98786434104665,21.36513210747463],[-157.98758348543586,21.364254177233214],[-157.9877508046691,21.364115151282082],[-157.98798377092902,21.364071366616447],[-157.98841705944247,21.363997154550894],[-157.9888696685827,21.36391853879842],[-157.9890153511249,21.363770347898857],[-157.98902473059195,21.363458742760635],[-157.9890638497307,21.3630298772377],[-157.98891107746846,21.362807645972616],[-157.9885207990635,21.36258852178288],[-157.9880013755142,21.362567371163035],[-157.98752426765137,21.362528402980512],[-157.98731432153886,21.362206462710095],[-157.9874384590457,21.3615116118119],[-157.98754638756515,21.36106960488129],[-157.98766318721852,21.360564415393668],[-157.98760668489237,21.36001754503321],[-157.98734716437463,21.359717895085257],[-157.9873222979235,21.359478356337835],[-157.98756130165256,21.359082296349264],[-157.98785211625136,21.358514901641012],[-157.98821981693575,21.358160253982685],[-157.98868942309807,21.357711353499653],[-157.98948747137308,21.35753089013975],[-157.98994119399435,21.357637461064126],[-157.99034673390378,21.3577392312036],[-157.99072736974315,21.35760597518599],[-157.9915634914982,21.357497994590123],[-157.99231449410348,21.35732175583484],[-157.99293559088193,21.357104092354597],[-157.99322297507828,21.356857360506275],[-157.99305283037316,21.356707300783846],[-157.99282757889674,21.356507229339748],[-157.99244806413196,21.356477889836295],[-157.99223075880477,21.356173979735402],[-157.9918260234716,21.356130939771873],[-157.9916103834931,21.356111598290774],[-157.99141186905877,21.355880067562882],[-157.99133352428177,21.3557034475524],[-157.99093049917406,21.355411989719343],[-157.99061114555394,21.355048756406052],[-157.99027732214466,21.35486159311054],[-157.99012848167695,21.35459421906106],[-157.98992422495235,21.35432200262643],[-157.9897617002785,21.353941627114597],[-157.9896286559277,21.353656281917157],[-157.9894600168794,21.35311326492393],[-157.98936144776977,21.352548076600677],[-157.9893498991953,21.352299583788838],[-157.9891589929257,21.3521900521775],[-157.98916252265397,21.35202746627333],[-157.98931372654624,21.35177541586421],[-157.98924400992848,21.35157174688147],[-157.98890475383863,21.351474890737016],[-157.9885142505299,21.351468064022285],[-157.988252129664,21.35154781689506],[-157.9877974386828,21.351409623587454],[-157.9874403418368,21.351452678536283],[-157.98705215745906,21.351459413747406],[-157.98689577227285,21.35141332110264],[-157.9868027830833,21.35126371531052],[-157.98672356367487,21.35138971662232],[-157.98662644842676,21.351488509948382],[-157.98643487173345,21.351302187581606],[-157.98603158884288,21.351051373745797],[-157.98553789577443,21.350976178568185],[-157.9850960202976,21.35107744437723],[-157.9848013527444,21.351156998781484],[-157.9845632306062,21.35142659242773],[-157.98430650772377,21.35159670670605],[-157.9839683829418,21.351685034634023],[-157.98372535726037,21.35179199219003],[-157.9834812202152,21.351885395840878],[-157.9831962548835,21.351955970028037],[-157.98293112289485,21.35212151409137],[-157.98257748466966,21.35218716327037],[-157.9822402035143,21.352153538027142],[-157.98196397557206,21.35200735807055],[-157.98153926698993,21.351891911624172],[-157.98109101880993,21.351695020611675],[-157.98072000733643,21.351485039513697],[-157.98048945955915,21.35135719742145],[-157.98044509908877,21.351149161084603],[-157.98043645940135,21.351004573844225],[-157.98041212027837,21.35086440931623],[-157.9802715663514,21.35079582114788],[-157.98003965646998,21.350690553938815],[-157.98000886860768,21.350437432452797],[-157.98002579449488,21.350256862672495],[-157.98002266910447,21.350012939752197],[-157.97990023732157,21.350111578062197],[-157.97982374366637,21.349844633061082],[-157.97978210974316,21.3495914483657],[-157.9796603697424,21.349590723380405],[-157.97938780805282,21.349611681986534],[-157.97941818137434,21.349404092235886],[-157.97950790831948,21.349327842922268],[-157.9794614034778,21.34925529751219],[-157.97939560017332,21.34901100191376],[-157.97915985866405,21.348937328249722],[-157.97906563218183,21.348620595117062],[-157.97886591483265,21.348393567382974],[-157.97868031455366,21.348216306209213],[-157.97856053595112,21.348107190850566],[-157.9785520462698,21.34828780906241],[-157.97846571463455,21.34839569646872],[-157.97825671194562,21.348290564432375],[-157.9782564494555,21.34815506047026],[-157.97827436334504,21.34800611664146],[-157.97822648460073,21.347784510672156],[-157.97793804596947,21.34748920189433],[-157.9777299256229,21.347257607369773],[-157.97774168589888,21.34712669186805],[-157.9777494523567,21.347049953730306],[-157.9776649878023,21.34706300008987],[-157.97747939993917,21.347057375150857],[-157.97738138233836,21.346939355429164],[-157.9773737612536,21.34682186697447],[-157.97738674713307,21.346686409331177],[-157.97739652229325,21.346492200716504],[-157.97720290312964,21.346427795187697],[-157.97710635395507,21.346445290230804],[-157.97695327928807,21.346444374385356],[-157.9767628100619,21.346447754974676],[-157.97667011800053,21.346605325229262],[-157.97648035506714,21.346680994327965],[-157.9762589715552,21.3462730643187],[-157.9761303852624,21.34604188390727],[-157.976145293247,21.34580252659395],[-157.97620290755796,21.345662817605582],[-157.97600778146966,21.345467382002923],[-157.97601409719275,21.34525056146404],[-157.97604290855315,21.345092608538124],[-157.97592374957657,21.34489310970091],[-157.97581781735448,21.34469820671629],[-157.97573976226175,21.344480881769265],[-157.97553563271023,21.344542909184593],[-157.97520260557542,21.344418930760696],[-157.97510619273524,21.344242153847464],[-157.97501530727266,21.34413769694232],[-157.9748829938366,21.343748367110084],[-157.97495968561748,21.343464197724675],[-157.97482594962716,21.34310648251978],[-157.974949801066,21.3428000089939],[-157.974820867274,21.34279471789009],[-157.9746644907782,21.342748599847184],[-157.97479100506862,21.342405999502468],[-157.97459726685383,21.342359657051833],[-157.97458708288352,21.34208852245565],[-157.97424561535172,21.34214068503863],[-157.9742128327424,21.342000432939543],[-157.9742438168952,21.341702437988424],[-157.97404915540733,21.341615426315286],[-157.97393469446766,21.34143402147672],[-157.97365506068633,21.34160853859578],[-157.9731671734536,21.341569458874194],[-157.97293077540698,21.341242744560226],[-157.97270769781537,21.340907074454574],[-157.97250771738288,21.340892316665595],[-157.97224865813843,21.340705518420158],[-157.9719776498065,21.340676756181665],[-157.97176646989152,21.340711611728207],[-157.97165216522725,21.340507606416633],[-157.9715630767997,21.340317309389928],[-157.97138129341195,21.340284573370866],[-157.97121194283142,21.340545578313115],[-157.97098902605688,21.34088306294945],[-157.9708389265497,21.3411487042519],[-157.9706844122358,21.341355584271792],[-157.97046780147747,21.341652442874587],[-157.97020032750618,21.341808934885393],[-157.9701505032609,21.341867364484695],[-157.9695752955957,21.342076185995573],[-157.9695286785472,21.342193366411625],[-157.9694696963819,21.34235565101419],[-157.96950444702355,21.342559170720065],[-157.96966179651966,21.342813136700354],[-157.96968333647865,21.34283585790493],[-157.96984585307843,21.343040159171576],[-157.9700241655979,21.343226486010707],[-157.97015166639758,21.34343960744934],[-157.97037822342517,21.343273830707783],[-157.97044288855787,21.343161279561233],[-157.970616551338,21.343148786897757],[-157.9708769840637,21.34331302504313],[-157.9709869678649,21.343444718114828],[-157.97108455663482,21.343626032366984],[-157.97104575190957,21.343833620248315],[-157.9710238542419,21.344036793654066],[-157.97112159910282,21.3441955179151],[-157.9712269363113,21.344476274747525],[-157.97137515126195,21.344657898837784],[-157.97159582404512,21.344645693032717],[-157.97167675618613,21.344795281682664],[-157.97191396133692,21.344832872908324],[-157.97216523832398,21.344753087164275],[-157.9722197175339,21.344893475013887],[-157.97237300975945,21.34486277492503],[-157.97243607827605,21.344980619798072],[-157.9725299850792,21.345170937731496],[-157.97259141358583,21.345352024603592],[-157.97265877166313,21.34554669992503],[-157.97227877813077,21.34576579692852],[-157.972096363785,21.345823417712197],[-157.97210425834723,21.346076471588198],[-157.9722322950083,21.34621279146748],[-157.97210985298435,21.34648763703748],[-157.97236832671484,21.346412401391348],[-157.97242809269753,21.346485045112615],[-157.9723857386634,21.34668358187815],[-157.97231867442747,21.346967777935895],[-157.97240929391162,21.34693670532971],[-157.97261416502016,21.346942450177437],[-157.9725554560206,21.347064048349694],[-157.9724015281153,21.34718507581781],[-157.9723169061524,21.347392333980544],[-157.97263396729556,21.347385202966244],[-157.9728698954119,21.347603418645114],[-157.97302433882592,21.347753396522457],[-157.9731624440872,21.347826490895596],[-157.97315318902895,21.348115503535848],[-157.9731541197332,21.34849942762087],[-157.97307955598026,21.348819665223303],[-157.97311210334607,21.348991494160995],[-157.97317868449974,21.349122877226293],[-157.97321427906056,21.34937602445943],[-157.9731296597029,21.349583284798328],[-157.97307750958578,21.349456505233082],[-157.97303243259924,21.34935235078659],[-157.97293816995787,21.34955955206437],[-157.97283837887122,21.34952281953131],[-157.97277456415804,21.34968503768766],[-157.97270986323062,21.34997371745389],[-157.9726426208614,21.350108813783855],[-157.97252189722323,21.350135188811393],[-157.97249680974772,21.350275056412432],[-157.9725206356439,21.350487481453577],[-157.97247616739472,21.35064078359526],[-157.9722691972089,21.350589856375866],[-157.9721604307432,21.350801475542003],[-157.97214159020953,21.35090976159649],[-157.97207069538098,21.351049345171205],[-157.9717808612958,21.351295988122388],[-157.9716195307057,21.351439534038118],[-157.97162835078694,21.351557021753557],[-157.97163609379035,21.351828069755072],[-157.9714455157732,21.3520166037611],[-157.97122178493652,21.35211911774593],[-157.97115510934825,21.352344541620447],[-157.9712615695641,21.35263426084529],[-157.97135524636656,21.35285615248403],[-157.97146183337654,21.35312780488187],[-157.97142005765127,21.353240465633455],[-157.97138884495885,21.353393841323356],[-157.9714058171963,21.353552028304733],[-157.97148293603342,21.353728651111812],[-157.97166774768016,21.353847216469497],[-157.97174810223123,21.354078057817553],[-157.97185199538714,21.354390344654025],[-157.97216531752358,21.354749079741516],[-157.97230334186276,21.35500737004092],[-157.97239080077625,21.355256312127786],[-157.972460080028,21.355347063513786],[-157.97256554451616,21.35509024776906],[-157.97264880822289,21.354905563368987],[-157.97278415731347,21.354856694172064],[-157.97303243845874,21.355034337850345],[-157.97325480453333,21.355297641280767],[-157.97337471360504,21.355560329881975],[-157.97363505535844,21.355909679010352],[-157.97376578304517,21.35617694876465],[-157.97388537728557,21.35648480156931],[-157.97393949900516,21.356674828694377],[-157.97403057693035,21.35692379392623],[-157.9741218762029,21.357141143488967],[-157.97414891076278,21.35741230741235],[-157.97420763290563,21.357633977724916],[-157.97425207940196,21.3578284627474],[-157.97429491090602,21.35808165383849],[-157.97477441013928,21.358120670029685],[-157.9749475153519,21.358189459793397],[-157.97507292089915,21.358528966078886],[-157.97500929859564,21.358835717820345],[-157.9748602187645,21.359123892975706],[-157.97501670198488,21.359156449860112],[-157.9752637794899,21.359162449677502],[-157.97554699491437,21.35934481928241],[-157.9757200153218,21.359598792555342],[-157.97582809901658,21.35982979404175],[-157.97594088811127,21.360250525123778],[-157.97609159750473,21.360246912663243],[-157.97627765028048,21.360360947469548],[-157.97628178417864,21.3606319741879],[-157.97621254867573,21.36087997799673],[-157.9760126818915,21.36119043082977],[-157.97570385193606,21.361567978753886],[-157.97557538831884,21.36183820817578],[-157.97540292287513,21.362022355865417],[-157.9753798169876,21.362568737470497],[-157.97536359030528,21.36299321116425],[-157.97539637057614,21.363305059231894],[-157.97541072800206,21.363838116291653],[-157.97554004611683,21.364308630116696],[-157.97551477609846,21.364647230977226],[-157.9755544819558,21.365175923747714],[-157.97589426539184,21.365200551635066],[-157.97618408348134,21.365130027761456],[-157.97652710500978,21.365208873849802],[-157.97684352866287,21.36495332271159],[-157.97708655849704,21.36502253486259],[-157.97719433435185,21.36529870191581],[-157.97745514434234,21.36558482176257],[-157.9778799282975,21.365867409037403],[-157.97821264857194,21.366041041767033],[-157.97872846499573,21.366062203809474],[-157.97910183814474,21.365937975317287],[-157.97920676758682,21.365757934871244],[-157.97916245685477,21.365369231968103],[-157.97942082519265,21.365140427200128],[-157.97973966595092,21.365056518645105],[-157.98047443611355,21.365142221650196],[-157.98097888710947,21.36506394137597],[-157.98158401669727,21.364895923799185],[-157.98197746972966,21.364830524716634],[-157.9824526738768,21.36514502250649],[-157.98283277105676,21.365440882499065],[-157.98323272115525,21.365655560387346],[-157.98344779840417,21.365932368252764],[-157.98370119902614,21.36624553837728],[-157.9841764898584,21.366722637823337],[-157.9846097808792,21.36717238475478],[-157.9848634370174,21.367449422467473],[-157.98504498471604,21.367694411342537],[-157.98544457470334,21.368311078096003],[-157.98582508101475,21.368724375245673],[-157.98625723948862,21.369165080748946],[-157.9867329445091,21.36975961699317],[-157.98705512544862,21.370240317794384],[-157.9873979601661,21.370698559813984],[-157.98763026063284,21.37110193918472],[-157.98784227789932,21.37164973606154],[-157.98798802700776,21.37219262143125],[-157.9882054532258,21.372830785353834],[-157.98838479537915,21.373572610139586],[-157.98852445808842,21.374124493476923],[-157.9886912816414,21.374233890381884],[-157.98891941235826,21.374194596574547],[-157.98924583637043,21.374237193332554],[-157.98960090678244,21.37449676671368],[-157.9898473849345,21.374769242494136],[-157.99004917249178,21.37487884674881],[-157.99035280547463,21.375255551980587],[-157.99066806742948,21.375519403523267],[-157.9909396182816,21.375828163630896],[-157.9913442286552,21.37677458989823],[-157.99155664325107,21.377268186808493],[-157.9916385428988,21.377982335561857],[-157.99169376856034,21.37854275322801],[-157.991691689907,21.378845368696805],[-157.9918582117931,21.378999931886742],[-157.99165754732886,21.37942783749571],[-157.99145873815334,21.379760899287877],[-157.9913854504261,21.38060059488636],[-157.991392477346,21.381332363613012],[-157.99149688071563,21.382105366160108],[-157.99161624810912,21.38280618581478],[-157.99183148197952,21.383417242161766],[-157.99216963213732,21.38403806551078],[-157.99216291676913,21.38431355396667],[-157.991920697299,21.384646356034686],[-157.99180305787115,21.385097336665513],[-157.99180461152417,21.385923927689202],[-157.99164384091182,21.386510156462407],[-157.99139904465773,21.387041681807734],[-157.99064001160804,21.387660466788457],[-157.98982116729,21.38785882484864],[-157.9895329725834,21.38803777196778],[-157.98856529839696,21.38831201775138],[-157.9880591239167,21.388453519930394],[-157.98772454940627,21.38845151371871],[-157.98739492210404,21.388431468324796],[-157.9867549581551,21.38839149213519],[-157.98621575274032,21.388252750077378],[-157.98553643982135,21.38814929935751],[-157.9851762138247,21.38828263670317],[-157.9848176915362,21.388343715498547],[-157.98458999167124,21.38849139764894],[-157.98462166740487,21.388270268130203],[-157.98448661440884,21.388097817268253],[-157.9841137645045,21.38831237811139],[-157.98379474892164,21.388762132234156],[-157.9840128645783,21.388257569093142],[-157.98407720106786,21.387846933203758],[-157.9837020824264,21.38786725799976],[-157.98338868588291,21.3880279723376],[-157.98320454813484,21.38780554221483],[-157.98290563870486,21.38744240334342],[-157.98302830042783,21.388183887696584],[-157.98315530216266,21.38882151419519],[-157.9831808406245,21.389137839173607],[-157.98298881701342,21.390573003905317],[-157.98274001927754,21.390806372862233],[-157.98225039704678,21.390993121041472],[-157.9821222038739,21.390874912319894],[-157.9819727645054,21.390517187816798],[-157.9821711582951,21.39007574701236],[-157.98190337497843,21.38974440946888],[-157.98192752534098,21.389392250209966],[-157.9821216298409,21.38887399822053],[-157.98130304721383,21.387297237775783],[-157.98165314276315,21.386192752338356],[-157.98196268153455,21.386239785847614],[-157.98177894497442,21.385439217830566],[-157.98172162855684,21.384838148273975],[-157.98164756201956,21.384218910433287],[-157.98163729264792,21.383961395547786],[-157.9816047274989,21.383789562828],[-157.9815329129547,21.383192923123676],[-157.98136401777262,21.383033819362105],[-157.9809538285258,21.382724211213272],[-157.98077845511222,21.382456669087528],[-157.98031486798828,21.38254421016757],[-157.9799291729874,21.382180547009042],[-157.979688529492,21.381763559213077],[-157.97955545007648,21.381482719114974],[-157.97960255227164,21.381297818413966],[-157.97959809546867,21.381071956627128],[-157.97967682588947,21.380846596229418],[-157.97910192007956,21.380992180197083],[-157.9782932069846,21.381470586883136],[-157.9777198841199,21.382253027312842],[-157.9775667993666,21.38345805489257],[-157.9774575865452,21.384595597716153],[-157.97693063691494,21.38546864363471],[-157.97713829785755,21.3849098346269],[-157.9772717370867,21.384102155590075],[-157.97721834176406,21.3834604641928],[-157.97726955244124,21.382860055230775],[-157.97732991099107,21.38250360303773],[-157.9773540148125,21.38233211507137],[-157.97733381798693,21.381943559408068],[-157.97736089242912,21.381519155160063],[-157.97741943884463,21.381076874346526],[-157.97737880976842,21.38067915901957],[-157.97716250012954,21.380059067030146],[-157.97685824900154,21.379429412501874],[-157.9764995294999,21.37883104394593],[-157.97621010983602,21.378495060682344],[-157.9760189198187,21.378250006465414],[-157.9759398507323,21.378005628223818],[-157.9757990756562,21.37779249294214],[-157.97566914297792,21.377407791523172],[-157.9755990817606,21.377082168647007],[-157.9755124242648,21.37671579513079],[-157.97544052747375,21.376480495537017],[-157.97555561703462,21.37622825563552],[-157.97577663788442,21.37599924134337],[-157.97591990580972,21.37585557425629],[-157.9761406974835,21.375486540881404],[-157.9762160347457,21.375229544414395],[-157.97616412514344,21.37506663052494],[-157.9759101310409,21.375010897318877],[-157.97545528368974,21.374886202039367],[-157.97512716704873,21.374396419662624],[-157.9748706288528,21.374015472351193],[-157.9746561251605,21.37365735971838],[-157.97459405688662,21.373223387738687],[-157.97454602095476,21.373024363956233],[-157.97443992795561,21.372852089746374],[-157.97416626851808,21.372678803985206],[-157.97392541091781,21.37246958433288],[-157.97385152122126,21.37234718741553],[-157.97365006669793,21.372192403440295],[-157.9734107057404,21.37211417428402],[-157.9732504606928,21.371928023188946],[-157.97304558257426,21.37174611865568],[-157.97285824704184,21.37164110272518],[-157.9727564111443,21.371550153952317],[-157.97257082216976,21.371368364216437],[-157.97231375898542,21.371235827350354],[-157.9720381964348,21.371161875464487],[-157.97173242932945,21.37109676684624],[-157.97138278639628,21.371099137880776],[-157.97104164549052,21.371092527940746],[-157.9707360053219,21.371009351762154],[-157.9704576789332,21.37098505929275],[-157.97019588396992,21.371010550327938],[-157.96999941102294,21.37100482583979],[-157.9697049702121,21.371043667019713],[-157.9694564984218,21.371060206312436],[-157.96909987729526,21.371026396674463],[-157.96880096196068,21.371015524452005],[-157.9685276504991,21.371135792765873],[-157.96846388014492,21.37128896546646],[-157.9684002361985,21.371424074188116],[-157.96815747218457,21.371657445874206],[-157.9680877366449,21.371973182295335],[-157.9681627002379,21.372285290353396],[-157.968140202079,21.37256969939798],[-157.96806380521141,21.37280409362633],[-157.968119225772,21.373152214572425],[-157.96815516845433,21.373355684434845],[-157.9679907305403,21.37359405344383],[-157.96789202934485,21.373742494842148],[-157.9680795919071,21.373815916147343],[-157.96818596562233,21.373947552950693],[-157.96800982042635,21.374136167471757],[-157.96782885438526,21.37432475123441],[-157.96764192329925,21.37450426482643],[-157.96790984301606,21.374808529265653],[-157.9681915335744,21.375212243848875],[-157.96830406195267,21.37549748387757],[-157.9684076739912,21.375850418934252],[-157.9685378422473,21.376198999178786],[-157.96858365169007,21.37654254375773],[-157.9686879007175,21.376805149956436],[-157.96876162937437,21.377121767192797],[-157.96877327073867,21.37735218822916],[-157.96892111523556,21.377587962423846],[-157.96913799435316,21.377778994322654],[-157.96918986520956,21.37811806070166],[-157.96914972811612,21.37833912764243],[-157.96903693852133,21.37860491538486],[-157.9692367517791,21.37882294211015],[-157.96930721629613,21.378918224647062],[-157.96934560454335,21.37911719216456],[-157.9692797697381,21.379392301715615],[-157.96929337947944,21.379514333866315],[-157.96953542257103,21.37955647247664],[-157.96974567699326,21.37966164746996],[-157.9697873638776,21.379905799642618],[-157.96982867250495,21.380204151747574],[-157.96989215744594,21.380606521119304],[-157.96995453090295,21.38099533419976],[-157.97011357815657,21.381181492835424],[-157.97019708320352,21.38148010295516],[-157.97024093064937,21.38176040401393],[-157.9703568931673,21.382416026528965],[-157.9704134948489,21.382768670970027],[-157.97041381223826,21.383238401419252],[-157.97036031727546,21.38364456967989],[-157.97029689225266,21.384091326146038],[-157.97021316185814,21.384682489093834],[-157.9702000887734,21.384998570975096],[-157.97013964666513,21.385364046294985],[-157.9700881497203,21.38565731135683],[-157.9699699292908,21.38600888058091],[-157.96975115950184,21.386427582915502],[-157.96954943011627,21.386652174212728],[-157.96912950434043,21.386699274675564],[-157.96884239538576,21.38672009084437],[-157.96858777238992,21.386921772175306],[-157.96840311018116,21.38711936809621],[-157.9682784791793,21.38718183250319],[-157.96809638973696,21.387185227682348],[-157.96783120390452,21.38717456193478],[-157.96764610142444,21.387092123586463],[-157.96739595293099,21.38717188127238],[-157.9672256033692,21.387220514913327],[-157.96699998041444,21.38724170734746],[-157.96677058369485,21.38728545979611],[-157.96650482762632,21.38718445598351],[-157.96617793393833,21.387033392570014],[-157.96573573715565,21.386990014755163],[-157.96534738167088,21.387005684426494],[-157.96535607053443,21.38714123576158],[-157.9653136104577,21.38734873933895],[-157.96521959246905,21.387515273893573],[-157.96501062615036,21.387568182274343],[-157.96474445779765,21.387525889674176],[-157.9645994563914,21.387570159974032],[-157.9644928850302,21.38746561847355],[-157.96428637088093,21.38734239515622],[-157.96405237322244,21.387354497748387],[-157.9638012077168,21.387407145794363],[-157.96364770275326,21.38746039507026],[-157.96339025395037,21.38754913662081],[-157.96322120204084,21.387584224745023],[-157.96307991369463,21.387614967258553],[-157.96284112561727,21.387622523264277],[-157.96270637701,21.387581038194924],[-157.9625445036803,21.387453571765267],[-157.9623474128694,21.38736201846769],[-157.96213734648248,21.387229736454405],[-157.9618475040724,21.38729569164481],[-157.9617092234237,21.387412266899176],[-157.9614582513159,21.387437811993454],[-157.9612665481366,21.387436623146183],[-157.96100234238446,21.38745756943703],[-157.96081761813682,21.387492556236385],[-157.9606611031476,21.387459970637916],[-157.96036257453156,21.387390368208536],[-157.96012981432284,21.387397957721387],[-157.95990821507692,21.387532083158],[-157.95991510746117,21.387410175921815],[-157.95981482447988,21.387269540342487],[-157.95963490274298,21.387137440399787],[-157.95951170043915,21.38716829207123],[-157.95943681836533,21.387185894018096],[-157.95924373041282,21.38704016259945],[-157.95904175574026,21.386957609332043],[-157.95887908554892,21.386943050361964],[-157.9587781279132,21.386897256661555],[-157.95865227140675,21.386792591889034],[-157.9584485574478,21.386615177776402],[-157.95829606181726,21.386356782451113],[-157.9581996529959,21.386180034400393],[-157.95801756202135,21.385844673944046],[-157.95794356246597,21.385568698534705],[-157.95782032656186,21.3852653193305],[-157.95764695622697,21.384975177020433],[-157.9576415956898,21.384966109579576],[-157.95732399033645,21.38469765509313],[-157.95698524778732,21.384519398187493],[-157.95662308618387,21.38441326259152],[-157.95633310163203,21.384330156994697],[-157.95608912467046,21.3842202384325],[-157.95592234410068,21.38410628563964],[-157.95564486684327,21.383960025049774],[-157.95537703636572,21.3838138222805],[-157.9550488285064,21.383680796028237],[-157.9548383232254,21.383611734155007],[-157.95454961119844,21.383519601163254],[-157.95426424638552,21.383296505457356],[-157.9540413485323,21.383105417304353],[-157.9537895176848,21.382914146635503],[-157.9535109240088,21.382587210331415],[-157.95321750761315,21.382309864284373],[-157.9529560983392,21.382109501251882],[-157.95279936423918,21.382108521202163],[-157.95280410313728,21.382289216113687],[-157.95282943436968,21.38245648927251],[-157.95303161982008,21.38284618147794],[-157.9532595765796,21.383172803516242],[-157.9534081219719,21.38347634365657],[-157.95357586205037,21.383793555497395],[-157.95354234206403,21.38392884472713],[-157.95321360670815,21.38370096147025],[-157.95314708998188,21.38356053013126],[-157.95291474280722,21.383342280993094],[-157.95281205609086,21.383201624677124],[-157.95268730372962,21.38294339688209],[-157.9525722904713,21.382671681331356],[-157.95246875443328,21.382481336355443],[-157.95228820034419,21.38243955714005],[-157.95223310658506,21.38255664583205],[-157.95220617647362,21.3827823081331],[-157.95221840575093,21.382926916023518],[-157.95222650168014,21.383143765657433],[-157.95228748544918,21.383383526380715],[-157.95233911257716,21.383582581423408],[-157.95238344258885,21.38379062229399],[-157.95238589822424,21.383953237373962],[-157.95236929036844,21.384084115782223],[-157.95237308025764,21.38422867094528],[-157.95224339873786,21.384322709381934],[-157.95199894073545,21.384280530650276],[-157.9517342460133,21.38420209495624],[-157.9515068303994,21.384137438517456],[-157.9512973369532,21.384095479113704],[-157.9511702163662,21.38399983517579],[-157.9510324079742,21.383881539019125],[-157.95085073315465,21.383659086896436],[-157.95068701287514,21.383454814227793],[-157.95054652339067,21.383205520656407],[-157.9503561509625,21.383019147391686],[-157.95016894489916,21.38289602624374],[-157.9499623919558,21.382948932847157],[-157.94974251232267,21.383010787169052],[-157.94961748265297,21.38296032036544],[-157.94951590740177,21.382833218471415],[-157.94933029487743,21.382655907114255],[-157.94917801291797,21.38237040487011],[-157.94898715759888,21.38225177665779],[-157.94881976827935,21.382223625590562],[-157.94853008534417,21.382099860570463],[-157.94824281323667,21.3819761083719],[-157.9480352113742,21.381839307706837],[-157.94786240994625,21.38172530671428],[-157.94765298766964,21.38167431013695],[-157.94749996133234,21.381492684193347],[-157.94722963575632,21.381360002518072],[-157.9468292272782,21.38120841038535],[-157.9466906759207,21.381193980401235],[-157.94663877501355,21.38136979987582],[-157.94654125200194,21.381518228725383],[-157.9464537666312,21.3816125221944],[-157.94631059721434,21.381905193764734],[-157.9463114839114,21.38211748197428],[-157.94628222964454,21.38232957816211],[-157.9462309494154,21.382586700218038],[-157.94607444669336,21.382721205287865],[-157.9458540349895,21.38252107278995],[-157.9455079399206,21.38219367527655],[-157.94514128492304,21.381875177413107],[-157.94476831192864,21.38159728802429],[-157.9444505025491,21.3811932827624],[-157.94417864414964,21.380938617148768],[-157.94403441886965,21.380707347865876],[-157.9439571894233,21.380548772126033],[-157.94407507246456,21.380084307186966],[-157.94408350885067,21.37991724372836],[-157.94379037886304,21.379937958683435],[-157.94346205800483,21.37999006548311],[-157.94315589303793,21.37997907967251],[-157.94257354125816,21.37981276227665],[-157.942022959494,21.379755047063586],[-157.9415716333119,21.37981088070083],[-157.94123330792834,21.379912603958424],[-157.94089442963448,21.380091106565075],[-157.9404198357993,21.38019647411162],[-157.93994214493551,21.38022955334879],[-157.94026971787073,21.380114211886248],[-157.94066682698008,21.380053517030525],[-157.94100176171855,21.379920155991922],[-157.9414744666052,21.379742510138183],[-157.94193967219408,21.37960094571106],[-157.94235004113946,21.37954033402317],[-157.94287725860124,21.379661132452892],[-157.94319652152444,21.379694786514644],[-157.94345185553124,21.379732549055532],[-157.94367401586166,21.37968879900549],[-157.94380900877314,21.379527059271005],[-157.94383038307615,21.37940524419459],[-157.9438436097054,21.37924272795068],[-157.94368762402024,21.378970734498843],[-157.94346992410243,21.378729959964534],[-157.9432262243317,21.378583870519698],[-157.9426554654196,21.377478153480958],[-157.942650836214,21.377283906344637],[-157.94279465819452,21.37706802284227],[-157.94299041939485,21.3768389233423],[-157.9429931873372,21.376622140217478],[-157.9429947153144,21.376409865427956],[-157.9430130566301,21.376206731551754],[-157.94297506063236,21.375958070449187],[-157.94293156044625,21.375804224692075],[-157.94288059790833,21.37568194859146],[-157.9427959421208,21.37555042248956],[-157.94250751102123,21.375422109530195],[-157.94226345875498,21.375325697009632],[-157.9420091752095,21.37514340192875],[-157.94174417101846,21.374942969754784],[-157.94148503403744,21.374765157654874],[-157.94125522311595,21.374700451120287],[-157.9410774469432,21.37460897843231],[-157.94095164247096,21.37449977165834],[-157.94076181103972,21.374408219861223],[-157.94079918420897,21.37457557769751],[-157.9408766672492,21.374698026267453],[-157.94093043035937,21.374933239704955],[-157.9408973270726,21.375176930892724],[-157.94070361680912,21.375455727582448],[-157.94049113849638,21.375662133579798],[-157.94011486384818,21.37584490962255],[-157.93944334367407,21.376007721959425],[-157.93915035143243,21.376010359924067],[-157.9387470947495,21.376089072771613],[-157.93847541114062,21.3761460471061],[-157.93827091338983,21.376248620210447],[-157.93811805739614,21.376545744857708],[-157.93807328500458,21.37673516134603],[-157.93792753516982,21.376883279863435],[-157.93767621449425,21.376958450816662],[-157.9374208871899,21.376920676120477],[-157.93717181815362,21.376851325856965],[-157.93689176092641,21.376732088669876],[-157.93662034384275,21.376585807108455],[-157.9362996566403,21.376416623961124],[-157.93611175151642,21.376225710424077],[-157.93584769833393,21.37606140796779],[-157.93557321641958,21.376005439061096],[-157.9352984973056,21.376148207426027],[-157.9352015923446,21.376210819464244],[-157.9350742181002,21.376318402223298],[-157.93481324695952,21.376560630203766],[-157.93450678854882,21.376757395751923],[-157.93423213532583,21.376891130406587],[-157.9345307426962,21.37661301142431],[-157.93473495480296,21.376383970216917],[-157.9347900305732,21.376104281950372],[-157.9347975656093,21.375896556492624],[-157.93473357540688,21.375742572520252],[-157.93459849179797,21.37558361290651],[-157.93439621921615,21.375379053382744],[-157.934186558344,21.375029905747663],[-157.9341644125624,21.374758754068225],[-157.93413402403104,21.374460449556597],[-157.9341547290836,21.374099235409],[-157.9342092878188,21.373724691422073],[-157.93434501389748,21.373296469083094],[-157.93445306334027,21.37319327931288],[-157.9345246507852,21.373130505991952],[-157.9347589567324,21.373073298845423],[-157.93508094942183,21.372894704654332],[-157.93525615470892,21.37267450983054],[-157.93536710691032,21.372503585724143],[-157.9354677629897,21.372255812716993],[-157.935526092944,21.37202583125026],[-157.93561680922915,21.371818644907318],[-157.93564255635044,21.371592971979553],[-157.93580772718354,21.371259798326335],[-157.93595735575093,21.370908457739187],[-157.9361017698633,21.37061128401572],[-157.9360913152791,21.370389897628016],[-157.93609920671457,21.370132492021646],[-157.93620295336612,21.369957009906976],[-157.9363146481918,21.36984932933557],[-157.93652337434798,21.369660971930266],[-157.93667130570475,21.369377371933943],[-157.93673308498418,21.369170000589488],[-157.93689297090165,21.368900029039544],[-157.9370867071076,21.36878384512645],[-157.93726161287435,21.36860430301799],[-157.93744143816065,21.36824412508248],[-157.93758734518192,21.36790631208396],[-157.9377421463972,21.367672441120448],[-157.93790506050277,21.367316672605167],[-157.93797091007053,21.367213211439196],[-157.9381161299906,21.366970246241042],[-157.9382293877486,21.366645772649516],[-157.93834430718798,21.366258077012272],[-157.93825086596703,21.36584193773758],[-157.93808046788644,21.365398198451356],[-157.93782008079705,21.36506228001541],[-157.9375855965203,21.36464522626804],[-157.93741419167722,21.364174379467762],[-157.9372342517424,21.363717027835296],[-157.93703290534333,21.363386002684415],[-157.93726178433988,21.363577186053572],[-157.9374004156582,21.363745201827275],[-157.9375911094558,21.364049054114634],[-157.93780379638878,21.364479517490835],[-157.93809604810295,21.364743375447016],[-157.9383494682853,21.364708877929154],[-157.93861099899385,21.3645524816217],[-157.9388286751279,21.364459035639555],[-157.9391214203512,21.364320908545736],[-157.93942833684235,21.36405640277322],[-157.9395048715286,21.363975597279758],[-157.9392752698249,21.36405089880048],[-157.9390304539125,21.364062868664604],[-157.9388991181846,21.364052988238985],[-157.93866000429335,21.364110160553672],[-157.93847360742987,21.363878604960213],[-157.93838550828082,21.363724468872835],[-157.9386090178562,21.363491042093603],[-157.93866486234958,21.363437203099824],[-157.93830445140227,21.363263240915987],[-157.93809753149947,21.362868948344026],[-157.93801634384027,21.36225866558116],[-157.9381678834475,21.361807973432867],[-157.93820170502914,21.361297804098506],[-157.9384416323748,21.36096060239785],[-157.9386031694304,21.36062741100182],[-157.9388168004975,21.360258422123653],[-157.93911227490833,21.359908030023735],[-157.9393593654625,21.35957990979505],[-157.93959593180912,21.35937367156935],[-157.93993085758706,21.359235819814078],[-157.9399277611393,21.359163532717144],[-157.94001683662387,21.359015057333252],[-157.940137577337,21.358821620186472],[-157.9402739569382,21.358632801406163],[-157.94039235299275,21.358430315124792],[-157.94047266278528,21.35832695114355],[-157.94052768784059,21.358218907818063],[-157.94063217303545,21.35810666576953],[-157.9407757829671,21.357917893037357],[-157.94085355149625,21.357832577454204],[-157.94100038765546,21.357698028700025],[-157.9410805343486,21.357617245061157],[-157.94131172175517,21.357487756712658],[-157.94139212675782,21.357370841650525],[-157.9415214997894,21.357150361722198],[-157.9416676825828,21.356939022646042],[-157.94181028205767,21.356723144682473],[-157.94190469366958,21.35650243776996],[-157.94199754384874,21.35633140504519],[-157.9422426688273,21.356107156490904],[-157.94239820115948,21.35593652734673],[-157.94264124000225,21.355667097978568],[-157.94278250078713,21.355469277994498],[-157.94297667178097,21.355289867297177],[-157.94319328982996,21.3551738338265],[-157.94354833870324,21.355085793210222],[-157.94364591057678,21.35492834035002],[-157.94373829868024,21.354653422822505],[-157.9438676000036,21.354441975396995],[-157.9439542900525,21.35428897005192],[-157.94395692319222,21.354090255514006],[-157.94389022350012,21.353809792362007],[-157.9438211434375,21.35335768280462],[-157.94357774316057,21.35334255922374],[-157.94349483236806,21.353473005543904],[-157.94341260782653,21.35367572378806],[-157.94331503408497,21.353666059517977],[-157.94316640766712,21.35371478316936],[-157.94299174912962,21.353695586850428],[-157.94272420800303,21.353684823533975],[-157.94259953032508,21.353756283671373],[-157.94236495824464,21.35368701633055],[-157.94219010124417,21.353527802440475],[-157.94228526165668,21.353370335169526],[-157.94231076713288,21.353176281822574],[-157.94227469913042,21.352995383772537],[-157.9421262351897,21.353021522210984],[-157.9420410765573,21.353129371001124],[-157.94194376559076,21.353250691673487],[-157.94181759058992,21.353529907846383],[-157.94170245924963,21.35378209561401],[-157.941553739317,21.354011483565696],[-157.9414653517401,21.354065111405546],[-157.94136624618304,21.354100603377937],[-157.9412264478677,21.354095180659947],[-157.94109775874315,21.354053698580927],[-157.9410176132423,21.353967363601623],[-157.94098470666984,21.353849716046128],[-157.9409226748308,21.353758979984246],[-157.94079949282568,21.353789799121188],[-157.94061776686922,21.353915089171068],[-157.94040906313086,21.35393631995537],[-157.94021801824496,21.353849265030433],[-157.94001785008857,21.353689882912988],[-157.9397278622509,21.353448617386906],[-157.93948563529335,21.353270896375154],[-157.93942392961603,21.353134994836065],[-157.93936385388153,21.352940385361546],[-157.93931400735732,21.352831661958604],[-157.93921855006053,21.35269554177456],[-157.93898375333814,21.352490765541518],[-157.93881587375603,21.352367722550174],[-157.93863695081427,21.35227171108747],[-157.9384881293254,21.352180409460125],[-157.93868741525822,21.352127503838762],[-157.93894179122867,21.35212463912276],[-157.9391652496922,21.352062856923457],[-157.93943096343472,21.351992314342088],[-157.9397532970811,21.351759538832994],[-157.9400468656977,21.351671110043434],[-157.94019382803353,21.351685612092542],[-157.94020937011686,21.35187089897178],[-157.94045283458323,21.352044111466164],[-157.94073802868522,21.351946594516328],[-157.94092258658503,21.35176260654836],[-157.94124146353107,21.351507223659613],[-157.9415360397285,21.35144590006014],[-157.94177331234448,21.351474537273834],[-157.94211427916508,21.351332213071363],[-157.94229401650082,21.351315311071268],[-157.94261211548383,21.351335436378204],[-157.94303622732144,21.351365282246608],[-157.9434021229561,21.351444434140774],[-157.94367555757717,21.351473301577368],[-157.94369196982296,21.351202409580573],[-157.94366339072084,21.35098542590426],[-157.94363529909276,21.350700695576027],[-157.94350537051724,21.350496605779348],[-157.94338511765295,21.35028806239625],[-157.94332464716913,21.350147654669577],[-157.94326583734582,21.349944024728913],[-157.94324843666692,21.3498490622309],[-157.94314577951795,21.349708381808973],[-157.9429986829779,21.34954482912423],[-157.94285298741326,21.349354185433246],[-157.94303982056172,21.349188280181753],[-157.94325063107172,21.349040595631262],[-157.94341802056718,21.349064262846333],[-157.94352969961906,21.349123703434852],[-157.9436496221519,21.349210296403918],[-157.94381167081266,21.34930619553957],[-157.9440144100393,21.349443007575456],[-157.944177275459,21.34959311002536],[-157.9443447990507,21.34976582604894],[-157.94447635687675,21.349911209879732],[-157.9446560642373,21.350065937504773],[-157.9448294218374,21.350265789440865],[-157.9449612078221,21.350379556662],[-157.94509934312518,21.35044819837494],[-157.94545002025205,21.350464014814865],[-157.9456261392127,21.35044708647827],[-157.9458087133303,21.350538597341604],[-157.94588716357154,21.35052555473083],[-157.94588355402433,21.35069264565341],[-157.94599644937006,21.35091920497263],[-157.9461642681721,21.351051271104588],[-157.94632911776267,21.35109298424563],[-157.94658410942392,21.35100429641086],[-157.94676331929978,21.350892538609955],[-157.94697850645966,21.350975225820168],[-157.9471179042923,21.350867726976286],[-157.94727858766285,21.350986187951452],[-157.94749397549552,21.35120885082728],[-157.9476676172957,21.35120090647422],[-157.94775159771967,21.351088516617196],[-157.94772686690374,21.351007063402392],[-157.94780472257577,21.35090818545732],[-157.94784198392537,21.35075485463428],[-157.94806231179896,21.35079236760599],[-157.94827677593446,21.350807260014257],[-157.94856102245447,21.350840655475764],[-157.94858311745605,21.350953707990527],[-157.94856009592775,21.351138743140485],[-157.9485647015481,21.35133750335093],[-157.9485433780894,21.351621913899567],[-157.94858965689787,21.351893199116244],[-157.94879370271838,21.35201642463409],[-157.9490904031525,21.352162810525744],[-157.94934625146473,21.352290876588143],[-157.9496108910775,21.352369313048456],[-157.94998018605563,21.35214127573694],[-157.95036939172653,21.35199465941753],[-157.950775096491,21.352069458467778],[-157.95102679405338,21.352441391994194],[-157.95108683053206,21.352812128320625],[-157.95119319681473,21.35277214339806],[-157.9513179468185,21.352858736867738],[-157.95144491596022,21.35297244384999],[-157.95148087239656,21.352832654320494],[-157.9514693196424,21.352593202448624],[-157.9516173466686,21.352458626846392],[-157.9518191646486,21.35238762046064],[-157.9521265454561,21.352389538460336],[-157.95215446708642,21.3520238682427],[-157.95229061781708,21.351695004342773],[-157.9525721204857,21.351606427526285],[-157.95297276486335,21.351545691813403],[-157.95330306066361,21.351376118607103],[-157.95366741528406,21.351333221564623],[-157.95385310921864,21.35166408980773],[-157.95378756630254,21.352065660962282],[-157.95369527790848,21.352498679580606],[-157.95358365618833,21.35276898180108],[-157.95328578697143,21.353123939658147],[-157.95304131090597,21.35342954462473],[-157.95289905445503,21.35360028955814],[-157.952786771453,21.353793803927736],[-157.95271312640273,21.35397852499605],[-157.9525470626689,21.354275586628603],[-157.9524390215362,21.35455042461062],[-157.95251709940328,21.354758675440756],[-157.9528521115934,21.354774314045507],[-157.95305937992353,21.354784640418814],[-157.95334382895143,21.35479092867777],[-157.95351711930232,21.354832658654434],[-157.95362420814612,21.355199170335982],[-157.9539163880086,21.354966126902067],[-157.95407248238183,21.35505291456361],[-157.95421531733004,21.35513961951816],[-157.95435453714708,21.355226302750737],[-157.95454774380963,21.355349454067408],[-157.95455648788712,21.355137228406104],[-157.9544181991553,21.354919569416765],[-157.95451119433474,21.354725933865968],[-157.95473148177163,21.3546008404109],[-157.95486906213705,21.354579113053987],[-157.95506972507502,21.354670694225337],[-157.95505918073187,21.3544583475794],[-157.95503258083394,21.354300098755623],[-157.9550808464773,21.354124253741965],[-157.95512812977717,21.35391678213484],[-157.95512102362449,21.35355992566999],[-157.9553701105002,21.353453076059637],[-157.95554039666663,21.35340896793592],[-157.95577402141234,21.353442036591442],[-157.95590374315447,21.35367770777933],[-157.95605093576006,21.353999302065755],[-157.9562418274961,21.35410888761873],[-157.9562439003315,21.35398695196956],[-157.9561777904737,21.35362069459771],[-157.95617539450785,21.353449048700515],[-157.95620957647185,21.3532189143981],[-157.9563962058741,21.353080057281403],[-157.95659808854975,21.35300001315076],[-157.9564560225118,21.352804914079865],[-157.95631820375007,21.35269114424024],[-157.95639314593993,21.35249287819858],[-157.95642948323524,21.352298889336193],[-157.9564096464773,21.352036801535103],[-157.95653918351564,21.351789192117355],[-157.95660922610895,21.351771560718824],[-157.95614867818773,21.351610618436382],[-157.95582267121083,21.351346628432744],[-157.9557625743705,21.350813294284038],[-157.95603854218297,21.350485296137023],[-157.95638570956976,21.350315820594975],[-157.9569188004428,21.350445595748244],[-157.95724232040527,21.350890232576898],[-157.95737447188242,21.351293032705584],[-157.95750232117157,21.35111316009141],[-157.9576268423739,21.350892617474692],[-157.95782746397452,21.35064996422248],[-157.95819100494234,21.35038122146048],[-157.95855265534902,21.350378945249282],[-157.95887340884954,21.350534498307606],[-157.95916744841804,21.35071698594755],[-157.95936426978884,21.350840153214783],[-157.95958246968593,21.351008620832626],[-157.95982398680047,21.351118514076244],[-157.96000863720906,21.351088041481212],[-157.96015192108345,21.351111510403026],[-157.96021595594908,21.35126095621541],[-157.96045218344705,21.351266933686723],[-157.9606616675467,21.3513043631463],[-157.9608502844616,21.351224229828347],[-157.9609897296162,21.351279292098475],[-157.9612331567746,21.351289830096405],[-157.9614674191108,21.351232561988436],[-157.96161152508316,21.35131023620046],[-157.96165431180358,21.35139631634447],[-157.96199916298494,21.351213265286837],[-157.96217708282498,21.351282113807017],[-157.96255808560173,21.351270916244456],[-157.96260192030442,21.35137958627627],[-157.96265650632787,21.351501872157503],[-157.96270312618688,21.35172799193015],[-157.96286674403925,21.351774167783944],[-157.96298951052484,21.35163039430495],[-157.96318021982657,21.35159543854128],[-157.96327357157668,21.35169086189847],[-157.96344981616514,21.351655817450737],[-157.96355094420412,21.35167450806345],[-157.96374650679087,21.351635064512227],[-157.96407694743442,21.35161451920493],[-157.9644128788123,21.35149915722783],[-157.96459521338093,21.35145511402223],[-157.96471746852902,21.351383599574863],[-157.96480730950603,21.35112218821031],[-157.96496772800913,21.350937994123726],[-157.96521359860654,21.350944024305914],[-157.96553008009386,21.35102275707163],[-157.96572145553847,21.350892950761615],[-157.96578690053843,21.350672038785312],[-157.9658042259438,21.350437278324293],[-157.96599160502402,21.35036164855941],[-157.96630291489086,21.350318397332032],[-157.96660588285914,21.35026154382276],[-157.96666193590298,21.35017607291535],[-157.96666155899658,21.349887003695095],[-157.96679114236974,21.349630350840076],[-157.96711615752253,21.349523948436584],[-157.96738993854413,21.349503048017336],[-157.96772951243491,21.34938318441797],[-157.9679157480785,21.34912687873254],[-157.96812478674047,21.349055894847442],[-157.96832145733123,21.349030002081726],[-157.96845411304943,21.348850150072423],[-157.968687166675,21.34862123081193],[-157.96864291651775,21.348399641273907],[-157.96855524161248,21.348182304903943],[-157.96844948744356,21.347964854763568],[-157.96836888530012,21.34777014541218],[-157.96828241748312,21.347552813613223],[-157.9680443220297,21.347641685868325],[-157.9679011990634,21.347767273554794],[-157.96787703042605,21.347604524954537],[-157.9678994262866,21.347333663868717],[-157.96790082317457,21.34713493917353],[-157.96783437030086,21.346985481158125],[-157.96772560262582,21.346853829690826],[-157.96758233818124,21.346654162734236],[-157.9674713387605,21.346495354165263],[-157.9673537661121,21.346241628932706],[-157.96715239373754,21.3460777484467],[-157.9669086904611,21.346107875086716],[-157.96669848555018,21.346174353211445],[-157.9666162188249,21.34639070573305],[-157.9664376356671,21.34641671512732],[-157.9662761788442,21.346406687530195],[-157.96599130281166,21.346463667451733],[-157.96578502804633,21.346484988607074],[-157.96579185015267,21.346543762774182],[-157.96572279834865,21.346593032934077],[-157.96545362308083,21.34664559149074],[-157.96510796601575,21.34660280324365],[-157.96507721541641,21.346345095184212],[-157.96508018298138,21.34609211283001],[-157.96539985714566,21.34605793602248],[-157.9656542204654,21.346054985202045],[-157.9658066619883,21.34597459972371],[-157.96593271047269,21.345875982364667],[-157.9661413540134,21.34568751413143],[-157.96627853423072,21.34554830300382],[-157.96615668795664,21.345389428688275],[-157.966124008547,21.345235619228617],[-157.96603952635635,21.345076973862145],[-157.9657938872544,21.345039319749798],[-157.9655384768626,21.34501967711234],[-157.96549615350864,21.34486580997504],[-157.96568012279837,21.344758511600816],[-157.96576144603407,21.34467769006453],[-157.96566428606664,21.344609324653906],[-157.96555262756607,21.34454538701652],[-157.96540997809865,21.344431563192867],[-157.96530763994232,21.344241183344575],[-157.9652233810782,21.344050913886154],[-157.9651382331577,21.34381546073105],[-157.96519633137527,21.343607996943373],[-157.96526090736458,21.343509000482253],[-157.96531285282708,21.343319568031518],[-157.9652346210486,21.3431293365959],[-157.9651750577028,21.343201255934332],[-157.96497567159312,21.343272314865906],[-157.96471250002313,21.343329430147296],[-157.96450717349668,21.343215219387528],[-157.96449948414266,21.342935064216896],[-157.9646810390529,21.342827752878986],[-157.964969744411,21.342739169816664],[-157.9651810235493,21.342690772302078],[-157.96519179960535,21.342528195203926],[-157.96506252643894,21.342224702955583],[-157.96505641884858,21.34189034329644],[-157.96499981205307,21.341537600572302],[-157.9648175571646,21.341572623639916],[-157.96467955878015,21.341829293951466],[-157.96457520098713,21.341756366523477],[-157.96461889776413,21.341539778140937],[-157.96467937459155,21.34133684351487],[-157.96445257725264,21.341190877177567],[-157.96416950872336,21.340990352195917],[-157.96421688519123,21.34076474969258],[-157.96432069914897,21.340742798688556],[-157.96459491302372,21.34083032427506],[-157.96487880141393,21.34091339011877],[-157.96520177499124,21.34057653389681],[-157.9653703416718,21.340256799253062],[-157.96562217834818,21.340095703437136],[-157.9658129838254,21.33987098049717],[-157.96623335246207,21.339394663409372],[-157.96666006780325,21.3390448837437],[-157.9666543436316,21.33882799072445],[-157.9667404726833,21.338575517571172],[-157.96700301529793,21.338260872301785],[-157.96720694785066,21.33805429938101],[-157.96743076136553,21.33776200626202],[-157.9676973988581,21.33755129724206],[-157.96785454289548,21.33731281180876],[-157.96805675284247,21.337006831048214],[-157.9682389240388,21.33680915641059],[-157.96838632942695,21.33658416282494],[-157.9684798752391,21.33630462515321],[-157.9685194956032,21.335979577288946],[-157.96852574349433,21.335600111211672],[-157.9685336179756,21.33533360256077],[-157.96860438706955,21.335035852024802],[-157.9686437559556,21.334746947481026],[-157.96865369709224,21.334530147745813],[-157.96863464890853,21.334322206130942],[-157.96865660900932,21.33410999995107],[-157.96862259638453,21.333974254624003],[-157.9684439376954,21.33401382298609],[-157.9683598839875,21.33396813062829],[-157.96838809178118,21.333724335878244],[-157.96843888524182,21.33352585890512],[-157.96846433872525,21.33333174349755],[-157.96841753865448,21.33312815133911],[-157.96846391759877,21.33287091404178],[-157.96866746341593,21.332718547200166],[-157.96888284215066,21.33259787874499],[-157.96904804140928,21.332413652816715],[-157.9688794170197,21.332222871139937],[-157.96877185448923,21.332091194434383],[-157.9687160847477,21.331964351642476],[-157.96872326953238,21.331797233913786],[-157.96876525013667,21.331652915184975],[-157.96881842114485,21.331458970603233],[-157.9688200512577,21.331224047737695],[-157.968800501765,21.331088391143453],[-157.9687182182811,21.330961388405754],[-157.96841000769578,21.33108600778675],[-157.96828250520036,21.331049086607017],[-157.96811513451001,21.331025476430092],[-157.96792251827264,21.33099267416539],[-157.96765581822282,21.331040741767637],[-157.96747585110748,21.330922178138994],[-157.9673005787392,21.330821712489602],[-157.96713652922995,21.330667101336868],[-157.96696036650886,21.330521451607325],[-157.96674436853175,21.330384595575836],[-157.9665130789115,21.330193430079653],[-157.96637501263803,21.33011578138232],[-157.96620773930428,21.33007861592699],[-157.9658221324249,21.330067220690832],[-157.96559060655383,21.3300838772092],[-157.9653998047262,21.330136924491157],[-157.96526818429808,21.33017226202037],[-157.96508937110053,21.33023441694163],[-157.96493682296548,21.330332876537298],[-157.96469934051873,21.330512137903813],[-157.96448361687087,21.330682495135584],[-157.96431377352005,21.33066790108016],[-157.96449470536444,21.330474740630937],[-157.9646526751175,21.3302904745514],[-157.9647241193345,21.330069537723297],[-157.96479971099933,21.329771818487497],[-157.96483385643504,21.329541617683912],[-157.9648092930101,21.329261357277876],[-157.96475656903135,21.329044176434877],[-157.9646821821599,21.328822345963268],[-157.964603616126,21.328681810218715],[-157.9644743652751,21.32855000096124],[-157.96434641593376,21.32840464561023],[-157.9644550530556,21.328034844650986],[-157.96457783986742,21.327710308091728],[-157.96466260140787,21.327480415384777],[-157.96470965686956,21.327299988502784],[-157.96475727776377,21.32703824366321],[-157.96476985575111,21.32678983523334],[-157.96474688398405,21.32662705093605],[-157.96471585329158,21.32641000362943],[-157.9646165053632,21.326138324029536],[-157.9645131667366,21.325920833176436],[-157.96442755653035,21.325753147738585],[-157.96424086242027,21.325390576083155],[-157.96410266783477,21.325159318049575],[-157.96385362127415,21.324751187164516],[-157.96355395692441,21.324342744825884],[-157.96332280325103,21.323961829747248],[-157.96312421904057,21.32357659631354],[-157.9630206630879,21.323390729326945],[-157.9628706340035,21.322956096079313],[-157.96279437999496,21.322657449889096],[-157.96269157351162,21.322191480816134],[-157.96263574233427,21.32190199745707],[-157.9625152227322,21.321557934113354],[-157.96245622587404,21.32103355980277],[-157.96240744530525,21.320771253206086],[-157.96231692848718,21.320445449589233],[-157.96218255469344,21.320187138161355],[-157.96207608942314,21.320073551657458],[-157.9619665160631,21.31988766952264],[-157.9618166981163,21.319769299957947],[-157.96159346358075,21.319636929244723],[-157.96134749083618,21.319481832289835],[-157.96106133785156,21.31921355464846],[-157.96069850004898,21.318881562295044],[-157.9603499354919,21.318576760964728],[-157.9600262036611,21.31833987177477],[-157.95972289722945,21.318112141639112],[-157.95950239568074,21.317934610537776],[-157.9592027371303,21.31770238407258],[-157.95907559889136,21.31761577406843],[-157.95869532650988,21.317364982072252],[-157.958448597948,21.31731829226412],[-157.95817761086835,21.317294039144105],[-157.95797115706932,21.317346979783586],[-157.95776241949173,21.31738183399204],[-157.9574917175431,21.317316925816648],[-157.95727271021966,21.317098743648415],[-157.95701901062438,21.316844210170117],[-157.9566540911123,21.316638680841827],[-157.95638374224134,21.316524081413984],[-157.95588004410553,21.316516463341927],[-157.9554313622369,21.316739566563445],[-157.9551840306489,21.31677869858809],[-157.9549706337469,21.316790934898453],[-157.95473557686591,21.316798521029657],[-157.9543041515675,21.31679585904371],[-157.95389026376145,21.316870098403907],[-157.95351668252945,21.316867792365983],[-157.95312157050643,21.3168427659953],[-157.95276239051108,21.31684958031115],[-157.95222960916425,21.31686435745868],[-157.95193931064347,21.316844492938248],[-157.95154797481334,21.316796897323357],[-157.94950788297956,21.316255727754687],[-157.94843537330735,21.31641621931633],[-157.9477794056603,21.316638017311824],[-157.94761753848644,21.31669122047122],[-157.94707566323265,21.320699291479933],[-157.94622342291848,21.32716767214234],[-157.94914919858806,21.336262119774155],[-157.94437028333277,21.340460314226203],[-157.9421066298726,21.342478617831397],[-157.9418481171815,21.34272541173475],[-157.94170700531137,21.342905200398278],[-157.94163577180882,21.34308995793233],[-157.9416241593409,21.34336545500403],[-157.9415890850201,21.343550448402937],[-157.9415473937794,21.343649564020854],[-157.9414072923279,21.343856464769388],[-157.94122402496066,21.34403146122623],[-157.9410008498023,21.344224267875912],[-157.94080741110506,21.34430433043025],[-157.9395133330973,21.34473412661108],[-157.93553359831537,21.348168369865892],[-157.93449843773294,21.34912368441461],[-157.9333751391762,21.3500964879318],[-157.9325346533367,21.35080013155443],[-157.9312705194824,21.351907520151617],[-157.9304882362439,21.35256185980252],[-157.92790649513458,21.354825963816854],[-157.9277369430056,21.354933259831025],[-157.9274602282359,21.35518890773392],[-157.9271716556696,21.355417378000205],[-157.92633707696217,21.356130090579384],[-157.92615517185573,21.356277955717946],[-157.92375541995287,21.358367092255435],[-157.92086227086986,21.362142512918304],[-157.9195679350434,21.363403440679516],[-157.91896189518815,21.364013839081316],[-157.9171928188328,21.364417984546133],[-157.91458184973774,21.365042511386065],[-157.91434064683588,21.36489188971919],[-157.9131128394226,21.365132368933935],[-157.9106776059368,21.36562698328702],[-157.91004265228463,21.365740299100434],[-157.90912025610874,21.36592401449175],[-157.908444145249,21.36605964181565],[-157.90727398303844,21.366327555426945],[-157.90579238431752,21.367460695912232],[-157.9054275490252,21.367724816889986],[-157.9052039947453,21.367795629475044],[-157.90501526362866,21.36788473698946],[-157.90445171899484,21.36812045908216],[-157.90290523809585,21.368733696707288],[-157.9018869347235,21.36916518193725],[-157.9000875699904,21.369898700087987],[-157.89938971529696,21.370359374853994],[-157.89560393413905,21.37184317807557],[-157.8913009390742,21.373639673901796],[-157.88832686885408,21.37489830664515],[-157.88675742758966,21.375023406072746],[-157.8862452596792,21.375313612181852],[-157.88608695672045,21.375362247468942],[-157.885910707006,21.3753926963887],[-157.88524021654055,21.375415343808776],[-157.8850350332398,21.37544559959083],[-157.8846529154454,21.375596637969057],[-157.88434095804703,21.375716520273677],[-157.88383487255567,21.375839630550708],[-157.8832892147601,21.376093465901906],[-157.88280073378553,21.37643802255837],[-157.8818547992245,21.377009894597965],[-157.881601876328,21.377134684662185],[-157.88143117114527,21.377228403519798],[-157.88092018649158,21.377360503299993],[-157.8799205688943,21.37753902819508],[-157.87948480892985,21.3776083887634],[-157.87896204355758,21.37786236233525],[-157.87828010578485,21.378277883353878],[-157.87799824302675,21.37840247429943],[-157.87773353343624,21.378491041823207],[-157.87713391364161,21.378861938681137],[-157.87699285804268,21.37901908806324],[-157.8769106374594,21.37920825090567],[-157.87673375932374,21.379319991359345],[-157.87655719312613,21.379391079983076],[-157.87641079975344,21.379615948678428],[-157.87622889012374,21.379912850107303],[-157.87615221173482,21.380007193067506],[-157.87595215179405,21.380154913176746],[-157.8758287683408,21.38020828845155],[-157.87568774941195,21.38020282654393],[-157.8755465915096,21.380215431499195],[-157.87538773029388,21.380178229107216],[-157.87515804988092,21.380099898990675],[-157.87500004925374,21.380107873591253],[-157.8748766655167,21.380161249959283],[-157.87469461401395,21.380476216521412],[-157.87449985276845,21.380718825957935],[-157.87429417138458,21.38097039672363],[-157.87418290813326,21.381172913171294],[-157.8741178000635,21.381330570418076],[-157.8740303066123,21.381420322760704],[-157.87370668159352,21.381643998355866],[-157.8735360701366,21.38172415664388],[-157.87318316907033,21.38183471113354],[-157.87246558263192,21.3821776923916],[-157.87171401979518,21.38270563781003],[-157.87129018312405,21.382946698738834],[-157.87100244295638,21.383206745095638],[-157.87075007025155,21.383570918417128],[-157.87066088062426,21.38372389321756],[-157.87061430446994,21.38382295211045],[-157.87049118377374,21.383998285024596],[-157.87031487666863,21.384191325748674],[-157.8700142519632,21.384401595879716],[-157.86959767615593,21.384638184136985],[-157.86918052011475,21.384793462862856],[-157.86899126087397,21.384945762051252],[-157.86883251432994,21.385206673091812],[-157.86870409333648,21.385287112481162],[-157.8681800736338,21.38554103842997],[-157.8679509917155,21.385697584622452],[-157.8677573245824,21.38579564896785],[-157.86746286030353,21.38598788794431],[-157.86717524562835,21.386229858344958],[-157.8669867707887,21.38643636307347],[-157.866587120067,21.386822117546053],[-157.86605774572783,21.3871437574571],[-157.86556413682646,21.387361744638184],[-157.86444750439532,21.387692949149162],[-157.86417051978646,21.387650417451745],[-157.86397726621502,21.387694276486446],[-157.86357666124093,21.387890305407623],[-157.86340056739792,21.38789814433821],[-157.8629777000544,21.38785462205156],[-157.8626483131326,21.38788400305408],[-157.86208326630094,21.387984053428557],[-157.86166623146354,21.3881212457327],[-157.86126079989072,21.388317235289524],[-157.8608842836872,21.388671513694526],[-157.86039598637024,21.38897986123901],[-157.8600841023599,21.389239720749696],[-157.85969624516036,21.389345487546425],[-157.8591732823136,21.389459365691984],[-157.8586968006389,21.389487737256953],[-157.8581738736438,21.389597096428428],[-157.8580383495576,21.38965940926626],[-157.85793846641766,21.38978971898053],[-157.85785002095733,21.39015498895831],[-157.8576151969497,21.390582495574527],[-157.857503712075,21.39065400738342],[-157.8574273698846,21.39070317196827],[-157.8572795753134,21.390792501344595],[-157.85692776295699,21.39122372664991],[-157.8566328851995,21.391465628274144],[-157.856492571162,21.39152339015242],[-157.85613406345072,21.39157514507289],[-157.8554754832156,21.39160677930229],[-157.8551572897254,21.391591053004575],[-157.85503399516912,21.39163086202271],[-157.85496364201234,21.3916845850731],[-157.85481061671896,21.392135232304152],[-157.85480431709556,21.392324899293865],[-157.85475148708332,21.392451012157544],[-157.8546926004419,21.392735175898977],[-157.8546694359387,21.393231881007715],[-157.85460497753905,21.393457285405063],[-157.85450441353805,21.393519835755683],[-157.85429373484334,21.393477742179147],[-157.85417532969353,21.393508550000004],[-157.85406980100416,21.393589132137123],[-157.85401707544546,21.393701693681486],[-157.85401055236105,21.393764886351562],[-157.85394637615627,21.393954158601414],[-157.8538409254298,21.394179283374346],[-157.85376401410687,21.394300714299728],[-157.85361689138114,21.39445779805906],[-157.85332903210065,21.39488041820398],[-157.85288279977993,21.395356155940018],[-157.85275344162744,21.395554014675547],[-157.85253543751682,21.395986145045626],[-157.85219493830954,21.396200623325576],[-157.85187674238927,21.3963384664714],[-157.85162989651843,21.396603269330416],[-157.85149472052734,21.39677398546421],[-157.85117737370382,21.3969570015267],[-157.85105379532197,21.397186516961465],[-157.85094829757162,21.397262580205023],[-157.8507126169284,21.397333234153436],[-157.85027214600302,21.3976870445095],[-157.8501476040686,21.39773135804688],[-157.8499487289897,21.397720958370716],[-157.84976645341263,21.397746806947],[-157.8490892645515,21.397995099434958],[-157.84877833179084,21.39812846842614],[-157.84839001956897,21.39828840607013],[-157.8478542879242,21.398487979526323],[-157.84760190077898,21.398535927665023],[-157.84713138210083,21.398722398853316],[-157.84666756697948,21.398823089405607],[-157.84651475774564,21.398781382136846],[-157.84639656145623,21.398785084046825],[-157.8461031430793,21.39883726178863],[-157.84587313110316,21.398953115280527],[-157.84559691080355,21.399118334746948],[-157.8451975271096,21.39945886131509],[-157.84491446097624,21.3995743479759],[-157.84479718594463,21.399614187828142],[-157.84462703382223,21.399631081257464],[-157.8442499234876,21.399592339347578],[-157.84412073291236,21.39961402975403],[-157.84386217116997,21.39967999728847],[-157.8435447420926,21.39971845497451],[-157.84319724387007,21.39959409327425],[-157.84290928767018,21.399564999160784],[-157.84274498836476,21.39960451571685],[-157.8425453295649,21.399693470611595],[-157.84239191724555,21.399728545043395],[-157.84216279035192,21.39973147433795],[-157.84201526433841,21.399784655884034],[-157.841704347605,21.40022064385047],[-157.84121072419902,21.400583093016035],[-157.8409224028169,21.400752738615118],[-157.84070483328478,21.400818982736165],[-157.84041637670458,21.40085311778275],[-157.84001028934577,21.400818684561084],[-157.83940542690038,21.4009138571049],[-157.83896430368472,21.400888210842748],[-157.8386586504752,21.40080930153526],[-157.83852821678502,21.40083549677049],[-157.83843480339735,21.400907118552738],[-157.83841135703295,21.40097470815664],[-157.83842914834554,21.40116454405139],[-157.8384829000684,21.401381727930893],[-157.83856453431838,21.40142746456071],[-157.83869878441965,21.401681344157815],[-157.83867037229328,21.401766968895885],[-157.8385935534895,21.401874840185254],[-157.83854092007957,21.401973846054524],[-157.83859992144613,21.402136865889425],[-157.83893414090412,21.402568293330333],[-157.83904598245027,21.40275878053733],[-157.83904047283824,21.40299813844869],[-157.8390762108398,21.403206164451145],[-157.83946945194666,21.403493459898197],[-157.83955835793503,21.40353472950847],[-157.8396229703444,21.40359841372373],[-157.8397223983579,21.40383398383357],[-157.8396934882111,21.403982841319348],[-157.83945141863242,21.404554808549303],[-157.83942264970068,21.40468560014718],[-157.83949907070257,21.40478098644994],[-157.83957506106643,21.40493057011215],[-157.83962300058386,21.405120614581705],[-157.83962820751984,21.40522453986791],[-157.8395754327861,21.40534161181666],[-157.83934638878523,21.405638139295814],[-157.8391403280695,21.405925790845643],[-157.83895847733447,21.406353634389607],[-157.83892893180573,21.406430217401837],[-157.83889887849418,21.40672360643021],[-157.8391048720161,21.407054772219546],[-157.83935726137565,21.40731398921855],[-157.83942853751455,21.407449990440437],[-157.83942221445957,21.40763965738219],[-157.83934637683325,21.40792821251352],[-157.83914050762058,21.408495914310617],[-157.83899876818515,21.40888338499665],[-157.83892896736748,21.409018407262174],[-157.83891037866607,21.409081515371366],[-157.8389526104746,21.409230865423062],[-157.83937553968616,21.409730662455086],[-157.83940522147861,21.409789587979795],[-157.83939862166196,21.409861813008067],[-157.8392106748241,21.410145072804706],[-157.83911104711785,21.41023923623161],[-157.83895244286342,21.41031944025367],[-157.83875776884753,21.41038584162186],[-157.83893997331595,21.410676187829097],[-157.83862849542902,21.411026342956365],[-157.8382640337023,21.411367097203257],[-157.83691084939113,21.41230172217659],[-157.8365058439626,21.41258346914833],[-157.83638224101801,21.412659396665354],[-157.83645289652262,21.41302575836141],[-157.83653499119254,21.413166352764605],[-157.83672281624055,21.41320379479913],[-157.83701074995432,21.41339099058421],[-157.83724687148313,21.413573309463626],[-157.83748147529326,21.41364269458537],[-157.83763517815333,21.413725068966478],[-157.83767548735403,21.413964744259218],[-157.83790538428164,21.41447675310666],[-157.83794034350709,21.414630570723553],[-157.83785254435517,21.41490549099198],[-157.8377294203788,21.415225336227902],[-157.83771706592344,21.415414960098534],[-157.8377293299681,21.41554151881639],[-157.83778804924927,21.415740672229397],[-157.83782342841457,21.415993864012545],[-157.83789316868294,21.41632408168039],[-157.83799306778465,21.416500936061475],[-157.8382695041999,21.416922930713056],[-157.83821715845946,21.417442010337602],[-157.83814070321992,21.417807347590898],[-157.83814073024257,21.41795640597927],[-157.83821119691538,21.41804271783504],[-157.83828092309642,21.418070304630824],[-157.83867573819134,21.41816338555967],[-157.83925778886862,21.418217114261452],[-157.83962834457287,21.4183280925711],[-157.83982242061634,21.418338472280276],[-157.84007512169345,21.418407979390285],[-157.84015757735088,21.418503406409926],[-157.84026351006383,21.418680301324244],[-157.8403157473234,21.41878455201888],[-157.84043395426932,21.418934430293948],[-157.84072804031678,21.419108112910557],[-157.84091076549038,21.41918164970394],[-157.84135680329223,21.419202809975662],[-157.84145185550682,21.41923057064318],[-157.84165181489323,21.419412631872785],[-157.8419687039329,21.419753596052118],[-157.8421105020286,21.419817814835394],[-157.8425393676138,21.42002856215091],[-157.8431451089189,21.42044379402912],[-157.8432624670048,21.420548495380196],[-157.84346246600813,21.420726039734692],[-157.84370395940013,21.420994205973443],[-157.84383338036827,21.42109899021263],[-157.8441094217375,21.421268026609173],[-157.84438631293003,21.421635808425513],[-157.84452133620448,21.421794835667928],[-157.844815010581,21.421869135448777],[-157.84492141402882,21.421987310928095],[-157.84554529760194,21.42239814277249],[-157.8457687105496,21.422512607187816],[-157.84612108816629,21.422636997184522],[-157.84634517664597,21.422819220249604],[-157.84655029197913,21.42296065918002],[-157.84735085066046,21.423295917901136],[-157.84746236357825,21.423377988926394],[-157.84756259881812,21.42351418808173],[-157.8476740056926,21.42360980991889],[-157.84790930540652,21.42374693979361],[-157.8480621397704,21.42378864323459],[-157.84827385463308,21.42385785475416],[-157.84833808984604,21.42397122041891],[-157.84837927059627,21.424102494349366],[-157.84843878848116,21.424202275870833],[-157.84863851552706,21.424415946112507],[-157.84871470350782,21.42454294457923],[-157.84880319797645,21.424638408223448],[-157.84916800675387,21.425332007274665],[-157.8492505439701,21.425418395922424],[-157.8493153468794,21.425459493453562],[-157.8494682188408,21.42549668082611],[-157.84957391810912,21.425551611759946],[-157.84986817210844,21.425707208947422],[-157.85026110653757,21.42604416278046],[-157.8504090894847,21.42624392417003],[-157.85055639626174,21.426375926015382],[-157.85073796514118,21.426444929499596],[-157.85083805997317,21.4264456163019],[-157.85119073345066,21.426533860908386],[-157.85179062895946,21.42662380162522],[-157.8519491795355,21.426706194995326],[-157.8523259737253,21.426794602594253],[-157.8526551297441,21.426805895255107],[-157.85274327110437,21.42679294825751],[-157.85302550230426,21.42679036796868],[-157.85342619838593,21.4267524628101],[-157.8538139812628,21.42666929902313],[-157.85399704020242,21.42670217199856],[-157.8541145541124,21.426788799500393],[-157.85457861850207,21.427130747209056],[-157.85469627210082,21.427199307560507],[-157.8550845657148,21.427360057671496],[-157.85575526803953,21.42749563772631],[-157.8558613574525,21.427500881246036],[-157.85622510186136,21.4275620894878],[-157.85648485241842,21.427658720579874],[-157.85671974526574,21.427850037161104],[-157.8568192776157,21.42792298930098],[-157.85738999181004,21.428044327810337],[-157.85775519029423,21.42807392599532],[-157.85784915118512,21.428088117611548],[-157.85810163284916,21.42818921362497],[-157.8584251262636,21.428308861964958],[-157.8588722612527,21.428348049200295],[-157.85891997394694,21.428416127401988],[-157.8589612235049,21.428850034110397],[-157.8590487938181,21.429686261668373],[-157.85917299832306,21.429998775343375],[-157.85926653945353,21.43006716836278],[-157.85951909474846,21.430159229014016],[-157.85990785593242,21.43026125231854],[-157.86014298931562,21.430267371688817],[-157.86021379248137,21.430313022949946],[-157.86020127663025,21.430371657912787],[-157.86020792825818,21.43060206593965],[-157.860208025781,21.43090018426868],[-157.86026104529665,21.431216729624403],[-157.86037240920217,21.43147495279757],[-157.86056702221418,21.431729226359145],[-157.8606377200688,21.431788427551034],[-157.86087202718588,21.432056522567166],[-157.8610197358796,21.43213883124238],[-157.86112582899753,21.43214407158111],[-157.86143145177573,21.432236492226743],[-157.86153682534234,21.432490157035048],[-157.86166084802426,21.43267167760471],[-157.86201916739188,21.432967716644818],[-157.86219593995276,21.433190247751735],[-157.86236031852957,21.433611440540027],[-157.86240216020286,21.433814986003057],[-157.86242501862807,21.433977750971657],[-157.86242006840826,21.434149359069604],[-157.86239016025215,21.434429204938045],[-157.86241368385527,21.434506152656017],[-157.8624613300828,21.434583264258773],[-157.86256707503898,21.43463367073578],[-157.86266703587134,21.434652417506115],[-157.86280197075277,21.434671403567027],[-157.86304913591286,21.434682117774372],[-157.86342571152653,21.434802118394686],[-157.86349630612597,21.434874868564048],[-157.86363139830652,21.435029360407864],[-157.86371934935562,21.435197085751692],[-157.86372565668282,21.435472658943038],[-157.8636143662235,21.435982314649884],[-157.86375459741112,21.436096191587215],[-157.86423147063252,21.43634786232581],[-157.86457297128652,21.43648117159576],[-157.86468506405205,21.436490967422436],[-157.86503151289645,21.43645266754113],[-157.86521951410583,21.436472011450515],[-157.86555461959392,21.436496868913764],[-157.86571360784973,21.436525049556945],[-157.86587310221455,21.436643572236374],[-157.86620191754565,21.436858096309802],[-157.86674359064088,21.436997277282032],[-157.8672377547176,21.43704127756923],[-157.86731955735135,21.437068932658573],[-157.86751340000157,21.437268991127066],[-157.8677018091776,21.437392224666425],[-157.86794310821026,21.43753840034511],[-157.868419415589,21.437708749898146],[-157.86889023551916,21.437964883833605],[-157.86923111907674,21.43817948463765],[-157.86940767711286,21.438275534647158],[-157.86976689576582,21.43845863873701],[-157.86996149754103,21.438717419894463],[-157.87007261586396,21.438853678165025],[-157.87019025449942,21.438926744093244],[-157.87096063894694,21.43912617543753],[-157.8710848515978,21.439285107905864],[-157.8713899413617,21.43944977676058],[-157.87164297061867,21.43948310284114],[-157.87200751663846,21.439444910703347],[-157.87227900043138,21.43974485713813],[-157.87236070051193,21.439786061792706],[-157.87261389661097,21.439954895873363],[-157.8727142012113,21.440086562726304],[-157.87276154141352,21.44020432205075],[-157.87288479468774,21.44033162729845],[-157.87299057224556,21.44053560195217],[-157.8730841067445,21.440920170979105],[-157.8733607357511,21.441179500642868],[-157.87346093489495,21.44132471720815],[-157.87347244097927,21.441397064844182],[-157.87349696178725,21.441659212616575],[-157.87343767134476,21.441997581672418],[-157.87348537588784,21.442381841130963],[-157.87357327406437,21.442558594366297],[-157.87366761811364,21.442681186707304],[-157.87389652710806,21.44287244032117],[-157.8739787402599,21.44300398387079],[-157.87403844727305,21.443239266599623],[-157.87408512276878,21.44360093516869],[-157.87396201256362,21.443925323308225],[-157.87387953768794,21.444141580804605],[-157.87387898103347,21.444213846342095],[-157.87392104913187,21.444390290155],[-157.8740211815397,21.444544540773787],[-157.8740966818074,21.44460828587587],[-157.8741859247873,21.444766979191506],[-157.8742851317629,21.444885088798568],[-157.87433295193736,21.445097705849033],[-157.87431498286261,21.445395701428804],[-157.87433296191804,21.445567465279332],[-157.87450870052047,21.445771909593283],[-157.8745505338907,21.445821879086004],[-157.87460938313924,21.446011986413836],[-157.8745441672332,21.44633676505004],[-157.8744741342719,21.44650341915761],[-157.8744561373923,21.44664783938241],[-157.87452175557632,21.44721289756558],[-157.87455610990355,21.44729443355619],[-157.8745507308338,21.447366668458404],[-157.87468632245083,21.44761601297015],[-157.8747855643904,21.447729603814278],[-157.87483890548683,21.44785192169741],[-157.87480412658792,21.447982679189746],[-157.87459251419673,21.448365191815483],[-157.87458065280828,21.44849610335764],[-157.87460959076984,21.44865439001671],[-157.87463873085818,21.448943672043825],[-157.87456861846792,21.44927745148872],[-157.87408140143089,21.45052084153074],[-157.87398736096986,21.45098545084521],[-157.87403366394935,21.45123871284735],[-157.87408689958815,21.451374579247535],[-157.8741569890543,21.45151507687335],[-157.87419267764153,21.451736647032114],[-157.87415207617784,21.45184026165649],[-157.8738747759463,21.452136510909618],[-157.87363989826994,21.45240594179024],[-157.87346416045392,21.45267125625463],[-157.8733400413382,21.452968535748184],[-157.87331138723582,21.453243876009275],[-157.87348727181717,21.453430255639823],[-157.87375744014747,21.453748263679778],[-157.87375794255115,21.45399669774422],[-157.87377529703573,21.454249763079126],[-157.87378728449755,21.454886731067564],[-157.873834794252,21.455139998457323],[-157.87388231404353,21.455235173996996],[-157.87401715581797,21.45542579472373],[-157.87448748976774,21.455754183500066],[-157.87463449893278,21.45593133661236],[-157.87477596461983,21.456045213383053],[-157.87496457694374,21.456145855372807],[-157.87502860165543,21.45629082792334],[-157.87520514373503,21.456549484041027],[-157.87527658134474,21.456671922556684],[-157.8752879486196,21.456762337741143],[-157.87528211694257,21.456893289741565],[-157.87526415564218,21.457033194067876],[-157.8752524660785,21.45714151927902],[-157.87522974911118,21.457272357746508],[-157.87521792085997,21.45739875247942],[-157.8752003396434,21.45748897302711],[-157.8751888598167,21.45757020071957],[-157.87516510783323,21.45767844661699],[-157.87514186214824,21.45803512837387],[-157.87509446283684,21.458238069118458],[-157.8751179202662,21.45848214145945],[-157.87520668688234,21.458704069151093],[-157.87524185172887,21.459151483255663],[-157.87531218825615,21.45926036265011],[-157.8754535170536,21.459392305770216],[-157.87581244982542,21.45962057060213],[-157.8760184050471,21.459662610632396],[-157.8763537393366,21.459664868894865],[-157.8764531653362,21.45975587548875],[-157.8763417761575,21.459809330546147],[-157.8762533027229,21.459862936761883],[-157.87617699078268,21.460061169343955],[-157.8762472505991,21.460337173642767],[-157.87623599911518,21.46070296997689],[-157.87613007075467,21.46114491541328],[-157.8761418484874,21.46133922373325],[-157.87636587207285,21.461227808055423],[-157.8765947193871,21.46111642536354],[-157.8770306618788,21.461056122733744],[-157.87733019519922,21.461008450674218],[-157.87767146539747,21.460866205111913],[-157.8780897634014,21.4607470592688],[-157.87857688219773,21.460777436380596],[-157.8795302376119,21.46072963719807],[-157.87984789512254,21.460677565033006],[-157.88016021172848,21.460693212432542],[-157.88047159623707,21.460672715669567],[-157.8806779358759,21.460665066266433],[-157.8810660724184,21.460703804028626],[-157.88134237398504,21.460696623592792],[-157.88154257707507,21.46070248110604],[-157.88196031780117,21.460655595527335],[-157.88228935114276,21.460693933602293],[-157.8825778158505,21.460831374615527],[-157.88269020466183,21.460963117657855],[-157.88270767882307,21.46104453937735],[-157.8827541714428,21.461275215890986],[-157.88278984286924,21.461343210120322],[-157.8829191524265,21.461470549093573],[-157.88317843091042,21.46163941282801],[-157.88361392710073,21.461795903376697],[-157.88380193070114,21.46181974459937],[-157.88426634133506,21.461822850285557],[-157.88446082622232,21.461788015514248],[-157.88458986138394,21.46179339478502],[-157.8849902748598,21.46196319870381],[-157.88518444869874,21.461969011732034],[-157.8853196547326,21.461956365594087],[-157.8854964237352,21.462029816476473],[-157.8855496058669,21.462174714939508],[-157.885736790693,21.462465049344733],[-157.88595492080347,21.462651702597917],[-157.88634282939793,21.462880140432652],[-157.88654317848278,21.463026020231677],[-157.88671367787722,21.463131045881575],[-157.88737252524467,21.46358262049154],[-157.88749098620426,21.4637098857524],[-157.88755619846486,21.46385938061183],[-157.88753770776006,21.464387741473985],[-157.88756704019568,21.464496345137793],[-157.88764442055222,21.464632368248086],[-157.88777966588464,21.464773295804537],[-157.88795613972047,21.465045489801017],[-157.88796831024496,21.46519011487437],[-157.88792657446606,21.465284693273386],[-157.88792069141184,21.46558277362655],[-157.8879499900681,21.465695892143906],[-157.88806791060463,21.466053517796016],[-157.88812154307573,21.466139698192524],[-157.88816755791592,21.466275514356514],[-157.88814492497335,21.466555413743947],[-157.88803330299882,21.46695667901826],[-157.8880152825632,21.467105620263546],[-157.8880807033211,21.467228014637733],[-157.88831562994372,21.467428324888495],[-157.88863352522952,21.467823421308992],[-157.88882761742815,21.46815896793416],[-157.88902781056737,21.46848552550743],[-157.88916357722061,21.46855869950054],[-157.88959295722037,21.4685705932663],[-157.8896984624696,21.468657118542755],[-157.89009835626564,21.469694166168672],[-157.89034039875867,21.47007068559383],[-157.89025824589908,21.470404393654803],[-157.89028734381833,21.47054461215685],[-157.89032226628507,21.470711972802423],[-157.89039961706655,21.470852514215334],[-157.89058764193396,21.471034443379796],[-157.890675372386,21.471238291720532],[-157.89077017569466,21.471622863958924],[-157.89084725184017,21.471799539848647],[-157.8910051995229,21.47213033106137],[-157.8909882868887,21.472292832623936],[-157.8906885135391,21.472688336291757],[-157.89060025323982,21.472872946425657],[-157.89057121417463,21.47320249629527],[-157.89061148703917,21.47346023401519],[-157.89056514007956,21.47368577923807],[-157.89043015722805,21.474145616530773],[-157.89037106071163,21.474461415067427],[-157.89034778168084,21.47482713770131],[-157.89031889566496,21.475454813166177],[-157.89026506201077,21.47555382862978],[-157.88987748839193,21.47591261016838],[-157.88969450951078,21.476177896553313],[-157.88963661179824,21.476335605968632],[-157.8894479843876,21.47670926207498],[-157.88940724870338,21.476830950746628],[-157.88937213389295,21.477006880071155],[-157.88941305611633,21.477178800314704],[-157.88962439539097,21.4774692976394],[-157.88994283023442,21.477796644174386],[-157.89015434257212,21.47806455730843],[-157.8903486494315,21.478214913630318],[-157.89049600955454,21.478351405506988],[-157.8906436192903,21.47861437426082],[-157.8906545288713,21.47892612213219],[-157.89076705687043,21.479360506356244],[-157.89078499992618,21.479699400734017],[-157.890772636745,21.479898069638722],[-157.89075536201344,21.48042644552863],[-157.89080302087086,21.48082426094373],[-157.89087386586627,21.48102799802444],[-157.89103274615104,21.481236838848567],[-157.89120911601685,21.481685198069425],[-157.89130853076233,21.48178071696468],[-157.89140853746758,21.481957546518196],[-157.8913854878835,21.482133555326815],[-157.8911739362083,21.482507061868567],[-157.89097430106276,21.482740617428018],[-157.89079772358718,21.48295626068746],[-157.89069135993753,21.483140748477286],[-157.8905970765628,21.483641511322954],[-157.89062721211428,21.48380432486904],[-157.8909689107231,21.484407363076635],[-157.890992184432,21.48452044467116],[-157.89098654632383,21.48478691132154],[-157.89104509710387,21.485180280073365],[-157.89109822460242,21.4853342140262],[-157.89121573859197,21.48542985311939],[-157.89128037451394,21.48549803787581],[-157.89144604473265,21.485607550731952],[-157.8916108526808,21.48567188377915],[-157.89173922548534,21.485767594542512],[-157.89231135439996,21.486692873744],[-157.89252246836003,21.487493789764677],[-157.89251668557017,21.487620227613633],[-157.8924817069726,21.487778090551892],[-157.8924461721229,21.487850126999795],[-157.89227017325155,21.48798898376521],[-157.89203431290713,21.488384913571952],[-157.8920581790138,21.488579303879007],[-157.892270369521,21.488919491161475],[-157.89244146153882,21.48911034403236],[-157.89278833621466,21.489510149033457],[-157.89288192961317,21.489578525109785],[-157.89305934711365,21.490528279834958],[-157.892942107918,21.491033406748297],[-157.89285367887234,21.491398698387183],[-157.89284807552391,21.49166064648677],[-157.89289449099704,21.49190487422785],[-157.8928953322101,21.492112663549516],[-157.89291890095322,21.492505799796664],[-157.89297738198033,21.492750109261785],[-157.892994830656,21.492836048532908],[-157.8931128407965,21.493026547297376],[-157.8933604621816,21.493150151364198],[-157.89345998827736,21.493232119105354],[-157.89356651555943,21.493345753542528],[-157.89369008142222,21.493599527688456],[-157.89376097091935,21.493798746970995],[-157.89390153140104,21.49403908268485],[-157.89426628041153,21.49447062188177],[-157.8945321510656,21.494734374765304],[-157.89488520088688,21.49495805060833],[-157.89496149868054,21.495080516317856],[-157.89512080003328,21.49555586047447],[-157.89523274816588,21.49575083651479],[-157.89540261109738,21.495946195444308],[-157.8955972325202,21.49621850679133],[-157.89561461487625,21.496313479268025],[-157.8956087317375,21.49645346914495],[-157.89562754986665,21.496837539815033],[-157.8957943681228,21.497276795747464],[-157.89587742901924,21.497462542947446],[-157.89605349796162,21.497635357598085],[-157.8961832766726,21.497866583708777],[-157.89628353798008,21.49801179372804],[-157.89645398406688,21.498130363932834],[-157.89668375583904,21.49822222780684],[-157.8968660979374,21.498363461791637],[-157.89701321231294,21.498536084271347],[-157.8971197451753,21.49864971484224],[-157.8971781182775,21.498749474760217],[-157.89724859029494,21.49884479940174],[-157.89724937646895,21.49986113073767],[-157.89713208003246,21.500054583819686],[-157.89709051218097,21.500126580389995],[-157.89704873898933,21.500225677233008],[-157.89704312934086,21.5003295316198],[-157.89704948436466,21.500447017641083],[-157.89708493188238,21.500546626203732],[-157.89712644742326,21.500641757887266],[-157.89716102993643,21.500696191322977],[-157.89720285203055,21.50075067255282],[-157.8972686357692,21.500827896676864],[-157.8974033456152,21.501045604566105],[-157.89760948530042,21.501232163444843],[-157.89772105208243,21.501318725268135],[-157.89783309645597,21.50134204939255],[-157.89795603233623,21.501360930175043],[-157.8980269153594,21.501402052140662],[-157.89822156873865,21.501511744716225],[-157.89841559213858,21.501544646728757],[-157.89868604050602,21.5015238473791],[-157.89888599699353,21.501570336989566]]],[[[-158.07359346344606,21.297773047239197],[-158.0735925367608,21.29792214137258],[-158.07359194792207,21.29801701978942],[-158.07362386762432,21.298116594365492],[-158.07370457497626,21.29792727614997],[-158.0736826330368,21.297773538021676],[-158.07363605910328,21.29770550881492],[-158.07359346344606,21.297773047239197]]],[[[-157.96871460235656,21.326615128718537],[-157.96883167734677,21.32676493218238],[-157.96898794513058,21.326824618403805],[-157.9691454182532,21.326884310067676],[-157.96920055928481,21.326753627623347],[-157.96913039176442,21.326617662453472],[-157.96909656750998,21.32645481023244],[-157.96925333699932,21.32644221108275],[-157.9694101666666,21.32642057612999],[-157.9696040752787,21.326439829492692],[-157.9697800637628,21.326436381856656],[-157.96993667556407,21.32644637026181],[-157.9701329335835,21.326474671631534],[-157.97016866446117,21.326361941076897],[-157.96989521327558,21.326342204637392],[-157.96970967798225,21.32633204075906],[-157.96952312485536,21.32629476236277],[-157.96926543411558,21.326261566564146],[-157.96911309786714,21.326156729115464],[-157.96898517443123,21.326006858413994],[-157.96878919946113,21.32593789445602],[-157.96869970384108,21.32598252923984],[-157.9686599173426,21.326158486737835],[-157.96866196709183,21.326384393572134],[-157.96871460235656,21.326615128718537]]],[[[-157.94254511407135,21.361321328046806],[-157.94255417649833,21.361569803669997],[-157.94292331614167,21.361536047649135],[-157.9435439785136,21.361395511082247],[-157.94389822545983,21.361253258689572],[-157.9441387002629,21.36117350641273],[-157.94438266992842,21.361278959130047],[-157.94459512313983,21.361072561240363],[-157.94470210413195,21.36061255358245],[-157.94506523907376,21.360407124587336],[-157.94539188607564,21.360246626316133],[-157.94565194050068,21.360126351092834],[-157.9457170311524,21.359959653643788],[-157.94564101323945,21.359801082611487],[-157.9455290610586,21.35961066732633],[-157.94539791606817,21.35940657571438],[-157.94528231933865,21.35938776512746],[-157.94517877809847,21.359369032000945],[-157.94508458329085,21.359223894135177],[-157.94492603833928,21.358974460281956],[-157.94490094532947,21.358775567965697],[-157.9450412595878,21.358541606381095],[-157.94521109513624,21.358393651654357],[-157.94548493097182,21.358368314301682],[-157.94585298787615,21.358316483678145],[-157.9460518904367,21.358317762920116],[-157.94627936833044,21.35836890898901],[-157.94640345937978,21.358211625484643],[-157.94635409227521,21.358035160917854],[-157.9464905357753,21.358004421003788],[-157.9466602804728,21.35803712882894],[-157.94687152951715,21.357997838142612],[-157.94689579136573,21.357808296901613],[-157.94686180490143,21.35767258163186],[-157.94699845101866,21.357781856338057],[-157.94710586685906,21.357764482380315],[-157.94732144944413,21.357792955347453],[-157.94750835883687,21.357785095511353],[-157.94761840950923,21.357736101085887],[-157.94767463756887,21.357628056433867],[-157.9477225223224,21.35750640826751],[-157.9477957388584,21.35771914765198],[-157.94789848473326,21.35751202788523],[-157.94798038035964,21.35735445977183],[-157.94844401450266,21.35725348280948],[-157.9487442994645,21.3572372964422],[-157.9490193981412,21.35720288542911],[-157.94921995494715,21.357140908727352],[-157.94921300216566,21.356933101606774],[-157.94906492726514,21.35690507617304],[-157.9487340456919,21.35681718890114],[-157.94848923442794,21.356662092013448],[-157.94817971833672,21.356452391902717],[-157.94795201188333,21.356265783710583],[-157.94772754690266,21.355794651705576],[-157.94765249163203,21.35533348987023],[-157.94753838068175,21.354939832080596],[-157.94731446282762,21.354897780460615],[-157.9471645340365,21.354960057923304],[-157.94688607769203,21.354958265055664],[-157.9467460918078,21.35514705986036],[-157.94676037970459,21.35550848073186],[-157.9467234458984,21.355783755113634],[-157.94669644871823,21.35601844449614],[-157.94656816063096,21.35625699841043],[-157.94648737093576,21.356428107706954],[-157.94632395456438,21.35652190656106],[-157.94605963745354,21.356565369813563],[-157.9458696024453,21.3566725442213],[-157.94573091687093,21.356847799514913],[-157.94560334028094,21.35698699330882],[-157.9454746844059,21.357108112850508],[-157.94537766525835,21.357188787304068],[-157.94518967780803,21.357178543550756],[-157.94510666277986,21.35715542590712],[-157.94497344099818,21.357073269121727],[-157.9448983143599,21.35712698384938],[-157.94489056753886,21.357366316233453],[-157.9446516930086,21.357391876016173],[-157.94449253871878,21.357395367490277],[-157.94422902950944,21.357325920661115],[-157.9439574102489,21.35737836874906],[-157.9437653208541,21.357435846356775],[-157.94363611369013,21.357633743833052],[-157.9436072859319,21.357787124635543],[-157.94349352127549,21.358016738578552],[-157.94335196732294,21.358255208982055],[-157.9432397969593,21.358430634296017],[-157.94316353140502,21.358642424727005],[-157.943036605533,21.358858405166643],[-157.94296098742063,21.358979868211613],[-157.94286715982142,21.359119278508373],[-157.9427431300739,21.359267528191744],[-157.94264656514065,21.359452089034903],[-157.94262284749738,21.359564850907116],[-157.94252758778805,21.35973587050025],[-157.94244981914795,21.359821185031667],[-157.94236886048236,21.360014878999433],[-157.94247624817484,21.360169137324732],[-157.94253375760346,21.36038630950279],[-157.9426005209497,21.360657738367753],[-157.94253650739074,21.361009624544277],[-157.94254511407135,21.361321328046806]]],[[[-158.01348044881138,21.364845127280194],[-158.01363872788053,21.36497252893099],[-158.01394959277542,21.365177611693493],[-158.0141264940259,21.365404495630376],[-158.0142135996892,21.36517915311512],[-158.01430748292069,21.365021604648533],[-158.01418730080724,21.364786016986454],[-158.0138517524138,21.364666616144806],[-158.0137647795653,21.364512528082543],[-158.0138166228219,21.364332149044216],[-158.0139236835816,21.364007548698773],[-158.01398209818882,21.363745901554474],[-158.0138007339447,21.363645466547283],[-158.01379205938807,21.363500871782062],[-158.0135678978368,21.36349052964061],[-158.0133791508567,21.363412636491766],[-158.01345400517414,21.3635756859918],[-158.01354338821025,21.36372978746112],[-158.0134606874242,21.363837712752595],[-158.01326996773878,21.364053416202147],[-158.01321948073496,21.364211217358864],[-158.01288353395574,21.364331214076444],[-158.0125997237888,21.364406343606493],[-158.01235488553675,21.364422979186536],[-158.01215636287338,21.364543777386363],[-158.0119494628155,21.364655491769533],[-158.01229134088499,21.364729764983004],[-158.01253485301638,21.364731190246545],[-158.0127461510461,21.364682739057912],[-158.01301723877992,21.364706908737723],[-158.01330541568296,21.364699559386196],[-158.01348044881138,21.364845127280194]]],[[[-157.94944913314546,21.367404038827868],[-157.9493099821428,21.36747543193674],[-157.94926932624583,21.36759712469506],[-157.94933279993336,21.3676562384383],[-157.94948945212656,21.367666253006387],[-157.94959438786225,21.367490763058054],[-157.94959389288556,21.367391395335027],[-157.94944913314546,21.367404038827868]]],[[[-157.9471219756894,21.36779592101812],[-157.9472301192229,21.367846296034667],[-157.947350275623,21.367734137431],[-157.94720844498696,21.367674526123228],[-157.9471219756894,21.36779592101812]]],[[[-157.9570123222477,21.369352740949022],[-157.9571079773531,21.36929461966747],[-157.95736202382963,21.36934136684862],[-157.957576110039,21.36924333175846],[-157.95771916624025,21.369131305920526],[-157.9578201873641,21.368996435399634],[-157.9577220525761,21.36872482778766],[-157.9579156755691,21.368622149884754],[-157.95829945168194,21.368565819069612],[-157.95863757707065,21.368486618781148],[-157.95888638463083,21.36859204588555],[-157.95911196824045,21.368742495766824],[-157.959254135497,21.36858529589428],[-157.95936210179343,21.368491117511404],[-157.9594468737739,21.368437444444858],[-157.95973684096276,21.368348911019734],[-157.95983400845913,21.368417263904195],[-157.95990954125455,21.368476448526838],[-157.96001873234746,21.36854939108106],[-157.9602376697676,21.368446867270606],[-157.96041793431598,21.36835765127587],[-157.96055711309415,21.36828173189804],[-157.96076262961674,21.36820170604198],[-157.9608666368137,21.367985552761724],[-157.96092409508915,21.367872994133307],[-157.96101657821004,21.3677516163082],[-157.96119274512148,21.367730124828213],[-157.96143629399964,21.367727116579076],[-157.9615987205042,21.367773288618455],[-157.96175413778636,21.367787801208657],[-157.9619561956089,21.367685168855758],[-157.9620975072858,21.367478279568864],[-157.96223843284187,21.367325586395484],[-157.96233405285287,21.367271977964112],[-157.962391543469,21.367154902798614],[-157.96249519467776,21.366988427737446],[-157.96256153916377,21.366812689690306],[-157.96270608207377,21.36666001752606],[-157.96289360790067,21.36656632832062],[-157.96305898812068,21.366535734015716],[-157.96311234972362,21.366490898232207],[-157.96320813423833,21.366243073839442],[-157.96331958475722,21.366166981681424],[-157.96347126493302,21.36602790321627],[-157.96368635738207,21.365956965079672],[-157.96384079652967,21.36576822080075],[-157.963885471428,21.36558783220118],[-157.96399980861418,21.365444005645216],[-157.9642432973994,21.365278392273886],[-157.9644366238648,21.36521635389802],[-157.96463562851662,21.36520403191092],[-157.96493599275962,21.365178785213978],[-157.96525319937933,21.36515815887235],[-157.9655582586159,21.365151008332166],[-157.96568337653733,21.365187912312603],[-157.9657886010336,21.36531051103618],[-157.9659957272805,21.36534340470787],[-157.96608620276655,21.365334929586993],[-157.96630973163118,21.36526403996154],[-157.96639443594728,21.365219396065097],[-157.96652463408657,21.365048564633597],[-157.9666176542845,21.36485040624327],[-157.9666649582797,21.364638414241472],[-157.96675677154957,21.364440247417114],[-157.9668698371943,21.364305444203733],[-157.96704930100543,21.364157499093377],[-157.96723060708376,21.363919232400015],[-157.9673786662201,21.363608495726634],[-157.96731484176988,21.363427435913035],[-157.96739881602386,21.363315036971827],[-157.9674166148074,21.363184163545572],[-157.9675455410898,21.363022357533264],[-157.96760639211868,21.362769799185973],[-157.9677005495839,21.36258067850381],[-157.96778890184726,21.362359906060068],[-157.96788264818298,21.362057867246268],[-157.96807073827387,21.361882874983387],[-157.96813919989953,21.36174779661901],[-157.96825381649853,21.361563318381666],[-157.96847420038858,21.361253023109423],[-157.9686607362231,21.360956069966672],[-157.96884219363707,21.360695219407127],[-157.9689784450224,21.360348272641687],[-157.96916364580886,21.360069378098895],[-157.96922915553805,21.35966779797742],[-157.96901899187282,21.35938195624663],[-157.96879401437883,21.359317342701768],[-157.96858769022813,21.359343174419525],[-157.96844106783522,21.359279039878377],[-157.9682544125868,21.359079160067154],[-157.96812907791383,21.35890224144417],[-157.9678854173272,21.358751692605974],[-157.96771379964338,21.358642238336163],[-157.96747251917373,21.358496221548734],[-157.96729392263188,21.358350589040302],[-157.96684899346093,21.35767938699753],[-157.96671776302344,21.357484364564417],[-157.96654256507625,21.35719873598278],[-157.96642690824484,21.357017358644207],[-157.9663287684814,21.356574122229237],[-157.9663480912601,21.356398092718848],[-157.96651876112918,21.356128143902712],[-157.96650036493057,21.35600156299716],[-157.96646395557107,21.355694206578022],[-157.96644441735816,21.355558588067485],[-157.96649093403286,21.354944608698798],[-157.9662113998537,21.354924821669982],[-157.9659950243313,21.355009307099905],[-157.96586791136755,21.3550853077364],[-157.96554618917273,21.355065259807873],[-157.96541241795234,21.35505991868664],[-157.9653433264348,21.355113691794575],[-157.96516333490365,21.355166782456106],[-157.9650501509674,21.355148018437742],[-157.96486733895478,21.35508817681127],[-157.96475536056084,21.355069418221035],[-157.9645196972987,21.355153782814675],[-157.96434046462014,21.35527011108142],[-157.96416510188683,21.355350329921414],[-157.96402847230502,21.35540820206854],[-157.96381611892627,21.355605624883566],[-157.96364795826833,21.355690402874558],[-157.96349572209272,21.355739147696475],[-157.9633687690196,21.355792563725107],[-157.96326423953332,21.355913867165594],[-157.96309068757355,21.355908280390985],[-157.96285768822173,21.355956523222005],[-157.96266880891355,21.356072788231064],[-157.96239675455232,21.356188540935698],[-157.96230299416894,21.355980195515016],[-157.96210391362882,21.35583443385891],[-157.96171228960935,21.35615269450404],[-157.96152862999816,21.35655353881398],[-157.96122648246103,21.357003334287747],[-157.96113070971552,21.35707952503712],[-157.961040674601,21.357196399563232],[-157.96095301933713,21.35731780584386],[-157.96077990599457,21.35742061760758],[-157.960843881226,21.357579095180206],[-157.96073329029275,21.357704876478156],[-157.96056486874826,21.357825784461518],[-157.96032961314023,21.357851426968395],[-157.96017321370445,21.357976923344793],[-157.9602188508772,21.358171420623815],[-157.96011352985155,21.358234002173326],[-157.95993870527315,21.358237436528174],[-157.96002516807482,21.35845476940848],[-157.9601861440259,21.35870418054442],[-157.96042582929638,21.35890439816495],[-157.96062231002884,21.359077246442922],[-157.96074469104332,21.35915930237786],[-157.96089473493052,21.359250563581377],[-157.96111443878888,21.359378390514948],[-157.9611646118554,21.35961356485738],[-157.9610956673734,21.359816387155792],[-157.9608780657687,21.36007248817231],[-157.96074628425194,21.360125872148018],[-157.96057860757966,21.359971268814103],[-157.96046127187685,21.359857626213056],[-157.96040546824744,21.359906963205447],[-157.96039587704678,21.360069501610763],[-157.96040424222343,21.360250218612677],[-157.96038180898861,21.36035396356549],[-157.96035657852084,21.360511888946558],[-157.96031866537183,21.36058843644953],[-157.96049485560272,21.36056242845508],[-157.96063589706924,21.36056330248343],[-157.96071110582653,21.36066764916134],[-157.9608122924731,21.360848940661352],[-157.9608843976108,21.360881004683236],[-157.96092617205326,21.360939979855633],[-157.96092302466332,21.361043842424472],[-157.9608316647286,21.361007143973392],[-157.96077174358192,21.360957090625877],[-157.96076941926975,21.36111515784396],[-157.96075900707592,21.36122349161644],[-157.9606813452033,21.361295276985373],[-157.9606396663477,21.361222752907953],[-157.96058012755165,21.361118500493546],[-157.96050576148028,21.361235473385413],[-157.96038344364428,21.361144383469288],[-157.96032593162855,21.361094343076644],[-157.96019006504747,21.36104382015167],[-157.9600622293137,21.360880429768148],[-157.95999228122966,21.360884511795575],[-157.95973843854097,21.360810673224066],[-157.9596236311009,21.36085061200416],[-157.95972678825683,21.360923517224442],[-157.95986611152875,21.36099664643079],[-157.95993688353244,21.36104676640298],[-157.96002084022368,21.361277635894375],[-157.9599176698343,21.361376361765974],[-157.95976613202168,21.361325740514275],[-157.9595999672744,21.36129761028315],[-157.9594902055535,21.361305962465167],[-157.95932156614097,21.36128685078553],[-157.95922864911643,21.36129982428121],[-157.95921061814082,21.361462311132065],[-157.95912940377505,21.361525040472678],[-157.95904527590787,21.361488386793464],[-157.95899606386055,21.36162809579364],[-157.95886119816308,21.361776306914],[-157.9589694555061,21.36198022688575],[-157.95901039876247,21.362156629679827],[-157.9591745362771,21.36213054661263],[-157.9592788047855,21.36221701024944],[-157.95925027919625,21.36232974957783],[-157.95916633141445,21.362437628247687],[-157.95916061219418,21.36256405836803],[-157.95914540865076,21.362667845195002],[-157.95911231717008,21.362744423160937],[-157.9589879589666,21.362770750989643],[-157.95885910085659,21.362751885450617],[-157.95874949763967,21.36273765450339],[-157.95857156598453,21.362668801945244],[-157.95844879931113,21.36264093972327],[-157.95833919428682,21.362626710307737],[-157.95816258414987,21.362711429925646],[-157.9580267047039,21.36283253514836],[-157.95787550614273,21.36290386092201],[-157.9576968359449,21.362938884805907],[-157.95750021316908,21.362955730520266],[-157.95728312910913,21.362967929138154],[-157.95710979607307,21.36293071953187],[-157.956965938341,21.36281691069204],[-157.9568495520579,21.3627394045204],[-157.95676587477607,21.362639519747756],[-157.95670715800543,21.36258947065993],[-157.95657859024843,21.362529955113043],[-157.9564429647063,21.362614927596567],[-157.95639563003922,21.362659798720472],[-157.95628411391039,21.36274492273349],[-157.95617533153782,21.36278489470951],[-157.95593259512933,21.36267498640665],[-157.9558926029666,21.362534720999857],[-157.95590203744447,21.36239476477064],[-157.9559364649363,21.362300131107038],[-157.9560293022898,21.362129076661635],[-157.95593760559257,21.361970425065184],[-157.95594411306223,21.361902716614356],[-157.956003357838,21.361708871503783],[-157.95605609217017,21.36158273390158],[-157.9561181831551,21.361497302720785],[-157.95611041877615,21.361402406677186],[-157.9559493200729,21.361509803998743],[-157.9558321786462,21.361707805217524],[-157.95575795435252,21.361635077606362],[-157.95569647522447,21.36163469522909],[-157.95560579169756,21.36184189408261],[-157.95555328100755,21.36193641699674],[-157.95545620061603,21.362026145538255],[-157.95532536580197,21.362115662190586],[-157.9552258722706,21.36220537557313],[-157.955157787044,21.362286251106735],[-157.95511254273947,21.362376302007487],[-157.95530251042086,21.362278117532053],[-157.95537760328997,21.362228903259375],[-157.95547600224938,21.362292748188956],[-157.95551142821253,21.362396850478312],[-157.9555469502774,21.362487403938616],[-157.95567714308532,21.362488213804756],[-157.9556943250126,21.362614786149667],[-157.95573737017236,21.362664738106492],[-157.95575712512897,21.362768742877254],[-157.95566766138276,21.362804318501784],[-157.95548195206027,21.362812195583313],[-157.95528561757544,21.36278839043117],[-157.95509466990154,21.362854951041804],[-157.955030070673,21.362953913789376],[-157.9549233114443,21.363048097003144],[-157.95476891428706,21.363060685265282],[-157.95468462555309,21.36304661107389],[-157.9545332153203,21.362977917606756],[-157.95439463419828,21.362800906773554],[-157.95436044649202,21.362692294914954],[-157.95430206853973,21.362764197284722],[-157.95410208586176,21.36274488510815],[-157.9539431386952,21.362888424957696],[-157.9538359799939,21.362869690778396],[-157.95381527749493,21.36272954694965],[-157.95368645138373,21.36270616058873],[-157.95360607006646,21.36265146016961],[-157.9534894738439,21.36277268177361],[-157.95335132767778,21.362704069944225],[-157.95332554511052,21.362600027371705],[-157.95331563018985,21.362468983989015],[-157.9532011248994,21.362635384640395],[-157.9530690958704,21.36289200744665],[-157.95296345959483,21.363166860304286],[-157.9528919627057,21.36338772926531],[-157.95276133344763,21.36361725896666],[-157.95270198724458,21.363824652394875],[-157.95254348907596,21.36390496183832],[-157.9524156409344,21.36391319646493],[-157.95230433623126,21.363799587760983],[-157.95222750614326,21.363753941182942],[-157.9521389262172,21.363834686583346],[-157.9521089625426,21.363979031385107],[-157.95198995305734,21.364100235882916],[-157.95184093557006,21.364203185559333],[-157.951708182186,21.3643920537648],[-157.95163192700255,21.364603857315494],[-157.95152090310987,21.36478834396633],[-157.95140144139205,21.364972779632957],[-157.95122701065827,21.365089118469136],[-157.95111774193907,21.36519683463128],[-157.95109700094065,21.365399951482136],[-157.95108990826176,21.365548955998033],[-157.95094966231403,21.365773906911112],[-157.95091748091127,21.365891138755213],[-157.9509752280885,21.36607667957349],[-157.95106719252308,21.366366316827712],[-157.95107033823757,21.36660119876259],[-157.95101052546968,21.366704705842626],[-157.9508813861536,21.36689359580824],[-157.95079358889473,21.367033061735146],[-157.95080692423915,21.36719122530419],[-157.95075934023035,21.36743933952182],[-157.95073768425476,21.36760180233881],[-157.95081790426875,21.367679085778597],[-157.95109123678523,21.367725961033393],[-157.95138994782602,21.36776396205804],[-157.9517081412298,21.367774985426184],[-157.95189874319647,21.36775811006472],[-157.9520744464943,21.367632743559984],[-157.95229724197915,21.36766575195904],[-157.95247132174748,21.367599089566905],[-157.95255093709025,21.367423440535255],[-157.95255187240014,21.367292464896593],[-157.95254184650716,21.367007855837535],[-157.95268070659483,21.366977106370978],[-157.9528566476585,21.366987238121688],[-157.9530432448066,21.36702453676636],[-157.95336613057634,21.36705365268236],[-157.95366011716243,21.36707806897079],[-157.95403721942472,21.367112038610095],[-157.95446000141544,21.36716435660317],[-157.954951435175,21.36722613509574],[-157.95550387142134,21.367356042423612],[-157.95573808031335,21.367479449714388],[-157.956010641264,21.36763471021572],[-157.9561215025725,21.36781154926801],[-157.956193850391,21.36797911462037],[-157.95627113489797,21.36830027396982],[-157.95632328005098,21.36842706360382],[-157.95640387313136,21.368621780771665],[-157.9564949991035,21.36886172779337],[-157.95656086679222,21.368753738343152],[-157.95672345358918,21.368777334325387],[-157.95691598586578,21.368828215071293],[-157.9569200225738,21.369108269814877],[-157.9570123222477,21.369352740949022]]]]},"properties":{"moku":"ʻEwa","mokupuni":"O'ahu","other":"O'ahu","gisacres":106437.65114447}},{"type":"Feature","geometry":{"type":"Polygon","coordinates":[[[-157.83745318378774,21.40091836401481],[-157.83762347139788,21.401036986600282],[-157.83804682080756,21.401175438110997],[-157.83820551569335,21.401235259771173],[-157.8384829000684,21.401381727930893],[-157.83842914834554,21.40116454405139],[-157.83841135703295,21.40097470815664],[-157.83843480339735,21.400907118552738],[-157.83852821678502,21.40083549677049],[-157.8386586504752,21.40080930153526],[-157.83896430368472,21.400888210842748],[-157.83940542690038,21.4009138571049],[-157.84001028934577,21.400818684561084],[-157.84041637670458,21.40085311778275],[-157.84070483328478,21.400818982736165],[-157.8409224028169,21.400752738615118],[-157.84121072419902,21.400583093016035],[-157.841704347605,21.40022064385047],[-157.84201526433841,21.399784655884034],[-157.84216279035192,21.39973147433795],[-157.84239191724555,21.399728545043395],[-157.8425453295649,21.399693470611595],[-157.84274498836476,21.39960451571685],[-157.84290928767018,21.399564999160784],[-157.84319724387007,21.39959409327425],[-157.8435447420926,21.39971845497451],[-157.84386217116997,21.39967999728847],[-157.84412073291236,21.39961402975403],[-157.8442499234876,21.399592339347578],[-157.84462703382223,21.399631081257464],[-157.84479718594463,21.399614187828142],[-157.84491446097624,21.3995743479759],[-157.8451975271096,21.39945886131509],[-157.84559691080355,21.399118334746948],[-157.84587313110316,21.398953115280527],[-157.8461031430793,21.39883726178863],[-157.84639656145623,21.398785084046825],[-157.84651475774564,21.398781382136846],[-157.84666756697948,21.398823089405607],[-157.84713138210083,21.398722398853316],[-157.84760190077898,21.398535927665023],[-157.8478542879242,21.398487979526323],[-157.84839001956897,21.39828840607013],[-157.84877833179084,21.39812846842614],[-157.8490892645515,21.397995099434958],[-157.84976645341263,21.397746806947],[-157.8499487289897,21.397720958370716],[-157.8501476040686,21.39773135804688],[-157.85027214600302,21.3976870445095],[-157.8507126169284,21.397333234153436],[-157.85094829757162,21.397262580205023],[-157.85105379532197,21.397186516961465],[-157.85117737370382,21.3969570015267],[-157.85149472052734,21.39677398546421],[-157.85162989651843,21.396603269330416],[-157.85187674238927,21.3963384664714],[-157.85219493830954,21.396200623325576],[-157.85253543751682,21.395986145045626],[-157.85275344162744,21.395554014675547],[-157.85288279977993,21.395356155940018],[-157.85332903210065,21.39488041820398],[-157.85361689138114,21.39445779805906],[-157.85376401410687,21.394300714299728],[-157.8538409254298,21.394179283374346],[-157.85394637615627,21.393954158601414],[-157.85401055236105,21.393764886351562],[-157.85401707544546,21.393701693681486],[-157.85406980100416,21.393589132137123],[-157.85417532969353,21.393508550000004],[-157.85429373484334,21.393477742179147],[-157.85450441353805,21.393519835755683],[-157.85460497753905,21.393457285405063],[-157.8546694359387,21.393231881007715],[-157.8546926004419,21.392735175898977],[-157.85475148708332,21.392451012157544],[-157.85480431709556,21.392324899293865],[-157.85481061671896,21.392135232304152],[-157.85496364201234,21.3916845850731],[-157.85503399516912,21.39163086202271],[-157.8551572897254,21.391591053004575],[-157.8554754832156,21.39160677930229],[-157.85613406345072,21.39157514507289],[-157.856492571162,21.39152339015242],[-157.8566328851995,21.391465628274144],[-157.85692776295699,21.39122372664991],[-157.8572795753134,21.390792501344595],[-157.8574273698846,21.39070317196827],[-157.857503712075,21.39065400738342],[-157.8576151969497,21.390582495574527],[-157.85785002095733,21.39015498895831],[-157.85793846641766,21.38978971898053],[-157.8580383495576,21.38965940926626],[-157.8581738736438,21.389597096428428],[-157.8586968006389,21.389487737256953],[-157.8591732823136,21.389459365691984],[-157.85969624516036,21.389345487546425],[-157.8600841023599,21.389239720749696],[-157.86039598637024,21.38897986123901],[-157.8608842836872,21.388671513694526],[-157.86126079989072,21.388317235289524],[-157.86166623146354,21.3881212457327],[-157.86208326630094,21.387984053428557],[-157.8626483131326,21.38788400305408],[-157.8629777000544,21.38785462205156],[-157.86340056739792,21.38789814433821],[-157.86357666124093,21.387890305407623],[-157.86397726621502,21.387694276486446],[-157.86417051978646,21.387650417451745],[-157.86444750439532,21.387692949149162],[-157.86556413682646,21.387361744638184],[-157.86605774572783,21.3871437574571],[-157.866587120067,21.386822117546053],[-157.8669867707887,21.38643636307347],[-157.86717524562835,21.386229858344958],[-157.86746286030353,21.38598788794431],[-157.8677573245824,21.38579564896785],[-157.8679509917155,21.385697584622452],[-157.8681800736338,21.38554103842997],[-157.86870409333648,21.385287112481162],[-157.86883251432994,21.385206673091812],[-157.86899126087397,21.384945762051252],[-157.86918052011475,21.384793462862856],[-157.86959767615593,21.384638184136985],[-157.8700142519632,21.384401595879716],[-157.87031487666863,21.384191325748674],[-157.87049118377374,21.383998285024596],[-157.87061430446994,21.38382295211045],[-157.87066088062426,21.38372389321756],[-157.87075007025155,21.383570918417128],[-157.87100244295638,21.383206745095638],[-157.87129018312405,21.382946698738834],[-157.87171401979518,21.38270563781003],[-157.87246558263192,21.3821776923916],[-157.87318316907033,21.38183471113354],[-157.8735360701366,21.38172415664388],[-157.87370668159352,21.381643998355866],[-157.8740303066123,21.381420322760704],[-157.8741178000635,21.381330570418076],[-157.87418290813326,21.381172913171294],[-157.87429417138458,21.38097039672363],[-157.87449985276845,21.380718825957935],[-157.87469461401395,21.380476216521412],[-157.8748766655167,21.380161249959283],[-157.87500004925374,21.380107873591253],[-157.87515804988092,21.380099898990675],[-157.87538773029388,21.380178229107216],[-157.8755465915096,21.380215431499195],[-157.87568774941195,21.38020282654393],[-157.8758287683408,21.38020828845155],[-157.87595215179405,21.380154913176746],[-157.87615221173482,21.380007193067506],[-157.87622889012374,21.379912850107303],[-157.87641079975344,21.379615948678428],[-157.87655719312613,21.379391079983076],[-157.87673375932374,21.379319991359345],[-157.8769106374594,21.37920825090567],[-157.87699285804268,21.37901908806324],[-157.87713391364161,21.378861938681137],[-157.87773353343624,21.378491041823207],[-157.87799824302675,21.37840247429943],[-157.87828010578485,21.378277883353878],[-157.87896204355758,21.37786236233525],[-157.87948480892985,21.3776083887634],[-157.8799205688943,21.37753902819508],[-157.88092018649158,21.377360503299993],[-157.88143117114527,21.377228403519798],[-157.881601876328,21.377134684662185],[-157.8818547992245,21.377009894597965],[-157.88280073378553,21.37643802255837],[-157.8832892147601,21.376093465901906],[-157.88383487255567,21.375839630550708],[-157.88434095804703,21.375716520273677],[-157.8846529154454,21.375596637969057],[-157.8850350332398,21.37544559959083],[-157.88524021654055,21.375415343808776],[-157.885910707006,21.3753926963887],[-157.88608695672045,21.375362247468942],[-157.8862452596792,21.375313612181852],[-157.88675742758966,21.375023406072746],[-157.88832686885408,21.37489830664515],[-157.8913009390742,21.373639673901796],[-157.89560393413905,21.37184317807557],[-157.89938971529696,21.370359374853994],[-157.9000875699904,21.369898700087987],[-157.9018869347235,21.36916518193725],[-157.90290523809585,21.368733696707288],[-157.90445171899484,21.36812045908216],[-157.90501526362866,21.36788473698946],[-157.9052039947453,21.367795629475044],[-157.9054275490252,21.367724816889986],[-157.90579238431752,21.367460695912232],[-157.90727398303844,21.366327555426945],[-157.908444145249,21.36605964181565],[-157.90912025610874,21.36592401449175],[-157.91004265228463,21.365740299100434],[-157.9106776059368,21.36562698328702],[-157.9131128394226,21.365132368933935],[-157.91434064683588,21.36489188971919],[-157.91458184973774,21.365042511386065],[-157.9171928188328,21.364417984546133],[-157.91896189518815,21.364013839081316],[-157.9195679350434,21.363403440679516],[-157.92086227086986,21.362142512918304],[-157.92375541995287,21.358367092255435],[-157.92615517185573,21.356277955717946],[-157.92633707696217,21.356130090579384],[-157.9271716556696,21.355417378000205],[-157.9274602282359,21.35518890773392],[-157.9277369430056,21.354933259831025],[-157.92790649513458,21.354825963816854],[-157.9304882362439,21.35256185980252],[-157.9312705194824,21.351907520151617],[-157.9325346533367,21.35080013155443],[-157.9333751391762,21.3500964879318],[-157.93449843773294,21.34912368441461],[-157.93553359831537,21.348168369865892],[-157.9395133330973,21.34473412661108],[-157.94080741110506,21.34430433043025],[-157.9410008498023,21.344224267875912],[-157.94122402496066,21.34403146122623],[-157.9414072923279,21.343856464769388],[-157.9415473937794,21.343649564020854],[-157.9415890850201,21.343550448402937],[-157.9416241593409,21.34336545500403],[-157.94163577180882,21.34308995793233],[-157.94170700531137,21.342905200398278],[-157.9418481171815,21.34272541173475],[-157.9421066298726,21.342478617831397],[-157.94437028333277,21.340460314226203],[-157.94914919858806,21.336262119774155],[-157.94622342291848,21.32716767214234],[-157.94707566323265,21.320699291479933],[-157.94761753848644,21.31669122047122],[-157.94742231273494,21.31669000961162],[-157.94581319530243,21.317230984522006],[-157.94522579249727,21.317299547864422],[-157.94437154401234,21.317438697871918],[-157.94377047005256,21.31722709193389],[-157.94308157429506,21.31682519905549],[-157.9424423999447,21.316211304973802],[-157.94165950325228,21.31564167334096],[-157.9406561019885,21.315404922835363],[-157.93957235164441,21.315113448562816],[-157.9385838714317,21.314813540842128],[-157.9376893612124,21.31451874256432],[-157.9369902023929,21.31403997856797],[-157.93611517481648,21.31371819732909],[-157.9349954587011,21.313403884985014],[-157.93353517154284,21.31335843104901],[-157.9323044340401,21.31306598251026],[-157.93161881742932,21.312718290760515],[-157.93097648534442,21.31238442624391],[-157.93011783146338,21.312302138896932],[-157.92967903234648,21.31198764041547],[-157.92912263181785,21.311437496269285],[-157.927967811632,21.310982895399206],[-157.92723039176502,21.31080199603649],[-157.92678974396307,21.310577828111175],[-157.92636548341866,21.310254385384084],[-157.9258874103915,21.310206144799434],[-157.92508885262598,21.310313943776556],[-157.9245129655111,21.3104593082296],[-157.92304117897885,21.310508560027472],[-157.92266750612194,21.3106868364975],[-157.92255029915387,21.311061001467888],[-157.92265357166877,21.311608239698142],[-157.92256000266846,21.312045795828084],[-157.92222977419843,21.312215317075278],[-157.92169481452922,21.312862348681364],[-157.9209099612067,21.31373362947102],[-157.92019053172885,21.314225888457393],[-157.91946825331235,21.31444709946914],[-157.9192168927127,21.31470747494548],[-157.91955031944067,21.314926439683685],[-157.92050830262818,21.315104247346497],[-157.92160311888813,21.31568946812932],[-157.92217447809261,21.31583768204745],[-157.92337367097764,21.315827352257138],[-157.9240410504332,21.316030410044636],[-157.92433657527104,21.31632592861993],[-157.92522025999347,21.317113089302058],[-157.92407763539182,21.318126593037324],[-157.92342278283553,21.319016755554728],[-157.9228305432555,21.32007896639942],[-157.92270422066395,21.32071054495476],[-157.92214697612576,21.322260827617235],[-157.9222474032944,21.322537014733438],[-157.9225930496385,21.32257087274869],[-157.92286559771225,21.32271266946674],[-157.92228208250097,21.323070256440165],[-157.9215749018566,21.32336383913341],[-157.92098852861983,21.32361754323372],[-157.92049412427264,21.323655017837634],[-157.9195729314059,21.324371820998],[-157.91862452461314,21.32485355592872],[-157.91779274947584,21.325372172462625],[-157.91733305033526,21.325771226075414],[-157.91723114719457,21.326190657563817],[-157.91734559417705,21.326855406793317],[-157.91663652404839,21.326909549850036],[-157.91499036349936,21.326885357406535],[-157.91455292090416,21.326878009377435],[-157.91420186291077,21.327088040123442],[-157.9134391829573,21.327548358586405],[-157.91167812170474,21.328232566994398],[-157.9110137150233,21.328603169184344],[-157.91049380093781,21.329155388709083],[-157.91003038652855,21.32956342923036],[-157.90970993970794,21.32954327755485],[-157.90921623823462,21.32915611799426],[-157.90914005353764,21.32951698611605],[-157.90894462090696,21.329868045246478],[-157.90855413781108,21.329865502216656],[-157.90806185016166,21.329776475039868],[-157.90741499849975,21.329727090753636],[-157.90680333246019,21.32997154128537],[-157.9065007970317,21.329974085151438],[-157.90617332159354,21.33025200464044],[-157.90593003986166,21.330390445971975],[-157.9054695557158,21.33040099211768],[-157.90519406883524,21.3304940504651],[-157.90496812789095,21.330569364774014],[-157.90461326391738,21.33063931894539],[-157.90419171211033,21.33076304115742],[-157.90409770502296,21.330925041588397],[-157.90386764672348,21.330905467970727],[-157.90354354924744,21.330889797691075],[-157.90341110917913,21.331033477058057],[-157.9029609998848,21.331107321510387],[-157.90303385192678,21.330872912060794],[-157.90174906539903,21.33135685852475],[-157.9013643045815,21.33139499023015],[-157.90105955515165,21.331370407523448],[-157.90088640043334,21.331640292780847],[-157.90055694804605,21.331534241046477],[-157.90051831416727,21.331543022406358],[-157.9000400111247,21.331679912028182],[-157.89946888115523,21.33165809644389],[-157.89883891487162,21.331929495895242],[-157.8984793679835,21.33246466017337],[-157.8982081384326,21.33295523223235],[-157.8977912179939,21.333264165502968],[-157.89762514850008,21.33355216251604],[-157.8975836319932,21.33362416084073],[-157.8975717984191,21.33391768908134],[-157.89766968084632,21.334044809650422],[-157.89810466472943,21.334061220310492],[-157.89859094259253,21.33398762723928],[-157.89921152217585,21.334167867818604],[-157.8994633999556,21.334494747908355],[-157.89940599924157,21.334918970018364],[-157.89906482845763,21.335413600454967],[-157.89966366680574,21.336086052342687],[-157.90016257474855,21.33593574905968],[-157.90064061782715,21.33599760815469],[-157.9011825906603,21.33653868726126],[-157.90124973037527,21.33707213663532],[-157.90102169304387,21.33742748723942],[-157.90045873199628,21.33759995534091],[-157.90021375613068,21.337801614946862],[-157.8996274395559,21.337711940636005],[-157.89980474471645,21.33850358311808],[-157.90002666759554,21.338807680358734],[-157.90032674279902,21.338814168582275],[-157.90055344977912,21.339285425599304],[-157.90053455685336,21.33955632273246],[-157.90117051240452,21.3402651506774],[-157.90109473238522,21.340729906236895],[-157.9006097046738,21.340794479858054],[-157.9006301086579,21.34129148539813],[-157.90075765447392,21.34164464884667],[-157.90068010622463,21.341860956958648],[-157.90036334989296,21.34182725962206],[-157.90035061105078,21.342242739928214],[-157.90024047792443,21.34262596356703],[-157.8996894764665,21.34297015435406],[-157.89878224923137,21.343077115422254],[-157.8981107138749,21.342774575583043],[-157.89721967136785,21.342167948465463],[-157.89658112109805,21.34148620565597],[-157.89635152180756,21.34092007269745],[-157.89466323350953,21.34231828444334],[-157.89469333893956,21.342643707886648],[-157.8942603115733,21.342202709625223],[-157.89378323520148,21.341689148923663],[-157.89368082441166,21.34087993008544],[-157.8939828750469,21.34014112823858],[-157.89402654694985,21.339942667715658],[-157.89391418863667,21.33997806431514],[-157.8922782169546,21.340346719794287],[-157.89179835407407,21.339724725224183],[-157.89118556052563,21.33930963508229],[-157.89059945263088,21.339192842985334],[-157.88951379605007,21.33802931778007],[-157.8884434843283,21.33691105587598],[-157.88825469330862,21.33589347862378],[-157.88815082796168,21.334962288094896],[-157.88867862476437,21.334017205421045],[-157.88881109896184,21.33371092233535],[-157.88906088661153,21.3333512130639],[-157.88917142939823,21.333076406495145],[-157.88928197175812,21.332801598923556],[-157.88928229662048,21.332598336149736],[-157.88907286517633,21.33256081409859],[-157.88864283193797,21.332688963870723],[-157.8882869746094,21.332889876320028],[-157.88774931487404,21.333225094589228],[-157.88719193569506,21.333298194475525],[-157.8869399485405,21.3333100769677],[-157.8866732942977,21.333348964017446],[-157.88634026185082,21.333559056485303],[-157.88598114795437,21.33403096399872],[-157.88569970896717,21.334431112520818],[-157.8855598127867,21.334601832354483],[-157.88545248152244,21.334610154646178],[-157.88534043269408,21.334604894542593],[-157.8852276642702,21.33469448685849],[-157.88535282620214,21.33455980480246],[-157.88548332868857,21.334515500126074],[-157.88557292270954,21.334461890972825],[-157.885787326483,21.334160672590368],[-157.88599176719276,21.333741944587597],[-157.88612879655875,21.33347183282155],[-157.8862732371281,21.333337279560457],[-157.88657097809954,21.33317212266764],[-157.886790867296,21.333101306934992],[-157.88686699917298,21.333074709059936],[-157.88702839034002,21.332610524310635],[-157.88685058910983,21.33237446297065],[-157.88652875945317,21.332218750972203],[-157.88643990590754,21.33201489754827],[-157.88614308975085,21.332058100130414],[-157.88597311320254,21.331903394238736],[-157.88569181701666,21.331806672337837],[-157.8856772315297,21.33150393384828],[-157.88572145902742,21.331233207049724],[-157.88576226681172,21.330777259930755],[-157.88587487122538,21.330389542074915],[-157.88614137194156,21.330210627575504],[-157.88649007562475,21.33015873363594],[-157.88686979172937,21.329989604598385],[-157.8870976996615,21.329494240818963],[-157.88719612383716,21.32922838835898],[-157.88718623088116,21.32910184637201],[-157.88715942023185,21.328821612878876],[-157.88718736461476,21.32863208311011],[-157.88717584660463,21.32840163984499],[-157.88725666612177,21.328072432489236],[-157.8873869672054,21.327734517618296],[-157.8875082992973,21.327626912130867],[-157.88764584209846,21.327447142406847],[-157.88787192010298,21.32735378253637],[-157.8879826963105,21.32704735888278],[-157.8880959192924,21.326736431580677],[-157.88816746868176,21.32635747598394],[-157.8883924610725,21.326087942534826],[-157.88846978049332,21.325903256792607],[-157.8887016265105,21.325683457221842],[-157.88882102070264,21.32551260045658],[-157.8888954028655,21.32523755372503],[-157.88908399882652,21.324999398727112],[-157.889357326264,21.32471211507927],[-157.88973154293848,21.324470670131916],[-157.89005054307967,21.324359852572012],[-157.89019790715173,21.324315655107977],[-157.8903293508505,21.324144876673603],[-157.89050307499576,21.32396082695823],[-157.89060331925575,21.323771773396484],[-157.89074336764625,21.32357846624358],[-157.8907381904941,21.323465506470882],[-157.8907234401528,21.323343449490064],[-157.8905880255995,21.323080567725054],[-157.8904790923433,21.322822378532088],[-157.89031365522203,21.322545747380595],[-157.89039354827239,21.322338493284413],[-157.89041939813518,21.322266391467316],[-157.89044943948423,21.322117528780065],[-157.89060374325305,21.32195141697026],[-157.89082804166475,21.321772217454324],[-157.89086310462366,21.321596287441476],[-157.89082077034695,21.32145598220266],[-157.89079721092477,21.321383556189527],[-157.8907736303063,21.321153035029617],[-157.89073464007274,21.321048888036493],[-157.8906830266247,21.321021445394887],[-157.8905549617822,21.32090315783184],[-157.89049908525098,21.320961510499462],[-157.8900331833779,21.321378509197796],[-157.88940328237223,21.321807976264928],[-157.8891501602332,21.32165272544222],[-157.88827341224456,21.321732749136178],[-157.88782286112786,21.32186979378867],[-157.88773840352857,21.321562079440913],[-157.8876281290033,21.321642656376955],[-157.8870050304618,21.321326859643236],[-157.88658903807976,21.32103501995234],[-157.8865338763323,21.32099851852815],[-157.8862078242601,21.320765993845576],[-157.8857574173869,21.32024355890247],[-157.88523962687938,21.320027829030604],[-157.8851736475993,21.320307441460212],[-157.88483845194855,21.320169708325935],[-157.8845544758736,21.32027171452484],[-157.88430436269078,21.320197782967004],[-157.88404550272,21.320485148178065],[-157.883719641342,21.32038812794954],[-157.88364724608974,21.320559290434968],[-157.883483014564,21.32060336843908],[-157.88336318688383,21.320512234223813],[-157.88307003374572,21.32039284485455],[-157.88287259324392,21.32020633830985],[-157.88251000096932,21.320185861059677],[-157.88209500892756,21.320241819457884],[-157.88187351379386,21.320208727723745],[-157.8817772548416,21.320348111540625],[-157.8815787593004,21.320301621308182],[-157.8814535784129,21.320440812563152],[-157.88119517987107,21.320506846987165],[-157.88086369010415,21.32067628140492],[-157.88076226897377,21.32086080037753],[-157.8806648024591,21.32100017726117],[-157.88036125826235,21.320980086556744],[-157.880201948663,21.321010643028494],[-157.87996254760583,21.32095484444033],[-157.87980205762628,21.32082278379183],[-157.87961608831856,21.32071313830612],[-157.8792503603078,21.320629394918807],[-157.87910894728353,21.320524563766437],[-157.87896715819275,21.320469414426107],[-157.87878584830847,21.320540475110214],[-157.8787872314285,21.32067599109741],[-157.87863594791472,21.320760803749682],[-157.8785462572045,21.320827958992158],[-157.87839948695603,21.320953452820056],[-157.87820071538465,21.32094309286367],[-157.8779292978937,21.32097741353216],[-157.87769206777267,21.320953246211747],[-157.87747762479694,21.320784687228457],[-157.87721391226071,21.320597732783874],[-157.87699195834858,21.320307168291645],[-157.87675506494847,21.320079739178336],[-157.87642886125232,21.31986978018836],[-157.8762428280107,21.319769164689763],[-157.8758426987379,21.31945482206646],[-157.87564819830078,21.31935866634699],[-157.87521932123815,21.319021545962514],[-157.8747236183597,21.318756247739643],[-157.87470254649097,21.318753848234536],[-157.87418622402296,21.3185855234826],[-157.8736873603029,21.318419572619163],[-157.87333987748764,21.317839081587554],[-157.87322418554436,21.317364030604924],[-157.8730900345317,21.31678045127963],[-157.8730510184681,21.316364636841197],[-157.87295522848652,21.315966508167204],[-157.87285034810796,21.315496048190926],[-157.8728000368755,21.31498078378558],[-157.872820793931,21.31462860614728],[-157.8727620867104,21.314424950918255],[-157.8727656325295,21.314275917000245],[-157.87277282175395,21.313964299685495],[-157.87277929278383,21.3137475320303],[-157.87273990112868,21.313539490126452],[-157.87245923143647,21.31336596616075],[-157.87213669993267,21.31330960147765],[-157.8716810653917,21.313166518410494],[-157.87127332474543,21.3130644077021],[-157.8708151113957,21.313101981721363],[-157.87028790145771,21.313179741444632],[-157.87005939683073,21.31327757710661],[-157.86967964400557,21.313455698619784],[-157.8694391918495,21.313539902099578],[-157.86927482541566,21.313602032601445],[-157.86898958146435,21.313713034524273],[-157.8688593365067,21.31372570789119],[-157.8685657931688,21.313818587048413],[-157.86826832381468,21.31395209049105],[-157.86741423765275,21.31406829252995],[-157.8671118043281,21.314377919920894],[-157.86679394566454,21.314655824671735],[-157.86650972240255,21.31494750645212],[-157.86636683073937,21.315194971249436],[-157.86607599753881,21.31540530344948],[-157.8648312586938,21.314918107669556],[-157.86480619557548,21.31488631951492],[-157.8642449065814,21.314692817189403],[-157.8642866463568,21.313807786161632],[-157.86428830964115,21.313590985932965],[-157.86433461936747,21.31352354542694],[-157.86437607511388,21.313460589133946],[-157.86442228155087,21.313406697094994],[-157.86448057308567,21.313348371434333],[-157.86461151137163,21.31324536884938],[-157.86469769037248,21.31316464634614],[-157.86471263594407,21.31310151102421],[-157.86472523990895,21.31302932408817],[-157.8647825672064,21.312939374605687],[-157.86479056117673,21.312840056352407],[-157.86488135170075,21.312786467768756],[-157.86496550104184,21.312656046209202],[-157.864952053136,21.312366872827834],[-157.8648875446055,21.312136074990516],[-157.86481838971216,21.311882659865333],[-157.86492382138655,21.311648493598803],[-157.86502036540048,21.31147298559024],[-157.8652160663044,21.311252980954443],[-157.86511206199572,21.31114387126825],[-157.86487085759524,21.31116934399265],[-157.86486749145146,21.310979610827005],[-157.86482907749098,21.310803191253985],[-157.8648173128724,21.310608886212663],[-157.86503076813068,21.31058774331219],[-157.86501524938987,21.31041147914336],[-157.86478375383817,21.310427981484263],[-157.86475803987608,21.310323919625066],[-157.86502245055172,21.310257952368218],[-157.86498372613744,21.310122182837627],[-157.86460480925703,21.31019189424109],[-157.86457799459907,21.31007427302038],[-157.8647570590363,21.309980628090173],[-157.86469537024675,21.309853737531366],[-157.86451062805324,21.309902174060525],[-157.86450557316067,21.309775668408715],[-157.86473528056064,21.30967784830738],[-157.8648964755553,21.30955698059694],[-157.86483620006226,21.309402997607826],[-157.86462722938603,21.309311248251333],[-157.86437318758593,21.309282429714596],[-157.86440059857733,21.3091651763132],[-157.8645978312417,21.30921619460239],[-157.8646396327018,21.30910807228081],[-157.86460470485895,21.309105576245827],[-157.86223413728592,21.306006745641007],[-157.86220914572604,21.305965923627085],[-157.86218033053837,21.305952177758293],[-157.86214896818592,21.305956482662705],[-157.86211647042194,21.305951745880385],[-157.86209491991517,21.305933532127703],[-157.8620794638879,21.305906325589245],[-157.86206879299945,21.305883668413987],[-157.86204624625222,21.305838345911884],[-157.86201660877416,21.305774910154593],[-157.86198690369153,21.305720505227054],[-157.8619642874134,21.305684216246625],[-157.86195747500528,21.30562996796342],[-157.8619337243142,21.305584637304296],[-157.86190415651984,21.305512167095145],[-157.86187685955255,21.30545777843906],[-157.86184835762853,21.305403381628025],[-157.86182829053973,21.305349043678085],[-157.86181779369304,21.305303802660944],[-157.86179762225282,21.305263014101303],[-157.86177999994248,21.30520417568353],[-157.86176723234902,21.305140851298177],[-157.86175442995645,21.305082045484188],[-157.86173439774967,21.305023188952195],[-157.86172393573176,21.304973432970865],[-157.86171006759312,21.30489655013267],[-157.86170201553307,21.30484681045375],[-157.86170845601137,21.304792650011887],[-157.86171858289325,21.30472948321616],[-157.86173335376415,21.304688930131544],[-157.8617518091102,21.304639369774588],[-157.86176417097306,21.30459880219628],[-157.8617717120022,21.304558200198112],[-157.86177078538,21.30452205791925],[-157.86177233826726,21.304476900217594],[-157.86177137685124,21.304445274704392],[-157.86178862718236,21.304395706188817],[-157.86180470926763,21.304341610959867],[-157.86181118444782,21.304282936452147],[-157.8618199671294,21.304237825846812],[-157.86183002241103,21.30418369165253],[-157.86184500384576,21.3041160397738],[-157.86185381936664,21.30406641238555],[-157.8618663908468,21.303998744201902],[-157.86188377927812,21.303931108597947],[-157.86190822449709,21.303886105730733],[-157.8619241325371,21.303854594315503],[-157.86196073171254,21.30379612354175],[-157.8619924066737,21.30375116775075],[-157.862027766056,21.303697204673377],[-157.86207045856617,21.303629740173104],[-157.8621071271947,21.303562234923593],[-157.86213887160557,21.30350824737212],[-157.86217925745981,21.303427216233427],[-157.8622146881756,21.303364219586722],[-157.86223941141512,21.30328308161765],[-157.86226891869777,21.30320649570311],[-157.8622623477618,21.303120628224672],[-157.8622469962855,21.303079873208745],[-157.86220733895718,21.303066054051264],[-157.86210072864714,21.302984027097015],[-157.86218472396052,21.30302976511154],[-157.8622315057247,21.30305718345478],[-157.86229023371882,21.30309823356599],[-157.86233818860117,21.303130176815426],[-157.8624030805313,21.303153200552575],[-157.8624345813478,21.303130830308177],[-157.86247706489965,21.303090464484942],[-157.86251883115608,21.30298685937314],[-157.86262786244717,21.302910809133454],[-157.86275169971097,21.302789691561628],[-157.862910513262,21.30266429414502],[-157.8629454992368,21.302501922040197],[-157.86299848990177,21.30234870468327],[-157.863178236681,21.302164729176155],[-157.86351916344415,21.302017978133147],[-157.86361642187182,21.30190571345513],[-157.86356985446798,21.30169310245795],[-157.86347427039223,21.301430474253603],[-157.86338350446889,21.301167879446677],[-157.86331700940198,21.30088286531956],[-157.86325068829106,21.300575264606138],[-157.86324651194352,21.30017774807089],[-157.8632007097779,21.299865771635314],[-157.8632005889271,21.299567653879333],[-157.86310308131755,21.299241775309476],[-157.86298168409598,21.298888635060997],[-157.86279016361155,21.298566637242075],[-157.86254938230496,21.29822623737678],[-157.86231662221095,21.297940094578678],[-157.8620825885576,21.297662975979677],[-157.8619489288379,21.297494944852204],[-157.8617085241947,21.297262952742024],[-157.86143221854383,21.29699909751291],[-157.8612642828477,21.29674501001317],[-157.86095445725127,21.296453823427402],[-157.86069109794954,21.2962307068145],[-157.86052460222805,21.296103101791417],[-157.8602091579007,21.29591576697096],[-157.85989698073857,21.29577362284922],[-157.85947451622522,21.295558456122205],[-157.85902788924406,21.295352160399904],[-157.85860418654568,21.29514150108354],[-157.85852849152297,21.29511388575159],[-157.85833666142352,21.294990623859018],[-157.8580675133174,21.29489393743357],[-157.85777472149127,21.294738370026348],[-157.85758481365943,21.294678358379674],[-157.85725882947628,21.294608386943867],[-157.85698142325876,21.29448905776088],[-157.85675093425374,21.294379082611535],[-157.85643879886032,21.294232414677758],[-157.85622333027993,21.29405027158404],[-157.85582165438925,21.293952679286594],[-157.85543924017222,21.29370164175067],[-157.8551615786032,21.29346035257198],[-157.85480450317638,21.293204969905403],[-157.85458248700496,21.293090531647483],[-157.85432523887488,21.29285841406783],[-157.85409896518922,21.292671676056095],[-157.853774247944,21.2924390965808],[-157.8534265371142,21.29221991089368],[-157.85307567895762,21.292095559125013],[-157.85274874345222,21.29199395376646],[-157.8524663162647,21.291901686999694],[-157.85223179955997,21.291845880607376],[-157.85199335477054,21.291830700074925],[-157.85154338945244,21.291746319543574],[-157.8511890365891,21.2917619642488],[-157.85095094311225,21.29170161649948],[-157.8504761462664,21.29171191873846],[-157.8500811121735,21.29169114735466],[-157.8497417448091,21.291639138273354],[-157.8496169021421,21.29157956246022],[-157.8494934411046,21.291497413742217],[-157.8493714301462,21.291383654990877],[-157.84907170713348,21.291191890573025],[-157.84886674442228,21.29105497755928],[-157.8486954085823,21.290931847973777],[-157.8484011839933,21.29080787491543],[-157.8479822947077,21.290601740639435],[-157.84777226615194,21.290496413342975],[-157.84751383474327,21.290417851877923],[-157.847208731492,21.29029831932244],[-157.8468683577501,21.290219195760002],[-157.84671505242596,21.290100703835993],[-157.84647592157617,21.29001775785453],[-157.8461309410157,21.289911502039143],[-157.84585903139603,21.2898599494695],[-157.84562780647897,21.28984480955643],[-157.845368194419,21.289761721599124],[-157.84516382897542,21.28970159717921],[-157.84493607781033,21.28970454992001],[-157.84467770656525,21.289616952444632],[-157.84441200071885,21.289542855204743],[-157.84417039096775,21.2894689229876],[-157.8439201367113,21.289422032097068],[-157.84373164718684,21.289334914872786],[-157.84346665269194,21.289324057082652],[-157.84331197158906,21.289228137673756],[-157.84305466573943,21.28915861303971],[-157.84283481510303,21.2890757945049],[-157.84259306656816,21.289019927072314],[-157.8423752400472,21.288986808721667],[-157.84215266311918,21.288944621643125],[-157.84195145497867,21.28894323594357],[-157.84165509848913,21.28893667659114],[-157.841496167637,21.28892203026488],[-157.84141037486728,21.288953056976318],[-157.84129598648988,21.288943235776678],[-157.841213986101,21.288951703560272],[-157.84106600209654,21.288923581219162],[-157.84088091904476,21.288863586244762],[-157.8406583438234,21.28866782426142],[-157.84049760599694,21.288422800154677],[-157.84037460658686,21.288281929199375],[-157.84023867408527,21.288100315307997],[-157.84008034561884,21.288008883098353],[-157.83995274143825,21.28799445117588],[-157.83889926415375,21.285439642104397],[-157.83886496405898,21.28535810076263],[-157.83878055971428,21.28521297700685],[-157.83865179071324,21.285040443518756],[-157.83853375684447,21.28488153765176],[-157.8383916656586,21.284717946055554],[-157.83829390101363,21.284586280862598],[-157.83816396378342,21.284409222891867],[-157.83806850557477,21.284291124444835],[-157.83798371035937,21.284195682644558],[-157.83792393201114,21.28413654932316],[-157.83769109437267,21.28386844117594],[-157.83764216129364,21.283809384427652],[-157.8375711181441,21.283650801397847],[-157.8375318610481,21.28343371698591],[-157.83748179646273,21.283212043680443],[-157.83743775787488,21.282990409252335],[-157.83738379522703,21.282804843070963],[-157.8372223232837,21.282654667721065],[-157.83703902264895,21.282522409413048],[-157.83688329114042,21.282408410173215],[-157.83676721001035,21.282308234736536],[-157.83666122995618,21.282149410028484],[-157.83654663910193,21.282013108879244],[-157.8364932787526,21.28190433351951],[-157.8364486716117,21.281754966677404],[-157.83639332819294,21.281591974691242],[-157.83634283948805,21.28142450015416],[-157.8362693233269,21.281121359687713],[-157.8361225967408,21.280935150298596],[-157.83596718744397,21.28078049875733],[-157.83584466996808,21.280427331709507],[-157.83575028240762,21.280173729969164],[-157.8356650057185,21.279834373002927],[-157.8356036102317,21.279522280296543],[-157.83555149169624,21.279408996271474],[-157.83544842500322,21.279186955060755],[-157.83524334510062,21.2789145187995],[-157.83500786179434,21.278678008778616],[-157.83465537864495,21.27845875417884],[-157.83439750003052,21.278312424440614],[-157.83415283851582,21.27817070279671],[-157.83371145632185,21.27791921205074],[-157.83334565364646,21.277708895662947],[-157.8331429462553,21.277594566912054],[-157.83289839406,21.27743929424325],[-157.83267343206487,21.27739708063264],[-157.8324086407642,21.27736362278234],[-157.83208237441522,21.277334255237804],[-157.83186222987746,21.277292073962478],[-157.8316673839254,21.277250067890485],[-157.83154514597695,21.277167914301295],[-157.83142619845364,21.277126434467327],[-157.83126866678404,21.277089203805566],[-157.83109083218216,21.277029249010024],[-157.83089389950896,21.276946575672884],[-157.83071252341833,21.276877560142967],[-157.8305434437156,21.276777010947356],[-157.83032833559102,21.276707762616187],[-157.8301202775313,21.276661144262697],[-157.8299437539079,21.27658764646156],[-157.8297872851006,21.27656848974365],[-157.82958904194035,21.276499355853616],[-157.82946531430946,21.27645332538358],[-157.8291979375393,21.276442429493155],[-157.82901421061572,21.276517936403412],[-157.82881128129637,21.276584276535413],[-157.82850517433852,21.276595695111993],[-157.82843909315147,21.276572650612643],[-157.8283473193443,21.27659911230303],[-157.82820048669663,21.27658002114742],[-157.82802215233534,21.276583295558677],[-157.8278875110989,21.2765462210567],[-157.82767346440312,21.276495042874643],[-157.8275151225026,21.276408117295645],[-157.82736649305795,21.27631222614379],[-157.8272044667482,21.276234307682167],[-157.82706416045093,21.276152025152996],[-157.8269176855655,21.276087765644245],[-157.82676303323956,21.275991832037946],[-157.82653740813637,21.27588185204216],[-157.8262419115881,21.275771383976878],[-157.82596218241875,21.275647474386396],[-157.8257069810743,21.275469531660292],[-157.82546351993872,21.27517875060931],[-157.82521619656472,21.274919559305303],[-157.82504068564137,21.274719588336243],[-157.82477201904814,21.27456865219578],[-157.82455132605094,21.274445154961878],[-157.82433829323537,21.274267504531824],[-157.82413795488554,21.27400864056921],[-157.82408360243807,21.273723696402158],[-157.82399902310163,21.273452090314628],[-157.8238643694851,21.273265956164416],[-157.82369353942394,21.273084084473034],[-157.82348399895915,21.272770952783024],[-157.82330117898735,21.272430905665157],[-157.8232037830111,21.27210500693491],[-157.82302407469706,21.27182821889754],[-157.82282490188666,21.271573879539616],[-157.82274441843143,21.27139264186355],[-157.822719027152,21.27125244190135],[-157.82320724234273,21.271215205550376],[-157.82310138847853,21.2710428256583],[-157.82291346828688,21.270585306669158],[-157.82283664314141,21.26994337328515],[-157.82288352627492,21.26950104921569],[-157.82286029301653,21.269392481336755],[-157.82286615132267,21.269261533650333],[-157.8228891563102,21.26879194086242],[-157.82288364839465,21.268575092155523],[-157.82291347250847,21.26830880627879],[-157.82339373200358,21.268361852902938],[-157.82331608757,21.268126432509057],[-157.82313688219475,21.267330208720516],[-157.82293142678856,21.26726101986226],[-157.82289413396975,21.267102668841677],[-157.8228583107215,21.26675913663299],[-157.82272947880566,21.266446568914155],[-157.82259331371498,21.266147503501312],[-157.82252615697374,21.265957324906047],[-157.82242819564692,21.265550122548316],[-157.82236278189058,21.265292202354143],[-157.82229605592246,21.26504782479336],[-157.82280884402343,21.264947524654442],[-157.8225763827256,21.263879918687582],[-157.8224521990148,21.263892600093],[-157.82212950818052,21.26387227339506],[-157.8222072836079,21.26378699807799],[-157.82217891164166,21.26371904514727],[-157.82208052807582,21.263668670756964],[-157.82202791912536,21.263618616289982],[-157.82197676731323,21.26353695497306],[-157.82191563449555,21.26334681916874],[-157.8218112228845,21.26299377236919],[-157.82176290995068,21.26285792804015],[-157.82172639164162,21.2627537840887],[-157.8216403015455,21.262369247364564],[-157.82160226985494,21.26215217203055],[-157.82165676467756,21.262116417260557],[-157.82155104196465,21.26177691297254],[-157.82157976966494,21.26149706947591],[-157.82150502805536,21.261352005424847],[-157.82138451183175,21.261206621232468],[-157.82118796336243,21.26107877126829],[-157.82096761001318,21.260914619654447],[-157.8207048815078,21.26077727221208],[-157.82053720848452,21.260654142355563],[-157.82043319834142,21.260554040986477],[-157.8203926738854,21.26049955456165],[-157.82034127023147,21.26044950805267],[-157.81980614171457,21.259574001829296],[-157.81976275792326,21.25942463967763],[-157.81937026159994,21.25894309960386],[-157.8192111486516,21.258652902238264],[-157.81907535535035,21.25830866713915],[-157.81889157685194,21.258090569181682],[-157.81875292516835,21.257954090126418],[-157.81802013628516,21.257546943332233],[-157.817570098763,21.257485060844267],[-157.8171477637961,21.25742337337974],[-157.8169964203859,21.25736810759175],[-157.81688004652563,21.25730857015591],[-157.81678064298,21.257235600851928],[-157.81664790961352,21.257112713523576],[-157.816535654999,21.25698996897686],[-157.81621456205954,21.25677089962946],[-157.81587635351212,21.256583329173907],[-157.81554523065645,21.256413874840312],[-157.81521852941856,21.256294137640918],[-157.81485725801787,21.256128986167877],[-157.81459970118007,21.256100071529957],[-157.81438806019165,21.25605341157734],[-157.81420175207666,21.25600241440909],[-157.814044605534,21.255920003420698],[-157.81380551349196,21.255841530832694],[-157.81342998184292,21.255802748471986],[-157.8131542491483,21.255787252813253],[-157.81286618145097,21.25580780558394],[-157.81252496863132,21.25584604955173],[-157.81213667046907,21.25589751192855],[-157.81182019854796,21.255854625196257],[-157.8113328256347,21.25579246497872],[-157.81101211704544,21.255677278123166],[-157.81095090256224,21.255649744543696],[-157.81019074300943,21.25535529324728],[-157.8098435353939,21.255239917197407],[-157.8090448785611,21.255089728324343],[-157.80833561302933,21.254908548925005],[-157.80827191765184,21.254890030790936],[-157.80811080075435,21.254852755997657],[-157.80762354328823,21.254777033357694],[-157.80718888510586,21.25475137081262],[-157.80617178765758,21.254951932119674],[-157.80583685337777,21.254958590104426],[-157.80552039152647,21.25506474781745],[-157.80465028838125,21.25555993996949],[-157.8041927822478,21.25567864393399],[-157.80306387230036,21.255851291072123],[-157.80265892642504,21.255875511525993],[-157.80192495647998,21.255919972167533],[-157.8013786042081,21.256001903032747],[-157.8005856854202,21.256185959653024],[-157.80003856427564,21.256362733017205],[-157.7994340251728,21.25648940913909],[-157.79912846928255,21.256586598284844],[-157.7988574440659,21.25673372028428],[-157.79854082943905,21.256857931224484],[-157.79819950017543,21.256909695946757],[-157.7977188119705,21.256915294725985],[-157.79731919268843,21.25687630470551],[-157.79699005630277,21.256910087967416],[-157.79674359463903,21.25699866595235],[-157.7964724525458,21.25715933218379],[-157.7962610324195,21.257234608786607],[-157.79604417478515,21.257237575123852],[-157.79598292410586,21.25721455288434],[-157.7958916349343,21.257182282150232],[-157.79591463674302,21.2570198408897],[-157.79585331982855,21.256856798197767],[-157.79582616396212,21.256788851803996],[-157.79576743276587,21.25675229665168],[-157.7957001982255,21.256724714621164],[-157.79563172243644,21.25670164064287],[-157.79556200442957,21.25668307470818],[-157.79548965793398,21.256691591642607],[-157.7954185159825,21.256700117153585],[-157.7953500383274,21.256677043049624],[-157.79529864673137,21.256626989353826],[-157.7952665994853,21.25656804271799],[-157.7952382045815,21.256504604331134],[-157.79521101233672,21.256441172729126],[-157.79516925820138,21.256391189686862],[-157.79507362128933,21.256449224576983],[-157.79483304560424,21.256257796598966],[-157.79488444400656,21.256158793060138],[-157.79495087774,21.256136685977935],[-157.7950138080649,21.256101000275418],[-157.7951420399857,21.256034166305035],[-157.79522140071748,21.255903745692393],[-157.7950987576475,21.25587576741475],[-157.79484583117582,21.25601849618824],[-157.79474603576935,21.255995197945822],[-157.79462292227802,21.255876878846305],[-157.79444089569026,21.255744589308947],[-157.7939300258256,21.255609944396955],[-157.7935542228695,21.255309142249338],[-157.79313106684626,21.25520222349992],[-157.79277803416585,21.25506419001305],[-157.79265491283883,21.255094925040456],[-157.79250211138657,21.255220300484666],[-157.79226678281836,21.25527281433587],[-157.79201985357437,21.255271043210577],[-157.7918319079288,21.25527421142002],[-157.79173707908308,21.2552328810642],[-157.7916614501751,21.255200720364172],[-157.79156176837148,21.255163871165735],[-157.79147945265763,21.255212964705493],[-157.79123896808682,21.255455148096647],[-157.79103349423153,21.255539492859764],[-157.79083392594706,21.25578648509778],[-157.79063980483863,21.256399381133125],[-157.79065671010804,21.25683763392641],[-157.7906212041301,21.257203241425696],[-157.7906740834107,21.25736622705932],[-157.79083902525193,21.257525499671377],[-157.79093282294016,21.25769329480012],[-157.79104493910472,21.257978660823266],[-157.79113218840328,21.258358699666818],[-157.79111586746532,21.25843988573041],[-157.79110143858736,21.25858431800863],[-157.79101743883527,21.258692120267053],[-157.79090460410222,21.258790679942607],[-157.7907083591067,21.258924776622187],[-157.79050605404547,21.259063345605533],[-157.79032648786395,21.259220144382578],[-157.79005858181515,21.259425992415178],[-157.78973661690185,21.259613386769782],[-157.78966032382277,21.259662523421632],[-157.78915270300288,21.259866648305426],[-157.78902205510124,21.259933460084874],[-157.7887522918873,21.260071543021358],[-157.78844714921763,21.260263570799612],[-157.7880768875204,21.26046416451595],[-157.78727203472735,21.260923602116595],[-157.7867494734474,21.261186331143435],[-157.78627868462624,21.26130489218541],[-157.7856562869034,21.261548832729144],[-157.78511177882285,21.261843014117737],[-157.78498105430697,21.261918857719273],[-157.7845461974501,21.262209312548855],[-157.78411217458034,21.26254494058654],[-157.7838128604905,21.26275958706532],[-157.78329714347072,21.263067521683254],[-157.78316765774431,21.263138854897385],[-157.78252636264645,21.263482015631055],[-157.78220693864395,21.26365134450704],[-157.7817777971876,21.263977969316798],[-157.78102003519325,21.264419649819622],[-157.7803970010587,21.26488488648879],[-157.77991520063577,21.265315011577233],[-157.7794623977917,21.265880846536614],[-157.77872765419826,21.267036340809845],[-157.77856320456695,21.267256471549835],[-157.7780522087582,21.268011588170214],[-157.7779888603268,21.268096948386695],[-157.7777634699125,21.26840245586841],[-157.77747524979688,21.268730089901556],[-157.7770332695668,21.26929599854267],[-157.77706037938233,21.26936846419643],[-157.77710092881088,21.269418444617664],[-157.77701713753441,21.269499138202306],[-157.77688394231373,21.26943493535456],[-157.7768128308771,21.26943893600602],[-157.77656525592067,21.269658459173495],[-157.77592457359657,21.270213887696343],[-157.77514210985493,21.270723113652156],[-157.77482469658136,21.270937611158164],[-157.77391963892632,21.271265267489085],[-157.77329725542586,21.271500124912816],[-157.77249184224215,21.271869150108387],[-157.7722571941023,21.271835821813266],[-157.7720044441986,21.271951415653238],[-157.77175086406916,21.27202183394968],[-157.7713519355777,21.272186044218344],[-157.77095853944013,21.272264475319393],[-157.7705233193906,21.27244648731271],[-157.77021247669362,21.272448731684285],[-157.7700355031933,21.272433887124333],[-157.769713444091,21.272481215940083],[-157.7693603272915,21.27249670071324],[-157.76894283424753,21.272574949180807],[-157.76877858708465,21.272623432070226],[-157.76826750686251,21.27294490764704],[-157.76778624142312,21.273302733987805],[-157.76696401423752,21.27380711577236],[-157.7668283357822,21.273896458808995],[-157.7663826406123,21.27417775390103],[-157.76617106757138,21.274266540549768],[-157.76582404365266,21.274417568457082],[-157.76521307829444,21.274724749793478],[-157.7649842613363,21.274858574759634],[-157.76470811997345,21.275032705339004],[-157.76389698401243,21.275360995350567],[-157.76341559132922,21.275587818294575],[-157.76289279112223,21.275723995043364],[-157.762475473111,21.275924184395237],[-157.76229322266713,21.2759634955371],[-157.76133021671663,21.27615514803245],[-157.76086629630123,21.27616527919377],[-157.76061368995053,21.276118249911296],[-157.76040814246878,21.27606253189912],[-157.76023737888602,21.276025138143922],[-157.75975516144268,21.27606223474174],[-157.7595027898505,21.275843560036233],[-157.75934235875425,21.275867219526212],[-157.7591775956517,21.27590439762322],[-157.7594178855693,21.276055228631822],[-157.7595367834674,21.27624355622204],[-157.75955798584812,21.276444714051948],[-157.75943679336646,21.27660191177772],[-157.75921316806568,21.27669059876458],[-157.75904872597658,21.27668938548449],[-157.7589071551621,21.27669059901781],[-157.75880486673736,21.27674856304551],[-157.75864356602733,21.27680383364603],[-157.75853192705023,21.276755581664386],[-157.75835898222456,21.27669106857525],[-157.75800487632205,21.276679420427214],[-157.75764335563954,21.276690299484326],[-157.75731577408573,21.276676587086246],[-157.75700196979938,21.276672007697243],[-157.75661334254684,21.27668268630289],[-157.7562746702846,21.27669824797149],[-157.75602852079632,21.276671585503763],[-157.75579782792113,21.276597607738992],[-157.75551396228437,21.276471292607344],[-157.75519281060195,21.27633792703229],[-157.7550807285034,21.276199331822937],[-157.75490631344633,21.27595186961823],[-157.75476048811487,21.275957565128103],[-157.75470970112858,21.27597977408513],[-157.754609700234,21.276123572355825],[-157.75437214314934,21.276221183585534],[-157.7537982223659,21.27641793242078],[-157.75322055384405,21.276630459678646],[-157.75282607836587,21.276763042084948],[-157.752415409994,21.276958737236846],[-157.75199629580388,21.277084357992617],[-157.7516217049617,21.27714481290431],[-157.75135781815828,21.277149630310053],[-157.75106547804938,21.277100031943036],[-157.7506658067879,21.277063185809823],[-157.75031369130846,21.277101220103134],[-157.75012842901302,21.277140495526673],[-157.74982006151063,21.277205955588858],[-157.74941206295918,21.277300031433423],[-157.7491320081763,21.277365699525266],[-157.74882407516415,21.27745148689884],[-157.74862851682792,21.27749745765861],[-157.74837914107917,21.277567870182462],[-157.74812014952036,21.277635951512288],[-157.74796823744575,21.27772064024699],[-157.74779788264647,21.277778090463258],[-157.7474742001906,21.277945061057352],[-157.7472460872164,21.278065314693652],[-157.74704880854526,21.278172249479066],[-157.74684968523562,21.27828368897622],[-157.74660402746338,21.278412846705137],[-157.7463592223075,21.278512650722114],[-157.74618941000742,21.27857688039614],[-157.74603716249493,21.278629946681306],[-157.74581110423898,21.278720856604025],[-157.74570414689094,21.27876071102707],[-157.74544134657532,21.27885134679342],[-157.7451681517495,21.278959971273633],[-157.74503212684394,21.279017676163978],[-157.74492831401992,21.27904174264862],[-157.7446941472824,21.279094197178516],[-157.744476359917,21.279133224676105],[-157.74433399717446,21.27915700339625],[-157.7441512645138,21.279395033225192],[-157.7435291476771,21.279733667881196],[-157.7431239875455,21.279918090166465],[-157.7429064012759,21.279862261011417],[-157.74272015164516,21.279946688452295],[-157.74192993477186,21.280076285079343],[-157.74159153435107,21.280060201672285],[-157.74093909866534,21.280208891436004],[-157.74049426493627,21.280241693776844],[-157.73986927804924,21.28034993281341],[-157.7394946090436,21.280419395107483],[-157.73850133609534,21.280484217543844],[-157.73785681289397,21.28048163953854],[-157.73720255957295,21.28056028779755],[-157.73690463651755,21.280600960118505],[-157.73642916695653,21.280764513494653],[-157.73579812779408,21.281087241676225],[-157.73487100383377,21.281376123447384],[-157.7343930966635,21.281471896979074],[-157.73425874280724,21.28161542570786],[-157.7339139129923,21.28164670632085],[-157.73349667116332,21.281833272254403],[-157.73242186747186,21.282132317883285],[-157.73169643524557,21.282291713647158],[-157.73093897583567,21.282322134569736],[-157.73079419900606,21.282345883413107],[-157.7308860126934,21.282527251279834],[-157.73102712464285,21.282790292140145],[-157.73109793638196,21.282962467932624],[-157.7310980950254,21.283084424129793],[-157.7311213023194,21.28332850900651],[-157.73111559589773,21.2835723769024],[-157.73115691680297,21.283952103807678],[-157.73116322465373,21.28434060146575],[-157.731186444057,21.285004754461205],[-157.73119745103418,21.285266813856804],[-157.7312037532868,21.28551528995067],[-157.731221483205,21.285836119052508],[-157.7312507137008,21.28608025105768],[-157.73125087693592,21.286342228712662],[-157.73122698191577,21.286459486759117],[-157.731186683203,21.28652241897943],[-157.7311275001978,21.286680061820288],[-157.7310391711012,21.28686458606249],[-157.7309691869534,21.287157652911198],[-157.73091661384498,21.287387615059284],[-157.73081659239858,21.28781144581808],[-157.73079336001027,21.288131966054333],[-157.73074028224357,21.288420643324546],[-157.73071708827908,21.288736647861725],[-157.7306282164508,21.28898440355567],[-157.73050560934288,21.28923190389326],[-157.73041098336458,21.289447998105555],[-157.73030598289216,21.289749834104892],[-157.73024711366705,21.290151390408468],[-157.7301883226146,21.2905439117488],[-157.73014693950375,21.290873328500357],[-157.73013516767543,21.29112166807066],[-157.7301528583869,21.291447013562973],[-157.7301646759963,21.291614227831086],[-157.7301934385067,21.291772534419216],[-157.73022966405318,21.292043817549565],[-157.73024055082803,21.292319429091513],[-157.73020577496507,21.292581142927787],[-157.73017600928162,21.292820310310965],[-157.73011744521344,21.293045710787727],[-157.73006541151966,21.293352464618945],[-157.73000653857463,21.29361399655463],[-157.72992352916168,21.293879863176755],[-157.72983632480157,21.29421345075054],[-157.72972385838315,21.294542329853087],[-157.729636455465,21.294758477819844],[-157.72957163258334,21.295010933620574],[-157.72952488392644,21.295263523100637],[-157.7295245749048,21.295439677668163],[-157.72961272166705,21.29555778094405],[-157.72968889779688,21.29566676195012],[-157.72978878176846,21.295821088477776],[-157.72986577492128,21.295975244015057],[-157.7299649607833,21.296210868368505],[-157.7300125733696,21.296419004263633],[-157.7300885979631,21.296686071688132],[-157.73014716991267,21.296880739709838],[-157.73020667433906,21.29710702723367],[-157.730277254387,21.297306300850213],[-157.73033602176486,21.29747838245663],[-157.73036485996008,21.297627654044028],[-157.73044177507884,21.297790838836427],[-157.7305177589563,21.297922400475155],[-157.73055888064908,21.298044663628637],[-157.7305824739694,21.298243582706395],[-157.7305710507547,21.298451266822532],[-157.7305768815311,21.298613915357343],[-157.73059433618096,21.298826335940447],[-157.73060611370386,21.298998064818445],[-157.73062384037127,21.29931889077398],[-157.7306467375992,21.299599105037913],[-157.73063609145166,21.299856481161044],[-157.7306294856121,21.300064203385773],[-157.73062983936217,21.300303596903152],[-157.73061779193847,21.300443525432467],[-157.73065922694474,21.3006696782979],[-157.73069988196178,21.30084614000402],[-157.7307536375325,21.301040767883634],[-157.73078313846622,21.301253280176624],[-157.73078310304695,21.301397816149027],[-157.7307651853818,21.301519633931967],[-157.73082325650057,21.301773015092678],[-157.73091183505457,21.301981456097945],[-157.73095342403244,21.302189542682385],[-157.73094666264151,21.30227530897564],[-157.7309351989715,21.30234749198764],[-157.7309058170559,21.302401470682682],[-157.73086497042334,21.30252763327051],[-157.73085381748098,21.3027037041659],[-157.7309004219894,21.302889244374125],[-157.73094706346336,21.303070268007797],[-157.73107039265747,21.303441575518153],[-157.73115345472004,21.303731277053792],[-157.73118797009064,21.303921242865837],[-157.73122415776055,21.304057019184775],[-157.73124674148372,21.304233346293262],[-157.73130625090192,21.304459633474494],[-157.73136459337158,21.304681396803197],[-157.73137637188097,21.304853124675446],[-157.73136486841955,21.304929822430488],[-157.73131220586012,21.305028794034158],[-157.73126451801554,21.30510973667054],[-157.73122954025703,21.30525401000536],[-157.73120633818306,21.30542998911221],[-157.73120027737613,21.30557448049818],[-157.73119437264396,21.305700907502953],[-157.73115371720914,21.305804485519086],[-157.7311350237523,21.305876612177084],[-157.7310886946251,21.30593949852984],[-157.73104702999015,21.306020486506117],[-157.73097081472696,21.306196063889384],[-157.73097066185986,21.306354150325937],[-157.73098259510343,21.30650781289096],[-157.73101831755474,21.30669778780133],[-157.73104202862157,21.306883154363955],[-157.73107122031774,21.307131798917435],[-157.73110593536228,21.30743920222899],[-157.73115953629545,21.307651895246146],[-157.7312000769933,21.307841906454783],[-157.73125360251828,21.30806363345752],[-157.73126483445103,21.308158571791136],[-157.73128850909092,21.30834845577933],[-157.73125337332763,21.30851079429641],[-157.731195268828,21.308681994147438],[-157.73112383315822,21.308862126191105],[-157.73107715387184,21.30896565867646],[-157.73120107588002,21.30982930141777],[-157.73130591558595,21.310670214127345],[-157.73137669750494,21.310846904646358],[-157.73140072067793,21.310996139671683],[-157.73142948769384,21.3112944634118],[-157.73144169553413,21.311556530267854],[-157.73144208836192,21.31179140698669],[-157.73142972981512,21.311967467739926],[-157.73144741892676,21.31215278967943],[-157.73147742646233,21.312306586653754],[-157.73149519131215,21.312482874578368],[-157.73146561583232,21.312699457915826],[-157.73144144445752,21.31298835048699],[-157.73142395545537,21.313200506309855],[-157.73139515597725,21.313466779760905],[-157.73135372517632,21.313660688534885],[-157.73134210436342,21.313750935807096],[-157.7312656133109,21.313958130597886],[-157.73120124663825,21.314156383131365],[-157.73110089016552,21.31447631687355],[-157.7309833907336,21.314687717124922],[-157.7308840037169,21.314894738920785],[-157.73080195216448,21.315047690343558],[-157.7307076951847,21.315218616039324],[-157.73070198294238,21.31546247749797],[-157.7307665848478,21.315657188942662],[-157.73078450621819,21.31581541160231],[-157.73079601247662,21.31601875419327],[-157.73084864230935,21.316204338879654],[-157.7309137133853,21.316344849991182],[-157.7310309860041,21.316580609404593],[-157.7310896801538,21.31676172385158],[-157.7311072914385,21.316956079718135],[-157.73116559866756,21.31718235956775],[-157.73120163363936,21.31747622207408],[-157.73120758303884,21.31762531978709],[-157.73119522332254,21.317801381269135],[-157.73111320911875,21.317949815283285],[-157.7310257138131,21.31817499406462],[-157.73094824756487,21.31835508103408],[-157.7308838413426,21.318557847976816],[-157.73080753897946,21.31874245957157],[-157.73076074089636,21.3189995631432],[-157.73071343745954,21.319175360783063],[-157.73064895153294,21.319247140641338],[-157.73054295177394,21.319381842740352],[-157.73037339971845,21.319619950278398],[-157.73020295184972,21.319821918002162],[-157.73010282104445,21.319974731425678],[-157.73004362148862,21.320132370741533],[-157.73004976391633,21.320258886609246],[-157.73007328071148,21.320466836658916],[-157.73010270718896,21.320688380925017],[-157.73016179097647,21.32082433026142],[-157.73023191351174,21.320937781491427],[-157.73037367664116,21.32112855706958],[-157.73055505036933,21.321337700723443],[-157.73071446285698,21.32157829533863],[-157.73077922233884,21.3217549388136],[-157.730802699535,21.32196740440896],[-157.7307969066286,21.322080279666096],[-157.73078489331039,21.322215692124054],[-157.73075531280986,21.322292253160313],[-157.73070835279012,21.32242740089574],[-157.73066687522103,21.322625825637743],[-157.73080770591952,21.322644956987507],[-157.73090173639596,21.322641152630432],[-157.73099658272372,21.322682519983644],[-157.73109636485054,21.322710374040042],[-157.73120213541517,21.322742790963883],[-157.73131995373515,21.322775298729816],[-157.73138374331026,21.322784813706342],[-157.73145468177322,21.322803416259593],[-157.73160161569746,21.32281355933747],[-157.73166664821574,21.32281856675222],[-157.7318013385287,21.32285120145966],[-157.7318832409448,21.322856337841408],[-157.7319722951832,21.32287056088225],[-157.7320603393239,21.322862191191767],[-157.7321772253993,21.322863073507083],[-157.73225438517835,21.322859140280965],[-157.7323365988857,21.322828143220686],[-157.7324307070773,21.32281530222043],[-157.7325005986429,21.32281583182214],[-157.73259474463134,21.32279847418042],[-157.7327478988034,21.32278608078461],[-157.73281180385544,21.322782045591833],[-157.73288290049172,21.322782582309355],[-157.73294680361334,21.322778547050458],[-157.73302404185645,21.32276557858441],[-157.7331408910506,21.322770978589467],[-157.73322380286112,21.3227987042885],[-157.73334648171434,21.32282673043951],[-157.73342947303286,21.322845422969586],[-157.73350519428354,21.32286857843574],[-157.7336169502168,21.322905554882364],[-157.73372264214703,21.3229470033257],[-157.73383435946093,21.322988496176393],[-157.7339517922542,21.323066167577316],[-157.73401663133995,21.32309375681016],[-157.73408135232393,21.323134895635622],[-157.73419303115395,21.323180905706266],[-157.73427578948795,21.323226695282838],[-157.73435741927975,21.323263444460935],[-157.73441118157027,21.32331805117979],[-157.7345166785116,21.323382081854586],[-157.7346280092317,21.323468739647616],[-157.7347048199384,21.32350545329998],[-157.734792359201,21.32355579725679],[-157.7348813000328,21.323583567535852],[-157.73498108361525,21.32361142025333],[-157.73510391739634,21.323621378077892],[-157.7352280752489,21.323617796167426],[-157.7353810347904,21.323627983118666],[-157.73548598894473,21.323615221997077],[-157.73559805742514,21.32361606572554],[-157.73569220461178,21.323598708171694],[-157.73579711811186,21.32359046428866],[-157.73593243000616,21.32355083283082],[-157.73605063982725,21.3235381710114],[-157.73621498828865,21.32348520708905],[-157.73636141624715,21.32341404096411],[-157.7364851024397,21.323324636450437],[-157.73657353520667,21.323271101642234],[-157.73666698050414,21.323195017544663],[-157.7367492312698,21.323159503541707],[-157.7368432234843,21.323160209708394],[-157.73693713743944,21.32316994981597],[-157.7370429465408,21.323197845676265],[-157.73711983601805,21.323225525158385],[-157.73720263398823,21.323266798597558],[-157.73733099178122,21.323335515189747],[-157.73746677228237,21.323381704132135],[-157.73753153305296,21.32341832513222],[-157.73765421437443,21.32344634821062],[-157.73776002383207,21.323474243635182],[-157.73789611449746,21.32348430165588],[-157.73798995250368,21.323503073393052],[-157.73807803353628,21.323490184891348],[-157.7381430281033,21.32349970637632],[-157.73822473921,21.32352742155402],[-157.7383017439656,21.323541549950917],[-157.73838959532685,21.32355575970278],[-157.73847134318856,21.323578958198688],[-157.73856510220844,21.323606764515798],[-157.7386540438853,21.323634533738446],[-157.7387417776431,21.32366229295062],[-157.73881283628492,21.323667342830355],[-157.73890663499338,21.323690631514772],[-157.7390063037988,21.323732030636133],[-157.73908929648695,21.323750721333887],[-157.73917703137133,21.32377848033321],[-157.7392889458355,21.323797387817645],[-157.73937687268847,21.32380256394575],[-157.7394707120938,21.323821334882126],[-157.7395467444246,21.323808357086982],[-157.73962985197628,21.323813496953676],[-157.73968870576095,21.32383652324681],[-157.73979941336052,21.323855420445618],[-157.73991739190532,21.323869856127036],[-157.73998844878676,21.323874905502116],[-157.74011128523546,21.3238848624191],[-157.74018829040497,21.323898989969305],[-157.7402762193044,21.3239041656459],[-157.74046972832667,21.323964335272684],[-157.7405755773106,21.323987713316654],[-157.74065841529244,21.324024468564215],[-157.74071723081602,21.32405201016021],[-157.74082300285272,21.32408442116302],[-157.7408986894856,21.32411208905031],[-157.74099855180384,21.324130905157347],[-157.74114521854648,21.324172654973882],[-157.7412921183711,21.324187308056512],[-157.74135722712955,21.324183278641453],[-157.74147419265324,21.324175121441442],[-157.741539303318,21.324171093776407],[-157.74164515265576,21.324194471161956],[-157.7417101488023,21.324203991300777],[-157.74181576720477,21.324254467920685],[-157.74206875568143,21.324405415945154],[-157.74213340458903,21.324455584932004],[-157.7422621497838,21.324479132334524],[-157.7423918701712,21.324529788909725],[-157.74266841125385,21.32460412948554],[-157.742809092073,21.3246413171785],[-157.7429438264236,21.324669426603673],[-157.74306786702726,21.324679387687443],[-157.74333764263625,21.324699473546367],[-157.7434437628014,21.324691234827075],[-157.74361472474834,21.324710580785975],[-157.74381452988635,21.324739177584245],[-157.74393099521748,21.324789731252523],[-157.74403751249358,21.32487634801507],[-157.7442255865058,21.325008741480033],[-157.74436600019447,21.325077542030947],[-157.74446096653114,21.325105354156502],[-157.7445548834233,21.325115090098812],[-157.74467791443865,21.325102459138378],[-157.74486559273572,21.325139995154476],[-157.7451361119452,21.32521428770963],[-157.74547742159558,21.3253252401727],[-157.74580641128685,21.32546771890276],[-157.74610581544113,21.325546739560142],[-157.74646489423927,21.325693957402393],[-157.74665253644946,21.325736008954646],[-157.74682342254195,21.325764384849418],[-157.74703516582215,21.32580661743931],[-157.74714610805046,21.32579841144187],[-157.74739337413604,21.32577315554037],[-157.74752246934676,21.32575605264864],[-157.74766894823088,21.325820379764494],[-157.74777562182217,21.325888928028178],[-157.7479572949417,21.32606643833339],[-157.74809908444527,21.3262572011137],[-157.74839288176892,21.326571051452987],[-157.7485922863635,21.326789345706512],[-157.74870456539693,21.326907617809635],[-157.7488809045216,21.327003786860725],[-157.74907979535885,21.32714077341124],[-157.7491924195474,21.32721839791281],[-157.74932704386617,21.327260052099167],[-157.74946780571918,21.327288200374557],[-157.74966178355265,21.32729416459598],[-157.74979663669203,21.327308718996058],[-157.7500434862332,21.327333141577174],[-157.75024446825492,21.327366255621072],[-157.75042026076247,21.327385631629888],[-157.750596987887,21.327436632382813],[-157.75115538922873,21.327531122278323],[-157.75139587292676,21.327596146399156],[-157.75158958876628,21.327633721746565],[-157.75169548457094,21.32765257554703],[-157.75197826217595,21.327704361435643],[-157.75225998955935,21.327738072539567],[-157.75246579321444,21.3277712197557],[-157.75281816246158,21.327859656442357],[-157.7529478173539,21.327919339254024],[-157.75302452471794,21.327969593700974],[-157.753099872451,21.3280379054585],[-157.75315955379463,21.32810609917991],[-157.7532008932892,21.328205776651494],[-157.75323526732586,21.32827378354998],[-157.7533005928476,21.328387187659416],[-157.75334107077992,21.328446206995746],[-157.75340079053174,21.328509885874084],[-157.75345339504787,21.328559961398337],[-157.75359976893785,21.32863783333978],[-157.75367068017627,21.328660943390883],[-157.75373564115225,21.328674977390445],[-157.75380052683988,21.32869804271588],[-157.75387019296494,21.32872565940895],[-157.75399992535435,21.328776306503894],[-157.75408830147995,21.3288718155651],[-157.75415864096377,21.328962674050366],[-157.75423481358735,21.329076158221547],[-157.7543171644274,21.329171622519567],[-157.7544000500726,21.329203853825437],[-157.75446376910466,21.32922239340408],[-157.75459353928892,21.329268525292672],[-157.7546704375436,21.329296196154512],[-157.7547459029906,21.32935095751955],[-157.7547937249193,21.329396480362657],[-157.75484583577796,21.32950526917719],[-157.7548989974726,21.329632133195584],[-157.75494662900695,21.329700237979065],[-157.75498714605732,21.32975474038329],[-157.75503485387287,21.329813812895086],[-157.7550691929408,21.329886335152853],[-157.75512845680532,21.330004210583382],[-157.75519883362753,21.33009055208812],[-157.75526416142023,21.330203956426743],[-157.7553225642498,21.330281175497568],[-157.75538123477256,21.330326778519996],[-157.75542785208918,21.330372290472486],[-157.75549842164637,21.330436048994862],[-157.75562766002332,21.330545410419028],[-157.7557872545172,21.33062789529804],[-157.7559459886908,21.33066972283331],[-157.75603983696834,21.330688484835445],[-157.75610969677396,21.330693518688516],[-157.75617462084668,21.330712068374964],[-157.7562634944363,21.330748860881425],[-157.7563332781487,21.33076292779968],[-157.75640422894753,21.330781520184097],[-157.75651600119605,21.330818483782103],[-157.75664472252396,21.330846537155562],[-157.75673374950875,21.3308652631143],[-157.75682778828045,21.330861443598664],[-157.7569156482147,21.330875643970227],[-157.75699744538036,21.330894318129776],[-157.7570805618562,21.330899449617032],[-157.75722144599737,21.33091404191071],[-157.75733228066412,21.330919380018162],[-157.7574502311091,21.330938321238648],[-157.75754415585476,21.330948049257405],[-157.757661878211,21.330994088007174],[-157.75780938596424,21.331080998554626],[-157.75789690493434,21.331135847657038],[-157.75798555018434,21.331199738762002],[-157.75805615930568,21.331258978793137],[-157.75813765276706,21.331313783255627],[-157.75824433735812,21.331382324373557],[-157.75831498467306,21.33143704862609],[-157.7584261109303,21.331550791067937],[-157.7585324947099,21.331655464689206],[-157.7586318348901,21.331737499206124],[-157.75872549426907,21.33177884447118],[-157.75883120325332,21.33182027685824],[-157.75890810371413,21.33184794587632],[-157.75898398996418,21.331853023058656],[-157.7590490678715,21.331853505352544],[-157.75915508183903,21.331858804890192],[-157.75921906854947,21.331845728473798],[-157.75929032412392,21.331828187018893],[-157.75936041346205,21.331806121868397],[-157.7594256812464,21.3317840192941],[-157.75949569362945,21.331770988147433],[-157.75964878419805,21.33176760288838],[-157.7598489514137,21.331755529306506],[-157.7599077758088,21.331783066308983],[-157.7599604207692,21.331828620640973],[-157.76001310466043,21.33186966109095],[-157.76011866422846,21.331929159038886],[-157.76019549006523,21.331965862464067],[-157.76027709860185,21.332007116189306],[-157.76036009917485,21.33202579582179],[-157.76048886038046,21.332049329748916],[-157.76062466185604,21.332095501622135],[-157.76074743536176,21.332114474338365],[-157.76081857614486,21.332110483788473],[-157.76090674171962,21.332088549450713],[-157.7609949062913,21.332066616864896],[-157.76106499458012,21.33204454918338],[-157.76114130012058,21.331999944777333],[-157.76122347678677,21.331973451067398],[-157.76133574518633,21.331951695944795],[-157.76143607484823,21.331916302173855],[-157.7615241264996,21.331907917261027],[-157.76164110071554,21.33189974810565],[-157.76171216656104,21.33190478854524],[-157.76177099142083,21.33193232220483],[-157.76187670243826,21.331973752729322],[-157.76195247522105,21.331992380147263],[-157.76202926371226,21.332033597538196],[-157.7621051492788,21.332038673313658],[-157.7621942147545,21.33205287985093],[-157.76232926922123,21.33204484246555],[-157.7624234214611,21.332027470077577],[-157.76248744592124,21.332009874011618],[-157.7625986974774,21.33196552711936],[-157.76272896720837,21.331952937315837],[-157.76280466341737,21.33198059571781],[-157.7629343651611,21.33203575187745],[-157.76301593478132,21.332081520886042],[-157.76316947370609,21.332168473083964],[-157.76328102083693,21.332232530031927],[-157.76339279615638,21.33226948738017],[-157.7635223848347,21.33233819377937],[-157.76364609829315,21.332388789392784],[-157.7637806572595,21.33243946468809],[-157.76399825940217,21.332504302994348],[-157.7641102243009,21.332518676026755],[-157.7642688885755,21.332569529996462],[-157.76436270057508,21.332592804040274],[-157.76444457548465,21.33260243967425],[-157.764556617097,21.332607781949235],[-157.76465656840153,21.332617550350303],[-157.76473867021846,21.33260008809958],[-157.76481459404744,21.33260064607802],[-157.76489771195224,21.33260577556423],[-157.76497382578478,21.3325837505179],[-157.76510304104605,21.3325530845632],[-157.76523843323395,21.332504395500962],[-157.7653678402513,21.33245114549052],[-157.7654731789957,21.332393201726266],[-157.76559151080502,21.33236697141231],[-157.7657614365335,21.33236822111405],[-157.76589046259147,21.33236013660119],[-157.76600856768565,21.33236100374535],[-157.76617239212484,21.332371241979644],[-157.7662495975143,21.332362776776172],[-157.76634951105748,21.332377060762386],[-157.76641327095257,21.33239107934814],[-157.76650241462676,21.332396250456444],[-157.76659027666287,21.332410447663264],[-157.76665520400041,21.332428991597784],[-157.76674306705416,21.33244318692676],[-157.7668670083084,21.332466682460794],[-157.76695502239295,21.3324628112991],[-157.76705497382213,21.332472580083273],[-157.76718377450368,21.33249159235388],[-157.7672838014459,21.332492327811558],[-157.76737780359284,21.332493017219196],[-157.7674538783484,21.33247550942434],[-157.7675360175723,21.33245352738358],[-157.76759525880692,21.33243137921349],[-157.7676486619053,21.332386603849876],[-157.76777787753565,21.332355933099443],[-157.76790697898986,21.33233881383802],[-157.76798896721183,21.332334899764394],[-157.7680541973792,21.332317310393204],[-157.76813629870878,21.33229984735754],[-157.7682244635069,21.332277910940217],[-157.7682945123145,21.332260356787085],[-157.76839480401304,21.33222947539697],[-157.76847686662205,21.33221652607161],[-157.76859470783756,21.332249009388537],[-157.76868223179707,21.33230385309423],[-157.76878888468133,21.332376901670564],[-157.76886420648452,21.332449723401467],[-157.76893482079015,21.332508959996872],[-157.7689887136871,21.332550006596325],[-157.76909431244616,21.33260498247977],[-157.76918778724428,21.33266890326714],[-157.76923561680402,21.332714422265333],[-157.7692883423778,21.332750943351073],[-157.76935206413637,21.332769477434738],[-157.76942294248965,21.332797097643272],[-157.76952282003242,21.332815896377667],[-157.7696228849472,21.332812113854295],[-157.7696880765271,21.332799042250105],[-157.76979921383494,21.332768237609173],[-157.76985849255982,21.33274157203139],[-157.76993456819173,21.33272406130635],[-157.7700407341442,21.332711289429223],[-157.77012878601695,21.332702901814205],[-157.7702048616033,21.332685390964205],[-157.77033995131922,21.332672830525624],[-157.77041082983493,21.332700450324438],[-157.77047575689548,21.33271899280441],[-157.7705576324379,21.332728625482304],[-157.7706164970659,21.332751640440183],[-157.77074620173806,21.332806793442014],[-157.77081591287018,21.33282988766025],[-157.77093996911185,21.33283982863033],[-157.77100380400208,21.332844814099477],[-157.77108688482292,21.33285445533674],[-157.77115173777798,21.332882030774382],[-157.77124555125602,21.33290530284338],[-157.771304376532,21.332932834156907],[-157.77139265582377,21.3330418818476],[-157.77147517266582,21.3331192719416],[-157.77155652108797,21.333192134773434],[-157.77161519805037,21.333237732411604],[-157.7717100280462,21.33328359424481],[-157.77179759144488,21.333333919803433],[-157.77190319380614,21.333388895814892],[-157.77202687471217,21.33344400204379],[-157.772133532076,21.333517050427872],[-157.7722559309164,21.333581180885783],[-157.7723510282807,21.33359542617561],[-157.77253944750362,21.3336916568106],[-157.77263277426584,21.333773642196334],[-157.7727263631686,21.33382401129543],[-157.7729855559354,21.334105947575022],[-157.77340304019742,21.33448389329441],[-157.77377291915502,21.334644683194494],[-157.7738664724442,21.33469956831183],[-157.77407790700357,21.334782416384485],[-157.7742547693337,21.334964379806845],[-157.77446658522146,21.33514659885301],[-157.77456616403958,21.335201527540463],[-157.77476562392818,21.335275251904054],[-157.77538321531824,21.335650136675326],[-157.7756060657975,21.335809851271243],[-157.7758178028579,21.335856564397766],[-157.77622929618738,21.335796330432803],[-157.77652306304813,21.335834606226616],[-157.77672312315127,21.335836064385408],[-157.77701646849548,21.33577948351461],[-157.7771808990063,21.33571744727499],[-157.77763966148862,21.335770474043905],[-157.7778517753895,21.33577201852811],[-157.77819231056677,21.335693195228345],[-157.77861566767592,21.335655626035468],[-157.77890340724164,21.33569385387555],[-157.7794909098724,21.33591944995399],[-157.7799085590552,21.33613477810703],[-157.78053729455183,21.33618451590775],[-157.78072493019798,21.336231048040183],[-157.78093151411133,21.33631836760447],[-157.78102488374117,21.336395831079546],[-157.781818269107,21.33679455518297],[-157.7822938475946,21.337001262857225],[-157.78258273217753,21.337193063459726],[-157.78264703027193,21.3372883839332],[-157.7829405022182,21.33780091183785],[-157.78314641809638,21.337969527078894],[-157.78324005171567,21.33801537398336],[-157.7834401284469,21.338161363058976],[-157.7837571970385,21.338443702712038],[-157.78383946288534,21.33855270348614],[-157.78406926172815,21.338748592760876],[-157.7842690285406,21.3387861732904],[-157.78446197455025,21.338774022059265],[-157.7846627978747,21.33882967733308],[-157.7848095871644,21.339006896787055],[-157.78485615668725,21.339205973161995],[-157.78487395275795,21.339386775695683],[-157.784903264671,21.339486356556424],[-157.78508489277024,21.339677379299342],[-157.78520222336826,21.33977308050164],[-157.78552633101017,21.33993351546702],[-157.78587281718694,21.340157347119227],[-157.78600182917722,21.340298302927785],[-157.78631293417467,21.340720616838347],[-157.78652536730036,21.34083055657772],[-157.78686574125365,21.34091883718355],[-157.7870536452495,21.340933746230007],[-157.7872650968761,21.34101657752375],[-157.7874007482088,21.34122984873569],[-157.78757101073288,21.341777613390892],[-157.78758823531112,21.341881626228673],[-157.78779971943658,21.342547124637466],[-157.78792839928005,21.34272872872907],[-157.78813429066767,21.342901853177462],[-157.78822906004459,21.342956741249374],[-157.78829340134504,21.34304754135868],[-157.78833461833412,21.343165276039247],[-157.78832875820788,21.343291704987532],[-157.78822871927716,21.34358457522193],[-157.78821091780532,21.343697367347453],[-157.78816302005154,21.343805425492032],[-157.78815205827016,21.34411248881675],[-157.7882984828064,21.34462846440566],[-157.7883279620361,21.34485451894648],[-157.78829222393637,21.345536300199736],[-157.78831613985483,21.34585264882837],[-157.78850916400307,21.346418646146397],[-157.78857938290636,21.346527556134188],[-157.78869202916874,21.34675421032341],[-157.78871531845627,21.34685374988087],[-157.7887148149125,21.34706151967069],[-157.78862064982007,21.34737250166928],[-157.78862059334935,21.347526073772396],[-157.78864975876408,21.347643722371114],[-157.78881449314588,21.347839134762676],[-157.7888618494486,21.347943364718216],[-157.78886713383304,21.348033738846016],[-157.7888499808305,21.34821428993298],[-157.78859064968793,21.348822190272713],[-157.78854931503338,21.349011597065523],[-157.7885724931508,21.34912468649825],[-157.78868426794585,21.349310683306385],[-157.78877275429994,21.349397142325007],[-157.78885487931007,21.349524206546917],[-157.78903765841852,21.349724267582395],[-157.78913767697165,21.34987404603896],[-157.78921311018988,21.350082364093875],[-157.78921902183336,21.350389551681484],[-157.78916607861433,21.35081826832468],[-157.78910180489095,21.3510120285447],[-157.78903111635313,21.351106371796135],[-157.7889891707937,21.35122350670782],[-157.78898952073845,21.35132739589812],[-157.7889369879101,21.351412837126325],[-157.78889535244844,21.351931971110286],[-157.78892459298027,21.352040587311915],[-157.78893019208795,21.352239369023636],[-157.78898299854387,21.352560444434896],[-157.78897789816548,21.35274108233287],[-157.78893085062094,21.353038852355013],[-157.78885670913434,21.35325964255762],[-157.78874285087304,21.353326572955964],[-157.78860775839144,21.353483686075943],[-157.78849013629323,21.35356865669432],[-157.78830781231943,21.35375252924818],[-157.78812572570396,21.354053841471625],[-157.78804282950588,21.354459758622074],[-157.78806086808095,21.3547579988454],[-157.78801398122374,21.355182241533914],[-157.7878722591359,21.355705171187857],[-157.78781968490793,21.355795127619185],[-157.78785385910555,21.355890227105768],[-157.78786566821745,21.356066468204034],[-157.78794833443726,21.356274841655367],[-157.78792468771076,21.356365006896564],[-157.78794825237466,21.35657746792434],[-157.78802429587526,21.35685806191171],[-157.78801266751924,21.356952829881823],[-157.78805414950898,21.35703895010981],[-157.78807689817344,21.357350774909893],[-157.78813538171633,21.357568005708977],[-157.7881651741781,21.357902467559416],[-157.7881241496524,21.35820028232292],[-157.7879590082103,21.358492681600477],[-157.78790064541985,21.35870003521831],[-157.787923935626,21.35879957390814],[-157.78789400140636,21.358921311909626],[-157.78788227040857,21.359467763955564],[-157.78791178790416,21.359689299867018],[-157.7878769223574,21.359824552899823],[-157.78795321071888,21.359928991960498],[-157.78798237943516,21.360046641513907],[-157.78801782814747,21.360426311168947],[-157.78821114193582,21.361105231906663],[-157.78821645042365,21.361778277805673],[-157.78825781646947,21.36217154073698],[-157.78831196309494,21.362330022460604],[-157.78846296805912,21.362584055009226],[-157.7891686391247,21.363406697473057],[-157.7892209721978,21.363492894808562],[-157.789579477581,21.363874898307397],[-157.78973782914107,21.3641154321319],[-157.78989662739642,21.364301769136194],[-157.79013145955045,21.364624157825375],[-157.79031449721163,21.36494165701115],[-157.79034389117066,21.365032205613776],[-157.7904909882813,21.365322344333354],[-157.7906196528662,21.365508460889398],[-157.79087177240837,21.365781290158296],[-157.790919248436,21.365871969818095],[-157.79162481631909,21.366270020256593],[-157.79177761115844,21.366307255174615],[-157.79235983922192,21.366605043362448],[-157.79275327864144,21.366698214756546],[-157.79273577303363,21.366774874125966],[-157.79273531058274,21.366978128897813],[-157.79297641850198,21.36712440228125],[-157.79307081566157,21.3670799148779],[-157.79311717695828,21.367012494908792],[-157.7931705868116,21.36696771184356],[-157.79324081562984,21.366783026164303],[-157.79334752406572,21.366707007980796],[-157.79363475148318,21.366668424964974],[-157.79372855440852,21.366696199495046],[-157.79379411422343,21.366787008365943],[-157.79384669301797,21.36699064433511],[-157.7939059668871,21.367113024409342],[-157.79413406027749,21.36737664176406],[-157.79422289402643,21.367422448795814],[-157.79521984369035,21.367718693643663],[-157.7975530807621,21.3682413297346],[-157.79774167357792,21.368323986526523],[-157.79784756894662,21.36834733125264],[-157.79818257599703,21.36836328453836],[-157.79895276440428,21.36823330318245],[-157.79934060144325,21.368127679632615],[-157.7995818400127,21.36811134018698],[-157.80066963327684,21.368209468522195],[-157.80088073439742,21.368192912771853],[-157.80131586771873,21.3682005430764],[-157.80243964368591,21.36832150145532],[-157.80253344955014,21.368349273895976],[-157.80283342473547,21.36837400178598],[-157.80294443763788,21.368361244639885],[-157.8035447196071,21.368370048695564],[-157.80447928234798,21.36833607008096],[-157.8053251855211,21.368382755847584],[-157.80543137836645,21.368369962740715],[-157.80564916711282,21.368272144339766],[-157.80576076675138,21.36818711996344],[-157.8059604730494,21.368089174289707],[-157.8061545903306,21.36808603995563],[-157.8065365009026,21.368115862678764],[-157.8069782824586,21.36819579602399],[-157.80716582193608,21.368260367327576],[-157.8073600072455,21.368397255206922],[-157.80762998762447,21.368850861893208],[-157.80785314096542,21.369132494148285],[-157.8080477321101,21.36921969912788],[-157.80844122588644,21.369308319660764],[-157.80874745212645,21.369305980035588],[-157.80897013530202,21.369348216103763],[-157.8094112284102,21.36951395684311],[-157.80964622125327,21.369673717099054],[-157.8097179293619,21.369751013044777],[-157.80988753496882,21.36994644270909],[-157.8102631703718,21.370305942321487],[-157.81042795538895,21.37050133730946],[-157.8104814725627,21.370592053837775],[-157.81049875220606,21.370691548246324],[-157.81043960987327,21.371147330289542],[-157.81027968339671,21.37184179025201],[-157.81027405855247,21.371941122300846],[-157.81040347714938,21.37278218230519],[-157.8104447899419,21.3731889957076],[-157.81069636854366,21.37398123718296],[-157.81076120831858,21.374311430752698],[-157.81067298241226,21.37478507778535],[-157.8106785332979,21.374992893830903],[-157.8107320473903,21.375381725972783],[-157.81100179087025,21.375866948955697],[-157.81110232297976,21.375957999350163],[-157.81115467137818,21.37604419322666],[-157.81169558609267,21.376540373586764],[-157.81219489655794,21.3771130433953],[-157.81235464766507,21.377335504343947],[-157.81274849688572,21.377979695742702],[-157.8129178950925,21.37820222446393],[-157.81321288967095,21.378398541808583],[-157.81357046493008,21.37875791070584],[-157.8139292822613,21.378963711053355],[-157.81408870863575,21.379077762434598],[-157.81414073234836,21.37920460532433],[-157.8142471882605,21.379309248359796],[-157.8145405052202,21.379415213508118],[-157.81492895357425,21.37968445968169],[-157.81503519224322,21.37981620034915],[-157.81525840435626,21.379944253692315],[-157.81535773630557,21.380035295038418],[-157.81541717660792,21.380139602693724],[-157.8156050655916,21.380312575277596],[-157.8158755534386,21.380409343217767],[-157.8161874689,21.380601258124678],[-157.81634602212304,21.38067464823705],[-157.81645766618016,21.380734157472858],[-157.8166631261391,21.380821431625144],[-157.8169101985959,21.380981269523673],[-157.8176101670303,21.38119399096561],[-157.81784540309593,21.38132664176184],[-157.81802716078192,21.38151311749934],[-157.81812068622875,21.381577014932166],[-157.81842650075342,21.381628858658992],[-157.81873846046014,21.38181625423303],[-157.81893822365055,21.381862830679022],[-157.81913276212177,21.38195905884831],[-157.81926209350507,21.382068376810107],[-157.81947359310118,21.382304748225003],[-157.81973735908096,21.382338226093005],[-157.82003719375183,21.38253456516909],[-157.8201733234151,21.382698133226448],[-157.82035504765315,21.382889123269788],[-157.82052555096143,21.38297614435497],[-157.82079662728128,21.383000639989177],[-157.82121336833097,21.38320231839495],[-157.82134825020032,21.383221335575612],[-157.82164906634878,21.38329572304167],[-157.82185482442497,21.383346857851922],[-157.8222601646256,21.383467149221815],[-157.82235365708763,21.383535561082116],[-157.82257135473276,21.38405202011336],[-157.82275419128885,21.38440562533542],[-157.8228835266003,21.384514940689808],[-157.82317671625458,21.38463895988804],[-157.82345379630803,21.38481706767712],[-157.82370064256966,21.38515757286494],[-157.8237529293558,21.385252793822847],[-157.82378811906253,21.385374997276273],[-157.82382415531944,21.38554237761412],[-157.823870653543,21.385908572838755],[-157.8238765837026,21.386071223347148],[-157.82394710810112,21.386749253196633],[-157.8240584219481,21.387152039905324],[-157.82416997745554,21.38737415257171],[-157.82438839949688,21.38765121900656],[-157.82478741498457,21.387961171745175],[-157.8249762392037,21.3881702763653],[-157.8251931942395,21.388329890860092],[-157.8252990856998,21.388506794022604],[-157.82517011981653,21.388953060778945],[-157.82486388789823,21.389402600555723],[-157.8247056484002,21.38974025578407],[-157.82465284116137,21.390010898733095],[-157.8247117235878,21.39033653004808],[-157.8248525206909,21.390671769161727],[-157.8249173126479,21.390861933510905],[-157.82490519505754,21.39101994057456],[-157.82491722674794,21.39117359902603],[-157.82495823235988,21.39132294447405],[-157.82498147778367,21.391431515066326],[-157.82511130298823,21.39163116971383],[-157.82526925660855,21.391781336162754],[-157.82534594940148,21.3918405950435],[-157.82547584853424,21.39203121702683],[-157.8255218939671,21.392153497073384],[-157.82552847691713,21.39223484761847],[-157.82549309139657,21.39243785909101],[-157.8253278310918,21.392748364069494],[-157.82517563982213,21.392932489561478],[-157.82489931055608,21.393260281738005],[-157.82484656327492,21.3933728331042],[-157.82484555092995,21.393499298642755],[-157.82492219526833,21.393865705600664],[-157.8248983832156,21.393978460630287],[-157.82468144400025,21.394116959107212],[-157.8244574641704,21.394381883245888],[-157.8242286237153,21.394651287164862],[-157.8240701949804,21.395011524538912],[-157.82399900886202,21.395318174293994],[-157.824005227927,21.395444691390004],[-157.82407499979226,21.395765881313793],[-157.8241807021152,21.395816309480303],[-157.8244580499439,21.395813743523128],[-157.8247866985864,21.395879288521577],[-157.82493382906543,21.39587580726341],[-157.82513975020115,21.395908871292995],[-157.82522758591222,21.395932073066646],[-157.8258164716351,21.395872972820577],[-157.82625732245552,21.395930269520157],[-157.82707973167268,21.396071548019066],[-157.82765617912537,21.396211096702718],[-157.82776827260565,21.396216399111914],[-157.8281567412916,21.396341078383966],[-157.82859775422062,21.396529360678983],[-157.82877299505824,21.39662996059706],[-157.82892010631966,21.396780048136556],[-157.82902690994123,21.396844033577548],[-157.8293201672583,21.396963526568605],[-157.82939080084336,21.39702725653482],[-157.82948493465324,21.397167939903323],[-157.82953220994384,21.39743928576763],[-157.82969689190998,21.398108941518515],[-157.8297902728074,21.398344474704185],[-157.82986774621136,21.398457939204683],[-157.830319910568,21.398610161559823],[-157.8305850068881,21.39878365720955],[-157.83101998955036,21.399125467483614],[-157.83119636910496,21.399235106794286],[-157.83140193774864,21.39931333096681],[-157.83166091768265,21.3993467597446],[-157.83219529285788,21.39947244857671],[-157.83240178122873,21.39958681330289],[-157.8327312897467,21.399697518325834],[-157.83297189794763,21.399766952549435],[-157.8331839271659,21.399791016544143],[-157.83346631913776,21.39976136865075],[-157.83356036745653,21.399762024817964],[-157.83404757809947,21.399905447384345],[-157.83428953634177,21.399956819653994],[-157.8344307856527,21.399935220731834],[-157.83465956587094,21.399823892626987],[-157.83498937607555,21.399744885620382],[-157.83512441753135,21.39974582576149],[-157.83532378163432,21.399846588528813],[-157.83552364682205,21.399884115842838],[-157.83583526345194,21.39981853155595],[-157.83598229183832,21.399828588087583],[-157.83611208144126,21.39988369403733],[-157.83617625981444,21.4000015813481],[-157.83625916977982,21.400038294062817],[-157.83655875352613,21.400121682446056],[-157.83684142249652,21.40020947077885],[-157.83694085489105,21.40029146702622],[-157.837234713971,21.4006413138839],[-157.8373408446446,21.40079110930981],[-157.83745318378774,21.40091836401481]]]},"properties":{"moku":"Kona","mokupuni":"O'ahu","other":"O'ahu","gisacres":43457.303184469994}}]}